longitude,latitude,tipo,valor,via
-47.318934,-0.646778,maxheight,6.5,
-47.318983,-0.647006,maxheight,6.5,
-46.773010,-1.062757,maxweight,0.01,Rua São Pedro
-46.773060,-1.063011,maxweight,0.01,Rua São Pedro
-46.940859,-1.080888,maxwidth,1.2,
-47.114950,-1.245765,maxwidth,4,
-48.441796,-1.326237,maxheight,8,
-48.441895,-1.326243,maxheight,8,
-48.245381,-1.340659,maxheight,5.5,
-48.453219,-1.354666,maxheight,5,Rua Netuno
-48.452799,-1.355136,maxheight,2.5,
-48.443960,-1.371241,maxheight,5.5,Avenida Augusto Montenegro
-48.444013,-1.371402,maxheight,5,Avenida Augusto Montenegro
-48.443128,-1.372510,maxheight,4.5,
-48.442870,-1.372962,maxheight,5.5,Avenida Augusto Montenegro
-48.442980,-1.373020,maxheight,5,Avenida Augusto Montenegro
-48.442714,-1.373084,maxheight,4.5,
-48.442099,-1.374458,maxheight,5,Avenida Augusto Montenegro
-48.422236,-1.379367,maxheight,4.5,Passagem Tapajós
-48.409951,-1.387512,maxheight,4,Rodovia BR-316
-48.414332,-1.390028,maxheight,5,Rodovia BR-316
-48.415473,-1.390979,maxheight,4,Rodovia BR-316
-48.435231,-1.406638,maxheight,5.5,Avenida Almirante Barroso
-48.435132,-1.406727,maxheight,5.5,Avenida Almirante Barroso
-48.473915,-1.422323,maxheight,3.5,Passagem Bom Jardim
-48.487552,-1.447586,maxheight,2,
-45.546674,-1.448617,maxweight,7000,MA-301
-54.735699,-1.947553,maxheight,5.5,Desvio da José Leite de Melo
-38.766217,-10.547765,maxheight,2,BA-220
-38.740425,-10.548614,maxheight,2,BA-220
-38.737764,-10.549604,maxheight,2,Avenida de Junco
-38.736135,-10.550780,maxheight,2,BA-220
-38.776198,-10.550899,maxheight,2,BA-220
-38.791353,-10.552669,maxheight,2,BA-220
-38.706111,-10.557204,maxheight,2,BA-220
-38.646640,-10.564924,maxheight,2,Estrada Para Pedra Furada
-38.614921,-10.579609,maxheight,2,Rua Ricardo Ferreira
-38.537517,-10.836189,maxheight,5,Avenida Oliveira Brito
-38.540963,-10.836312,maxheight,5,Avenida Oliveira Brito
-38.536378,-10.836341,maxheight,5,Avenida Evência Brito
-37.136407,-10.849619,maxheight,5.5,SE-090
-37.077233,-10.852127,maxheight,2.6,
-37.078296,-10.852133,maxheight,2.6,
-37.133170,-10.884303,maxheight,5.5,Rodovia Padre Pedro
-37.133611,-10.884348,maxheight,5.5,Rodovia Padre Pedro
-37.133181,-10.884367,maxheight,5.5,Rodovia Padre Pedro
-37.133088,-10.885864,maxheight,5.5,Rodovia Governador Mário Covas
-61.930613,-10.892486,maxheight,6,
-61.930687,-10.892677,maxheight,6,
-37.131778,-10.901289,maxheight,5.5,Rodovia Governador Mário Covas
-37.132333,-10.902002,maxheight,5.5,
-37.131442,-10.902268,maxheight,5.5,
-37.133150,-10.902440,maxheight,5.5,Rodovia Governador Mário Covas
-37.130966,-10.902497,maxheight,5.5,
-37.132096,-10.902818,maxheight,5.5,Avenida Chanceler Osvaldo Aranha
-37.131535,-10.903017,maxheight,5.5,Viaduto Sobre
-37.131625,-10.903028,maxheight,5.5,Viaduto Sobre
-37.131189,-10.903174,maxheight,5.5,Rodovia Governador Mário Covas
-37.130123,-10.903294,maxheight,5.5,Avenida Chanceler Osvaldo Aranha
-37.028312,-10.903296,maxheight,6,Rodovia José de Campos
-37.131587,-10.903585,maxheight,5.5,Rodovia Governador Mário Covas
-37.132362,-10.903697,maxheight,5.5,
-37.128933,-10.903716,maxheight,5.5,Avenida Chanceler Osvaldo Aranha
-37.024351,-10.909215,maxheight,3,Estacionamento para Moradores
-37.024946,-10.909221,maxheight,3,
-37.025265,-10.909814,maxheight,3,
-37.024635,-10.909883,maxheight,3,
-37.077201,-10.919868,maxwidth,2,
-37.082613,-10.933632,maxheight,5.5,Avenida Presidente Tancredo Neves
-37.080274,-10.939005,maxheight,5.5,Avenida Presidente Tancredo Neves
-37.076872,-10.939130,maxheight,5,Avenida Augusto Franco
-37.063785,-10.939570,maxheight,2.2,
-37.077520,-10.941885,maxheight,5,Avenida Augusto Franco
-37.077357,-10.942627,maxheight,5,Avenida Augusto Franco
-62.381517,-10.944458,maxweight,5,
-62.398352,-10.946613,maxweight,5,
-37.066669,-10.950945,maxheight,5.5,Avenida Iolanda Pinto de Jesus
-37.066828,-10.950947,maxheight,5.5,Avenida Iolanda Pinto de Jesus
-37.049137,-10.988707,maxheight,2.6,
-68.752239,-11.026661,maxheight,5,Avenida Internacional
-37.371661,-11.038517,maxheight,5.5,Rodovia Lourival Baptista
-37.364780,-11.042180,maxheight,5.5,Rodovia Governador Mário Covas
-37.366226,-11.042528,maxheight,5.5,Rodovia Lourival Baptista
-37.364846,-11.043633,maxheight,5.5,Rodovia Governador Mário Covas
-37.364947,-11.044396,maxheight,5.5,Rodovia Governador Mário Covas
-37.364895,-11.045093,maxheight,5.5,Rodovia Governador Mário Covas
-37.365037,-11.047301,maxheight,5.5,Rodovia Governador Mário Covas
-37.298284,-11.050956,maxweight,23,Rodovia Umberto Mandarino
-37.365026,-11.052849,maxheight,5.5,Rodovia Governador Mário Covas
-37.363849,-11.058190,maxheight,5.5,Rodovia Governador Mário Covas
-37.364611,-11.059192,maxheight,5.5,Rodovia Governador Mário Covas
-37.364227,-11.069203,maxheight,5.5,Rodovia Governador Mário Covas
-37.362578,-11.071256,maxheight,5.5,Rodovia Governador Mário Covas
-37.364168,-11.074876,maxheight,5.5,Rodovia Governador Mário Covas
-37.268498,-11.075782,maxweight,23,Rodovia Umberto Mandarino
-37.267971,-11.081739,maxweight,23,Rodovia Umberto Mandarino
-37.268525,-11.087686,maxweight,23,Rodovia Umberto Mandarino
-37.245405,-11.140096,maxweight,23,Rodovia Umberto Mandarino
-38.000901,-11.187129,maxweight,10,Avenida Getúlio Vargas
-38.002471,-11.190223,maxweight,10,Avenida Getúlio Vargas
-38.002859,-11.191045,maxweight,10,Avenida Getúlio Vargas
-38.003247,-11.191837,maxweight,10,Avenida Getúlio Vargas
-55.796409,-11.241157,maxheight,1.8,
-40.295143,-11.417801,maxheight,5,Rua Manoel Roque Rodrigues
-40.298571,-11.418100,maxheight,5,Rua Manoel Roque Rodrigues
-40.298853,-11.418126,maxheight,5,Rua Manoel Roque Rodrigues
-69.306351,-11.463497,maxweight,60,Transoceánica
-37.568120,-11.539827,maxweight,24.65,
-69.241181,-11.653439,maxweight,60,Transoceánica
-45.824904,-11.885971,maxheight,2.5,
-45.801490,-11.969611,maxheight,2.5,Via de Acesso LEM - Estrada do café
-45.805064,-11.991702,maxheight,2.5,Via de Acesso LEM - Estrada do café
-45.801844,-12.018644,maxheight,2.5,Via de Acesso LEM - Estrada do café
-69.152381,-12.277567,maxweight,60,Transoceánica
-38.000698,-12.574817,maxwidth,1,
-38.000338,-12.574924,maxwidth,1,
-38.349910,-12.638744,maxheight,5.5,Via do Cobre
-38.078704,-12.646625,maxheight,5.8,Estrada do Coco
-38.079057,-12.647090,maxheight,5.8,Estrada do Coco
-38.370761,-12.672970,maxheight,6,Canal de Tráfego
-38.379064,-12.681554,maxheight,5.5,Canal de Tráfego
-38.238614,-12.682660,maxweight,7,Via Atlântica
-38.255453,-12.683749,maxweight,7,Via Atlântica
-38.258900,-12.683791,maxweight,7,Via Atlântica
-38.232546,-12.683894,maxweight,7,Via Atlântica
-38.232230,-12.684048,maxweight,7,Via Atlântica
-38.269830,-12.684264,maxweight,7,Via Atlântica
-38.231914,-12.684286,maxweight,7,Via Atlântica
-38.276283,-12.684352,maxweight,7,Via Atlântica
-38.231638,-12.684538,maxweight,7,Via Atlântica
-38.231411,-12.684772,maxweight,7,Via Atlântica
-38.229352,-12.687015,maxweight,7,Via Atlântica
-38.227272,-12.689284,maxweight,7,Via Atlântica
-38.226955,-12.689626,maxweight,7,Via Atlântica
-38.226594,-12.690014,maxweight,7,Via Atlântica
-38.304524,-12.702874,maxheight,5.5,Avenida Jorge Amado
-38.304496,-12.702993,maxheight,5.5,Avenida Jorge Amado
-38.193858,-12.706624,maxweight,7,Via Atlântica
-38.170816,-12.713479,maxweight,7,Via Atlântica
-38.155244,-12.718317,maxweight,7,Via Atlântica
-38.155361,-12.718436,maxweight,7,Via Atlântica
-38.154502,-12.718472,maxweight,7,
-38.155459,-12.719175,maxweight,7,
-38.308068,-12.722757,maxheight,5.5,Via Parafuso
-72.665700,-12.783622,maxweight,42,PE-28B
-38.218967,-12.793836,maxheight,5.5,Estrada do Coco
-72.681162,-12.797396,maxweight,42,PE-28B
-38.239427,-12.813222,maxweight,10,Rua Canto do Bosque
-38.241144,-12.814631,maxweight,10,Rua Canto do Bosque
-38.240509,-12.814846,maxweight,10,Rua Direita de Jauá
-38.240568,-12.814903,maxweight,10,Rua Direita de Jauá
-38.245311,-12.817644,maxweight,10,
-38.248343,-12.819468,maxheight,4.5,
-38.247986,-12.819750,maxweight,10,
-38.250911,-12.821246,maxheight,5.5,Estrada do Coco
-38.250841,-12.821349,maxheight,5.5,Estrada do Coco
-38.251401,-12.821589,maxheight,5.5,Estrada do Coco
-38.251499,-12.821658,maxheight,5.5,Estrada do Coco
-38.251313,-12.821705,maxheight,5.5,Estrada do Coco
-38.251411,-12.821777,maxheight,5.5,Estrada do Coco
-38.251951,-12.821978,maxheight,5.5,Estrada do Coco
-38.251990,-12.822176,maxheight,5.5,Estrada do Coco
-38.235284,-12.822204,maxweight,10,Rua Direita de Jauá
-38.399802,-12.822255,maxheight,5.5,Estrada CIA Aeroporto
-38.252978,-12.822839,maxheight,5.5,Estrada do Coco
-38.392762,-12.823675,maxheight,5.5,Estrada CIA Aeroporto
-38.254663,-12.823721,maxheight,5.5,Estrada do Coco
-38.392853,-12.823725,maxheight,5.5,Via Urbana
-38.392733,-12.823762,maxheight,5.5,Via Urbana
-38.256293,-12.824443,maxheight,5.5,Estrada do Coco
-38.259551,-12.825574,maxheight,5.5,Estrada do Coco
-38.231601,-12.826609,maxweight,10,Rua do Ocre
-38.231563,-12.826681,maxweight,10,Rua do Ocre
-38.262799,-12.826703,maxheight,5.5,Estrada do Coco
-38.232582,-12.827606,maxweight,10,Rua do Ocre
-38.230047,-12.829561,maxweight,10,Rua Direita de Jauá
-38.230079,-12.829581,maxweight,10,Rua Direita de Jauá
-38.234888,-12.830239,maxweight,10,Rua do Ocre
-38.237380,-12.831223,maxweight,10,
-38.236818,-12.831575,maxweight,10,
-38.377882,-12.831901,maxheight,5.5,Estrada CIA Aeroporto
-38.236901,-12.831942,maxweight,10,
-38.235842,-12.832289,maxweight,10,
-38.265266,-12.832876,maxheight,5.5,Estrada do Coco
-38.236619,-12.833386,maxweight,10,Alameda Bem Te Vi
-38.269951,-12.834423,maxheight,5.5,Estrada do Coco
-38.234342,-12.834475,maxweight,10,Alameda Bem Te Vi
-38.237610,-12.835265,maxweight,10,Rua do Canário
-38.362646,-12.839897,maxheight,5.5,Via Parafuso
-38.363046,-12.840284,maxheight,5.5,Via Parafuso
-38.362981,-12.840353,maxheight,5.5,Via Parafuso
-38.363295,-12.840522,maxheight,5.5,Via Parafuso
-38.362930,-12.840619,maxheight,5.5,Estrada CIA Aeroporto
-38.277041,-12.842544,maxheight,5.5,Estrada do Coco
-38.277585,-12.843423,maxheight,5.5,Estrada do Coco
-38.277927,-12.843982,maxheight,5.5,Estrada do Coco
-38.278408,-12.844079,maxheight,5.5,Estrada do Coco
-38.361958,-12.844599,maxheight,5.5,Estrada CIA Aeroporto
-38.361509,-12.847965,maxheight,5.5,Estrada CIA Aeroporto
-38.361504,-12.848050,maxheight,5.5,Estrada CIA Aeroporto
-38.361457,-12.848906,maxheight,5.5,Estrada CIA Aeroporto
-38.281306,-12.849878,maxheight,5.5,Estrada do Coco
-38.361759,-12.852479,maxheight,5.5,Estrada CIA Aeroporto
-38.284385,-12.853349,maxheight,5.5,Estrada do Coco
-38.284622,-12.855707,maxheight,5.5,Estrada do Coco
-72.699391,-12.855797,maxweight,10,PE-28B
-38.287311,-12.858955,maxheight,5.5,Estrada do Coco
-38.363167,-12.865586,maxheight,5.5,Estrada CIA Aeroporto
-38.783364,-12.872412,maxheight,4.4,Rua da Praia Grande
-38.758845,-12.874453,maxheight,4.4,Rua da Vaidade
-38.364089,-12.876036,maxheight,5.5,Estrada CIA Aeroporto
-38.364095,-12.876234,maxheight,5.5,Estrada CIA Aeroporto
-38.364126,-12.877038,maxheight,5.5,Estrada CIA Aeroporto
-38.759572,-12.877182,maxheight,4.3,Rua da Mangueira
-38.364191,-12.879546,maxheight,5.5,Estrada CIA Aeroporto
-38.684877,-12.879712,maxheight,4.4,Avenida Juracy Magalhães
-38.683451,-12.880222,maxheight,4.4,Avenida Dom Gerônimo
-38.684720,-12.880327,maxheight,4.4,Avenida Juracy Magalhães
-38.683987,-12.880457,maxheight,4.4,Rua Brigadeiro Lima
-38.684523,-12.880870,maxheight,4.4,Praça Batista Massa
-38.683028,-12.881514,maxheight,4.4,Rua Professor Cornélio
-38.364194,-12.881844,maxheight,5.5,Estrada CIA Aeroporto
-38.684070,-12.881948,maxheight,4.4,Rua José Carneiro
-38.683060,-12.882060,maxheight,4.4,Rua Régis Pacheco
-38.364175,-12.882576,maxheight,5.5,Estrada CIA Aeroporto
-38.683806,-12.883015,maxheight,4.4,Rua Régis Pacheco
-38.364164,-12.883034,maxheight,5.5,Estrada CIA Aeroporto
-38.364156,-12.883613,maxheight,5.5,Estrada CIA Aeroporto
-38.364136,-12.884529,maxheight,5.5,Estrada CIA Aeroporto
-38.457124,-12.907353,maxheight,5.5,Rua da Alegria de Campinas
-38.623007,-12.934108,maxheight,4.4,Rua Alto da Jaqueira
-38.622221,-12.934304,maxheight,4.4,
-39.251542,-12.959988,maxheight,4.4,Rua São Jorge
-38.435558,-12.963610,maxheight,5.5,Viaduto de Narandiba
-38.434963,-12.964098,maxheight,5.5,Viaduto de Narandiba
-39.238762,-12.966261,maxheight,4.4,Travessa Quatro Bairro São Paulo
-72.660340,-12.967337,maxweight,60,PE-28B
-39.265378,-12.967929,maxheight,4.4,Travessa Ruy Barbosa
-39.253137,-12.968548,maxheight,4.4,Rua do Calaba
-39.258134,-12.970030,maxheight,4.4,Terceira Travessa Fonte da Bela Vista
-39.259689,-12.970129,maxheight,4.4,Travessa Primeira Bela Vista
-39.247428,-12.970272,maxheight,4.4,Travessa Dois Nossa Senhora das GraÇas
-39.262055,-12.972756,maxheight,4.4,Avenida Contôrno
-39.257850,-12.973042,maxheight,4.4,Rua A
-39.249058,-12.973215,maxheight,4.4,Alameda 13
-39.280887,-12.974681,maxheight,4.4,Rua 29 de Setembro
-39.281526,-12.974945,maxheight,4.4,Primeira Rua de Junho
-39.280466,-12.975177,maxheight,4.4,Rua Vinte e Oito de Maio
-39.280237,-12.976016,maxheight,4.4,Rua São João
-38.518379,-12.980123,maxheight,2.7,
-39.278484,-12.983028,maxheight,4,Rua São José
-38.452146,-12.984559,maxheight,4.5,Complexo Viário Tatti Moreno
-38.452127,-12.984701,maxheight,4.5,Complexo Viário Tatti Moreno
-72.537969,-12.997061,maxweight,60,Avenida Panamericana
-72.533434,-12.997484,maxweight,60,Avenida Panamericana
-38.446060,-12.998220,maxheight,5.5,Avenida Octávio Mangabeira
-38.446012,-12.998324,maxheight,5.5,Avenida Octávio Mangabeira
-72.523853,-12.998967,maxweight,43,
-38.511094,-12.999641,maxheight,2.3,
-72.595140,-13.003098,maxweight,60,Avenida Panamericana
-38.462989,-13.003542,maxheight,2.1,
-72.556453,-13.004295,maxweight,60,Avenida Panamericana
-41.373444,-13.005046,maxweight,4,Rua da Ponte
-72.579955,-13.007608,maxweight,60,Avenida Panamericana
-72.495221,-13.016736,maxweight,60,PE-28B
-38.656936,-13.019876,maxheight,4.4,Rua da Fonte
-42.688612,-13.019948,maxheight,2,Rua Balodoino Leão
-38.656545,-13.020236,maxheight,4.4,Rua da Lagoa
-72.444948,-13.050691,maxweight,60,PE-28B
-72.406014,-13.063106,maxweight,60,PE-28B
-38.731738,-13.073214,maxheight,4.4,Rua Ogum
-38.731184,-13.073283,maxheight,4.4,
-38.730212,-13.073688,maxheight,4.4,Rua Exum
-38.728777,-13.074945,maxheight,4.4,Rua Exum
-38.727886,-13.075906,maxheight,4.4,
-39.282734,-13.086880,maxheight,4.4,
-39.296768,-13.088485,maxheight,4.4,
-39.296696,-13.089409,maxheight,4.4,
-39.283838,-13.092503,maxheight,4.4,
-39.289037,-13.094440,maxheight,4.4,
-72.585480,-13.136864,maxweight,0.2,
-72.563879,-13.174022,maxheight,5.3,
-70.384280,-13.185557,maxweight,60,Interoceanica Sur
-72.294891,-13.193635,maxweight,36,PE-28B
-72.299412,-13.217622,maxweight,36,PE-28B
-72.303573,-13.226556,maxweight,20,
-71.888988,-13.233780,maxweight,33,CU-105
-71.889409,-13.238966,maxweight,33,CU-105
-71.890948,-13.239128,maxweight,33,CU-105
-72.106369,-13.282979,maxweight,15,
-72.062990,-13.335544,maxweight,43,Puente Huayllabamba
-72.132494,-13.472654,maxweight,42,Carretera Longitudinal de la Sierra Sur
-71.978847,-13.512729,maxwidth,2,Concepción
-71.978169,-13.513302,maxwidth,2,Pumacurco
-71.958785,-13.523482,maxheight,5,Avenida de la Cultura
-71.958864,-13.523587,maxheight,5,Avenida de la Cultura
-71.955313,-13.524546,maxheight,5,Avenida de la Cultura
-71.955436,-13.524645,maxheight,5,Avenida de la Cultura
-71.943133,-13.525410,maxheight,2.5,Avenida Manantiales
-71.946393,-13.527138,maxheight,30,Avenida de la Cultura
-71.946207,-13.527319,maxheight,5.5,Avenida de la Cultura
-71.941191,-13.528523,maxheight,5.5,
-71.963868,-13.532059,maxheight,5.5,Avenida Los Pinos
-71.916769,-13.532080,maxheight,5.5,
-71.963794,-13.532162,maxheight,5.5,Avenida 28 de Julio
-71.963774,-13.532258,maxheight,5.5,Avenida 28 de Julio
-71.963776,-13.532374,maxheight,5.5,Avenida 28 de Julio
-71.957943,-13.532634,maxheight,5.5,Avenida Los Pinos
-71.958083,-13.532759,maxheight,5.5,Avenida 28 de Julio
-71.958541,-13.532791,maxheight,5.5,Avenida 28 de Julio
-71.958001,-13.532966,maxheight,5.5,Avenida 28 de Julio
-71.933779,-13.541086,maxheight,5,
-71.933721,-13.541097,maxheight,5,
-71.918445,-13.541759,maxheight,5.8,Vía de Evitamiento
-71.935637,-13.541761,maxheight,5,Vía de Evitamiento
-71.930637,-13.542220,maxheight,5,Via de evitamiento
-71.927114,-13.542235,maxheight,5.8,Vía de Evitamiento
-71.930376,-13.542787,maxheight,5.8,Avenida Pacifico
-71.892087,-13.545188,maxheight,5.5,
-71.890151,-13.549650,maxheight,5.5,Vía de Evitamiento
-71.888998,-13.549842,maxheight,5.5,
-71.888472,-13.550101,maxheight,5.5,Vía de Evitamiento
-71.861030,-13.553468,maxheight,5.5,Carretera Longitudinal de la Sierra Sur
-72.575202,-13.562708,maxweight,60,Carretera Longitudinal de la Sierra Sur
-72.244704,-13.698713,maxweight,48,
-73.950236,-13.848375,maxheight,1,
-73.950344,-13.849060,maxheight,1,
-39.469310,-13.904702,maxheight,6.8,Estrada Parque da Cidadania
-42.490182,-14.052732,maxweight,30,Rua Maria de Lourdes de Jesus Filha
-42.527562,-14.066046,maxheight,5.5,
-42.482207,-14.066456,maxweight,30,Rua 29 de Novembro
-39.736358,-14.128379,maxheight,4.4,
-39.733939,-14.135230,maxheight,4.4,Travessa Contorno
-42.625394,-14.165638,maxheight,4.5,Via Curral de Varas
-42.220852,-14.171898,maxheight,6.5,
-42.736768,-14.183352,maxheight,5.5,BR-030
-42.752147,-14.197684,maxweight,10,
-41.665436,-14.202347,maxweight,3.5,Praça José do Patrocínio
-41.665061,-14.202527,maxweight,3.5,Travessa Castro Alves
-42.764631,-14.211692,maxwidth,4,
-42.764471,-14.212167,maxwidth,4,
-70.256379,-14.335978,maxweight,48,Carretera Interoceánica Puno - Madre de Dios
-70.276420,-14.401076,maxweight,48,Carretera Interoceánica Puno - Madre de Dios
-67.505843,-14.432083,maxweight,20,Calle Luis Fernando Pellicioli
-67.505846,-14.432181,maxweight,20,Calle Luis Fernando Pellicioli
-70.257999,-14.483822,maxweight,48,Carretera Interoceánica Puno - Madre de Dios
-70.260104,-14.506334,maxweight,48,PE-34B
-70.274910,-14.524685,maxweight,48,Carretera Interoceánica Puno - Madre de Dios
-70.892139,-14.530308,maxweight,49,Carretera Longitudinal de la Sierra Sur
-70.886910,-14.534707,maxweight,49,Carretera Longitudinal de la Sierra Sur
-70.295507,-14.549342,maxweight,48,Carretera Interoceánica Puno - Madre de Dios
-70.328558,-14.580350,maxweight,48,Carretera Interoceánica Puno - Madre de Dios
-70.765059,-14.624736,maxweight,60,Carretera Longitudinal de la Sierra Sur
-48.775081,-14.661298,maxweight,12,Balsa Darlene
-57.163592,-14.784438,maxheight,5.5,MT-408
-56.423097,-14.827971,maxweight,20,Rodovia Deputado Ary Leite de Campos
-56.419792,-14.829992,maxweight,20,Rodovia Deputado Ary Leite de Campos
-56.416694,-14.831914,maxweight,20,Rodovia Deputado Ary Leite de Campos
-56.414903,-14.833011,maxweight,20,Rodovia Deputado Ary Leite de Campos
-56.392534,-14.845703,maxweight,20,Rodovia Deputado Ary Leite de Campos
-70.596698,-14.891494,maxweight,60,PE-3S
-70.403534,-14.952873,maxweight,33,PE-3SH
-70.500153,-14.965108,maxweight,60,Carretera Longitudinal de la Sierra Sur
-65.579267,-15.004202,maxheight,5.5,RN3: Trinidad-San Ignacio de Moxos
-70.384984,-15.014336,maxweight,60,Carretera Longitudinal de la Sierra Sur
-70.356343,-15.039497,maxweight,20,PE-3SH
-67.034676,-15.149663,maxheight,15,
-40.249087,-15.242710,maxwidth,3,Avenida Vitória da Conquista
-40.247560,-15.242896,maxwidth,3,Avenida Vitória da Conquista
-40.247299,-15.243420,maxwidth,3,Rua Carneiro Ribeiro
-40.241766,-15.255754,maxwidth,4,Caminho 1
-40.242186,-15.255862,maxwidth,4,Caminho 2
-40.241581,-15.256439,maxwidth,4,Caminho 3
-40.241998,-15.256543,maxwidth,4,Caminho 4
-40.241324,-15.257397,maxwidth,4,Caminho 5
-40.241734,-15.257503,maxwidth,4,Caminho 6
-70.226247,-15.297950,maxweight,36,Carretera Interoceánica Puno - Madre de Dios
-55.896142,-15.336885,maxweight,3.5,MT-251;MT-020
-55.862521,-15.346433,maxweight,3.5,MT-020
-55.829025,-15.356136,maxweight,3.5,MT-251;MT-020
-55.829014,-15.356546,maxweight,3.5,MT-020
-55.829000,-15.357020,maxweight,3.5,MT-020
-55.829166,-15.357923,maxweight,3.5,MT-020
-55.942514,-15.365595,maxweight,3.5,Rodovia Emanuel Pinheiro
-55.839495,-15.370753,maxweight,3.5,MT-020
-55.839939,-15.382673,maxweight,3.5,MT-251;MT-020
-55.831063,-15.394275,maxweight,3.5,MT-020
-55.988909,-15.395128,maxweight,3.5,Rodovia Emanuel Pinheiro
-55.822121,-15.405921,maxweight,3.5,MT-251;MT-020
-56.001672,-15.409201,maxweight,3.5,Rodovia Emanuel Pinheiro
-55.814076,-15.414563,maxweight,3.5,MT-251;MT-020
-55.805914,-15.423245,maxweight,3.5,MT-251;MT-020
-55.793356,-15.429002,maxweight,3.5,MT-251;MT-020
-70.140034,-15.437217,maxweight,60,PE-3S
-67.263713,-15.458243,maxweight,2.5,
-40.430270,-15.564464,maxweight,15,BA-270
-40.430647,-15.564543,maxweight,15,BA-270
-40.433773,-15.565252,maxweight,15,BA-270
-56.077574,-15.568642,maxweight,2.5,
-56.077803,-15.569636,maxweight,2.5,
-56.072583,-15.574461,maxweight,24,Avenida Historiador Rubens de Mendonça
-56.073172,-15.575186,maxweight,24,Avenida Historiador Rubens de Mendonça
-56.074393,-15.576664,maxweight,24,Avenida Historiador Rubens de Mendonça
-56.075388,-15.577855,maxweight,24,Avenida Historiador Rubens de Mendonça
-56.109842,-15.579705,maxweight,24,Avenida Miguel Sutil
-56.089244,-15.581338,maxheight,5.5,Avenida República do Líbano
-56.089169,-15.581440,maxheight,5.5,Avenida República do Líbano
-56.077975,-15.581665,maxweight,24,Avenida Historiador Rubens de Mendonça
-56.080268,-15.585115,maxweight,24,Avenida Historiador Rubens de Mendonça
-56.081486,-15.586389,maxweight,24,Avenida Historiador Rubens de Mendonça
-56.170667,-15.647192,maxweight,10,Rua Mar do Caribe
-55.990774,-15.653748,maxheight,6,
-55.989306,-15.654309,maxheight,5.5,
-71.670573,-15.655162,maxweight,43,
-55.980967,-15.657682,maxheight,5.4,Avenida 30
-55.980517,-15.657848,maxheight,5.4,Avenida 30
-47.804802,-15.664052,maxheight,4.5,
-47.805064,-15.664221,maxheight,4.5,
-47.890738,-15.739341,maxheight,4.05,CLN 215/216
-47.891372,-15.739530,maxheight,4.05,CLN 215/216
-47.891988,-15.739714,maxheight,4.05,CLN 115/116
-47.888747,-15.745572,maxheight,4.05,CLN 213/214
-47.889376,-15.745764,maxheight,4.05,CLN 213/214
-47.889991,-15.745952,maxheight,4.05,CLN 113/114
-47.886766,-15.751755,maxheight,3.9,CLN 211/212
-47.887396,-15.751940,maxheight,3.9,CLN 111/112
-47.888021,-15.752135,maxheight,3.9,CLN 111/112
-47.884751,-15.757975,maxheight,3.8,CLN 209/210
-47.885391,-15.758178,maxheight,3.8,CLN 109/110
-47.886027,-15.758365,maxheight,3.8,CLN 109/110
-70.991257,-15.762281,maxweight,60,Vía Interoceánica Sur - Tramo 5
-47.882777,-15.764188,maxheight,3.8,CLN 207/208
-47.883397,-15.764375,maxheight,3.8,CLN 207/208
-47.884008,-15.764559,maxheight,3.8,CLN 107/108
-47.881116,-15.770579,maxheight,3.95,CLN 205/206
-47.881781,-15.770689,maxheight,3.95,CLN 105/106
-47.882434,-15.770796,maxheight,3.95,CLN 105/106
-47.880229,-15.777089,maxheight,3.7,CLN 203/204
-47.880867,-15.777137,maxheight,3.7,CLN 103/104
-47.881531,-15.777182,maxheight,3.7,CLN 103/104
-47.881201,-15.783604,maxheight,3.95,
-47.880542,-15.783623,maxheight,3.95,
-47.879894,-15.783638,maxheight,3.95,
-47.858669,-15.793081,maxheight,4.9,SGO
-47.935004,-15.799235,maxwidth,2.5,
-47.891898,-15.808006,maxheight,3.6,CLS 103/104
-47.891395,-15.808430,maxheight,3.6,CLS 103/104
-47.896502,-15.812677,maxheight,3.6,CLS 105/106
-47.901577,-15.816799,maxheight,3.55,CLS 107/108
-47.901186,-15.817308,maxheight,3.55,CLS 107/108
-48.113441,-15.819973,maxheight,4,
-48.113562,-15.820035,maxheight,4,
-48.114168,-15.820352,maxheight,3,
-47.906973,-15.820676,maxheight,3.85,CLS 109/110
-47.912351,-15.824561,maxheight,3.55,CLS 111/112
-48.110844,-15.824659,maxheight,3,
-48.110943,-15.824710,maxheight,3,
-48.111029,-15.824756,maxheight,3,
-48.111195,-15.824843,maxheight,3,
-47.911937,-15.825089,maxheight,3.55,CLS 211/212
-47.917722,-15.828483,maxheight,3.7,CLS 113/114
-47.923109,-15.832372,maxheight,3.7,CLS 115/116
-47.910150,-15.835303,maxweight,3,Home (SSOH)
-71.088708,-15.836139,maxweight,80,Vía Interoceánica Sur - Tramo 5
-71.089420,-15.836818,maxweight,80,Vía Interoceánica Sur - Tramo 5
-71.089818,-15.837131,maxweight,80,Vía Interoceánica Sur - Tramo 5
-47.995619,-15.847066,maxwidth,4,SMPW quadra 4 Conjunto 7 Chacara 5
-47.935100,-15.861135,maxheight,5.5,Estrada Parque Aeroporto
-47.934967,-15.861168,maxheight,5.5,Estrada Parque Aeroporto
-47.938345,-15.863190,maxheight,4.5,
-47.923452,-15.870311,maxheight,2.55,
-47.958761,-15.874415,maxheight,4.6,Estrada Parque Dom Bosco
-47.958975,-15.874991,maxheight,4.6,Estrada Parque Dom Bosco
-47.960399,-15.885625,maxheight,5.5,Estrada Parque Indústria e Abastecimento
-47.960774,-15.887940,maxheight,5.5,Estrada Parque Indústria e Abastecimento
-47.960932,-15.888971,maxheight,5.5,Estrada Parque Indústria e Abastecimento
-47.961268,-15.891080,maxheight,5.5,Estrada Parque Indústria e Abastecimento
-47.962080,-15.896107,maxheight,5.5,Estrada Parque Indústria e Abastecimento
-47.962868,-15.901029,maxheight,5.5,Estrada Parque Indústria e Abastecimento
-47.964965,-15.906454,maxheight,5.5,Estrada Parque Indústria e Abastecimento
-47.967716,-15.911613,maxheight,5.5,Estrada Parque Indústria e Abastecimento
-47.969470,-15.914250,maxheight,5.5,Estrada Parque Indústria e Abastecimento
-47.975192,-15.914251,maxheight,5.5,Estrada Parque Indústria e Abastecimento
-47.971217,-15.916878,maxheight,5.5,Estrada Parque Indústria e Abastecimento
-47.973105,-15.919713,maxheight,5.5,Estrada Parque Indústria e Abastecimento
-47.975012,-15.922587,maxheight,5.5,Estrada Parque Indústria e Abastecimento
-47.976267,-15.924491,maxheight,5.5,Estrada Parque Indústria e Abastecimento
-47.976795,-15.925264,maxheight,5.5,Estrada Parque Indústria e Abastecimento
-47.978366,-15.927624,maxheight,5.5,Estrada Parque Indústria e Abastecimento
-47.981115,-15.931748,maxheight,5.5,Estrada Parque Indústria e Abastecimento
-47.983646,-15.935534,maxheight,5.5,Estrada Parque Indústria e Abastecimento
-47.984885,-15.937412,maxheight,5.5,Estrada Parque Indústria e Abastecimento
-47.986152,-15.939316,maxheight,5.5,Estrada Parque Indústria e Abastecimento
-47.988197,-15.942361,maxheight,5.5,Estrada Parque Indústria e Abastecimento
-47.989330,-15.944062,maxheight,5.5,Estrada Parque Indústria e Abastecimento
-47.989785,-15.944730,maxheight,5.5,Estrada Parque Indústria e Abastecimento
-47.990717,-15.945329,maxheight,5.5,Estrada Parque Indústria e Abastecimento
-50.130658,-15.948313,maxheight,5.5,
-39.559029,-15.949663,maxweight,10,Rodovia Governador Mário Covas
-48.008182,-15.954683,maxheight,5.5,Estrada Parque do Ipê
-48.007970,-15.954902,maxheight,5.5,Estrada Parque do Ipê
-50.130301,-15.960806,maxheight,5.5,
-47.990437,-15.975141,maxheight,6,Estrada Parque Indústria e Abastecimento
-47.990089,-15.975273,maxheight,6,Estrada Parque Indústria e Abastecimento
-47.989398,-15.978458,maxheight,6,Estrada Parque Indústria e Abastecimento
-47.989720,-15.978524,maxheight,6,Estrada Parque Indústria e Abastecimento
-47.988090,-15.985069,maxheight,6,Estrada Parque Indústria e Abastecimento
-47.987042,-15.988902,maxheight,6,Estrada Parque Indústria e Abastecimento
-47.986312,-15.992534,maxheight,6,
-47.986064,-15.993796,maxheight,6,Estrada Parque Indústria e Abastecimento
-47.984689,-15.999634,maxheight,6,Estrada Parque Indústria e Abastecimento
-47.984855,-15.999670,maxheight,6,Estrada Parque Indústria e Abastecimento
-47.984239,-16.001936,maxheight,6,Rodovia Presidente Juscelino Kubitschek
-47.984370,-16.001952,maxheight,6,Rodovia Presidente Juscelino Kubitschek
-70.008918,-16.035575,maxweight,30,PE-36B
-47.981331,-16.048279,maxheight,5,
-47.981257,-16.049743,maxheight,5,Rodovia Presidente Juscelino Kubitschek
-47.984131,-16.066258,maxheight,5.5,Rodovia Presidente Juscelino Kubitschek
-71.362909,-16.066838,maxweight,60,Vía Interoceánica Sur - Tramo 5
-47.981320,-16.092506,maxheight,6,Rodovia Presidente Juscelino Kubitschek
-54.781200,-16.203448,maxheight,5.5,BR-163;BR-364;MT-469
-54.781477,-16.203495,maxheight,5.5,BR-163;BR-364;MT-469
-68.853029,-16.219411,maxweight,0.121,Zip Line San Pedro de Tiquina → San Pablo de Tiquina
-68.842900,-16.220758,maxweight,0.121,Zip Line San Pablo de Tiquina → San Pedro de Tiquina
-48.937435,-16.299964,maxheight,5,Rua Professora Lidia de Sa Guimarães
-72.128744,-16.342751,maxweight,36,Carretera Panamericana Sur
-48.916816,-16.352521,maxheight,5.5,BR-060
-48.917853,-16.353030,maxheight,5.5,BR-060
-48.948182,-16.376874,maxheight,5.5,Rodovia Transbrasiliana
-48.948423,-16.377533,maxheight,5.5,Rodovia Transbrasiliana
-71.541758,-16.387694,maxheight,4,Cuesta del Ángel
-71.573163,-16.404618,maxheight,5,Avenida Circuvalación
-71.581020,-16.405185,maxheight,5,Variante Uchumayo
-71.581007,-16.405258,maxheight,5,Variante Uchumayo
-71.583086,-16.405349,maxheight,5,Variante Uchumayo
-71.583088,-16.405415,maxheight,5,Variante Uchumayo
-71.585421,-16.405504,maxheight,5,Variante Uchumayo
-71.585376,-16.405619,maxheight,5,Variante Uchumayo
-71.521750,-16.405643,maxheight,5,Avenida Venezuela
-71.523021,-16.406424,maxheight,5,Avenida Venezuela
-71.523220,-16.406578,maxheight,5,Avenida Venezuela
-71.524981,-16.407434,maxheight,5,Avenida Venezuela
-71.526670,-16.408222,maxheight,5,Avenida Venezuela
-71.526987,-16.408327,maxheight,5,Avenida Venezuela
-71.529045,-16.408797,maxheight,5,Avenida Venezuela
-71.528929,-16.408861,maxheight,5,Avenida Venezuela
-71.558715,-16.409071,maxheight,5.5,
-71.559139,-16.409130,maxheight,5.5,
-71.531549,-16.409771,maxheight,5,Avenida Venezuela
-71.532774,-16.410304,maxheight,5,Avenida Venezuela
-71.532740,-16.410367,maxheight,5,Avenida Venezuela
-71.533481,-16.410784,maxheight,5,Avenida Venezuela
-73.115820,-16.423456,maxweight,60,Carretera Panamericana Sur
-71.524524,-16.425249,maxheight,5,Andrés Avelino Cáceres
-71.525706,-16.425292,maxheight,5,Andrés Avelino Cáceres
-71.522993,-16.425304,maxheight,5,Avenida Alameda de la Cultura
-71.524520,-16.425335,maxheight,5,Andrés Avelino Cáceres
-71.525700,-16.425373,maxheight,5,Andrés Avelino Cáceres
-71.525214,-16.425387,maxheight,5,
-71.533152,-16.425406,maxheight,5,Andrés Avelino Cáceres
-71.533166,-16.425492,maxheight,5,Andrés Avelino Cáceres
-71.517525,-16.427363,maxheight,2.5,Los Ccoritos
-71.568716,-16.443250,maxheight,6,Ruta Alterna Arancota-Paisajista
-71.951377,-16.471061,maxheight,4.5,Carretera Panamericana Sur
-68.148674,-16.480378,maxheight,9,Autopista Héroes de la Guerra del Chaco
-68.319935,-16.482212,maxheight,3,
-49.092856,-16.483880,maxheight,5.5,Rodovia Transbrasiliana
-49.092719,-16.484014,maxheight,5.5,Rodovia Transbrasiliana
-68.146124,-16.484637,maxheight,5.3,Autopista Héroes de la Guerra del Chaco
-68.144776,-16.487430,maxheight,5.3,Autopista Héroes de la Guerra del Chaco
-68.144206,-16.488348,maxheight,5.3,Autopista Héroes de la Guerra del Chaco
-68.132198,-16.490177,maxheight,5,Abraham Ruescas
-68.121298,-16.493674,maxheight,9,Avenida German Busch
-68.121095,-16.493730,maxheight,9,Avenida German Busch
-39.075251,-16.499322,maxheight,2.4,Trilha Ecologica Municipal de Arraial d´Ajuda
-68.124710,-16.499528,maxheight,4.5,Avenida Illimani
-68.162729,-16.500631,maxheight,5,Autopista Héroes de la Guerra del Chaco
-68.162860,-16.500642,maxheight,5,Autopista Héroes de la Guerra del Chaco
-68.133938,-16.504299,maxheight,4,
-68.130028,-16.505175,maxheight,4.3,Avenida Villazón
-68.130102,-16.505234,maxheight,9,Avenida Villazón
-68.131801,-16.506766,maxheight,4,Túnel del Instituto Americano
-68.164974,-16.510737,maxheight,7,Avenida 6 de Marzo
-68.165734,-16.512967,maxheight,7,Avenida 6 de Marzo
-68.166287,-16.514634,maxheight,7,Avenida 6 de Marzo
-68.122079,-16.515694,maxheight,9,Avenida Mariscal Bernardino Bilbao Rioja
-68.166794,-16.515697,maxheight,5.2,Avenida 6 de Marzo
-68.166652,-16.515743,maxheight,5.2,Avenida 6 de Marzo
-68.166827,-16.515807,maxheight,5.2,
-68.119078,-16.517499,maxheight,9,Avenida Mariscal Bernardino Bilbao Rioja
-68.150874,-16.517861,maxwidth,0.6,
-68.150823,-16.517943,maxwidth,0.8,
-68.150877,-16.518096,maxwidth,0.8,
-68.150998,-16.518374,maxwidth,0.8,
-68.150989,-16.518530,maxwidth,0.8,
-68.150622,-16.518643,maxwidth,0.8,
-68.151143,-16.518708,maxwidth,0.8,
-68.150549,-16.518822,maxwidth,0.8,
-68.151095,-16.518826,maxwidth,0.8,
-68.150894,-16.518990,maxwidth,0.8,
-68.151285,-16.519042,maxwidth,0.8,
-68.150429,-16.519119,maxwidth,0.8,
-68.150885,-16.519142,maxwidth,0.8,
-68.150612,-16.519208,maxwidth,0.8,
-68.150805,-16.519213,maxwidth,0.8,
-68.150354,-16.519244,maxwidth,0.8,
-68.150416,-16.519287,maxwidth,0.8,
-68.151433,-16.519337,maxwidth,0.8,
-68.150791,-16.519401,maxwidth,0.8,
-68.151448,-16.519416,maxwidth,0.8,
-68.150335,-16.519453,maxwidth,0.8,
-68.150846,-16.519472,maxwidth,0.8,
-68.151233,-16.519495,maxwidth,0.8,
-68.150759,-16.519625,maxwidth,0.8,
-68.150370,-16.519634,maxwidth,0.8,
-68.150304,-16.519642,maxwidth,0.8,
-68.150793,-16.519794,maxwidth,0.8,
-68.151179,-16.519814,maxwidth,0.8,
-68.114857,-16.519871,maxheight,9,
-68.150288,-16.519985,maxwidth,0.8,
-68.114736,-16.520002,maxheight,9,
-68.150673,-16.520021,maxwidth,0.8,
-68.150209,-16.520024,maxwidth,0.8,
-68.150999,-16.520099,maxwidth,0.8,
-68.150717,-16.520116,maxwidth,0.8,
-68.151061,-16.520287,maxwidth,0.8,
-68.150172,-16.520323,maxwidth,0.8,
-68.150082,-16.520374,maxwidth,0.8,
-68.150546,-16.520410,maxwidth,0.8,
-68.150572,-16.520521,maxwidth,0.8,
-68.151848,-16.520530,maxwidth,0.8,
-68.150964,-16.520568,maxwidth,0.8,
-68.150029,-16.520647,maxwidth,0.8,
-68.150182,-16.520670,maxwidth,0.8,
-68.149995,-16.520691,maxwidth,0.8,
-68.149926,-16.520693,maxwidth,0.8,
-68.151833,-16.520742,maxwidth,0.8,
-68.150389,-16.520767,maxwidth,0.8,
-68.150318,-16.520787,maxwidth,0.8,
-68.149855,-16.520815,maxwidth,0.8,
-68.150822,-16.520893,maxwidth,0.8,
-68.150302,-16.520934,maxwidth,0.8,
-68.149698,-16.521055,maxwidth,0.8,
-68.150229,-16.521056,maxwidth,0.8,
-68.150238,-16.521161,maxwidth,0.8,
-68.150664,-16.521187,maxwidth,0.8,
-68.150108,-16.521236,maxwidth,0.8,
-68.149519,-16.521283,maxwidth,0.8,
-68.150678,-16.521342,maxwidth,0.8,
-68.150732,-16.521391,maxwidth,0.8,
-68.149484,-16.521418,maxwidth,0.8,
-68.149964,-16.521431,maxwidth,0.8,
-68.150479,-16.521479,maxwidth,0.8,
-68.149325,-16.521494,maxwidth,0.8,
-68.149989,-16.521507,maxwidth,0.8,
-68.150124,-16.521559,maxwidth,0.8,
-68.149800,-16.521631,maxwidth,0.8,
-68.150434,-16.521651,maxwidth,0.8,
-68.149224,-16.521676,maxwidth,0.8,
-68.150297,-16.521685,maxwidth,0.8,
-68.149036,-16.521734,maxwidth,0.8,
-68.149611,-16.521830,maxwidth,0.8,
-68.149690,-16.521838,maxwidth,0.8,
-68.148983,-16.521892,maxwidth,0.8,
-68.149253,-16.521898,maxwidth,0.8,
-68.148892,-16.521904,maxwidth,0.8,
-68.150585,-16.521932,maxwidth,0.8,
-68.150078,-16.521981,maxwidth,0.8,
-68.149383,-16.522037,maxwidth,0.8,
-68.149322,-16.522044,maxwidth,0.8,
-68.148787,-16.522052,maxwidth,0.8,
-68.149374,-16.522127,maxwidth,0.8,
-68.151664,-16.522179,maxwidth,0.8,
-68.148712,-16.522215,maxwidth,0.8,
-68.149843,-16.522215,maxwidth,0.8,
-68.148773,-16.522232,maxwidth,0.8,
-68.155509,-16.522276,maxwidth,0.8,
-68.149172,-16.522279,maxwidth,0.8,
-68.155634,-16.522404,maxwidth,0.8,
-68.148708,-16.522485,maxwidth,0.8,
-68.155541,-16.522491,maxwidth,0.8,
-68.149162,-16.522492,maxwidth,0.8,
-68.155362,-16.522496,maxwidth,0.8,
-68.155605,-16.522496,maxwidth,0.8,
-68.151528,-16.522501,maxwidth,0.8,
-68.149551,-16.522502,maxwidth,0.8,
-68.152292,-16.522510,maxwidth,0.8,
-68.155711,-16.522583,maxwidth,0.8,
-68.155011,-16.522638,maxwidth,0.8,
-68.148590,-16.522640,maxwidth,0.8,
-68.149068,-16.522655,maxwidth,0.8,
-68.151109,-16.522667,maxwidth,0.8,
-68.155091,-16.522672,maxwidth,0.8,
-68.149255,-16.522679,maxwidth,0.8,
-68.149037,-16.522709,maxwidth,0.8,
-68.149500,-16.522713,maxwidth,0.8,
-68.149116,-16.522769,maxwidth,0.8,
-68.154676,-16.522773,maxwidth,0.8,
-68.155799,-16.522787,maxwidth,0.8,
-68.152901,-16.522799,maxwidth,0.8,
-68.148656,-16.522807,maxwidth,0.8,
-68.148588,-16.522827,maxwidth,0.8,
-68.152764,-16.522833,maxwidth,0.8,
-68.152435,-16.522844,maxwidth,0.8,
-68.154577,-16.522879,maxwidth,0.8,
-68.149547,-16.522885,maxwidth,0.8,
-68.155548,-16.522889,maxwidth,0.8,
-68.149030,-16.522892,maxwidth,0.8,
-68.155706,-16.522892,maxwidth,0.8,
-68.155778,-16.522896,maxwidth,0.8,
-68.154334,-16.522911,maxwidth,0.8,
-68.155384,-16.522955,maxwidth,0.8,
-68.152403,-16.522975,maxwidth,0.8,
-68.152914,-16.522996,maxwidth,0.8,
-68.152493,-16.523008,maxwidth,0.8,
-68.153621,-16.523016,maxwidth,0.8,
-68.154043,-16.523028,maxwidth,0.8,
-68.149911,-16.523034,maxwidth,0.8,
-68.155325,-16.523044,maxwidth,0.8,
-68.152039,-16.523046,maxwidth,0.8,
-68.149456,-16.523051,maxwidth,0.8,
-68.154147,-16.523053,maxwidth,0.8,
-68.155126,-16.523059,maxwidth,0.8,
-68.153572,-16.523067,maxwidth,0.8,
-68.155370,-16.523077,maxwidth,0.8,
-68.149063,-16.523083,maxwidth,0.8,
-68.151087,-16.523090,maxwidth,0.8,
-68.151991,-16.523097,maxwidth,0.8,
-68.152098,-16.523100,maxwidth,0.8,
-68.154028,-16.523103,maxwidth,0.8,
-68.155958,-16.523154,maxwidth,0.8,
-68.151608,-16.523173,maxwidth,0.8,
-68.148530,-16.523179,maxwidth,0.8,
-68.155488,-16.523190,maxwidth,0.8,
-68.149497,-16.523191,maxwidth,0.8,
-68.154780,-16.523198,maxwidth,0.8,
-68.148971,-16.523251,maxwidth,0.8,
-68.151157,-16.523253,maxwidth,0.8,
-68.154804,-16.523255,maxwidth,0.8,
-68.148577,-16.523281,maxwidth,0.8,
-68.153667,-16.523287,maxwidth,0.8,
-68.154524,-16.523301,maxwidth,0.8,
-68.149411,-16.523318,maxwidth,0.8,
-68.153756,-16.523338,maxwidth,0.8,
-68.155559,-16.523358,maxwidth,0.8,
-68.149852,-16.523388,maxwidth,0.8,
-68.149460,-16.523418,maxwidth,0.8,
-68.151298,-16.523421,maxwidth,0.8,
-68.158010,-16.523428,maxheight,5,
-68.154210,-16.523433,maxwidth,0.8,
-68.148999,-16.523467,maxwidth,0.8,
-68.156101,-16.523489,maxwidth,0.8,
-68.148472,-16.523533,maxwidth,0.8,
-68.153789,-16.523564,maxwidth,0.8,
-68.153856,-16.523571,maxwidth,0.8,
-68.148910,-16.523611,maxwidth,0.8,
-68.153732,-16.523622,maxwidth,0.8,
-68.155681,-16.523638,maxwidth,0.8,
-68.149352,-16.523673,maxwidth,0.8,
-68.153833,-16.523678,maxwidth,0.8,
-68.148511,-16.523725,maxwidth,0.8,
-68.153448,-16.523736,maxwidth,0.8,
-68.149791,-16.523742,maxwidth,0.8,
-68.153559,-16.523757,maxwidth,0.8,
-68.153943,-16.523772,maxwidth,0.8,
-68.149402,-16.523779,maxwidth,0.8,
-68.154368,-16.523799,maxwidth,0.8,
-68.156241,-16.523814,maxwidth,0.8,
-68.148952,-16.523837,maxwidth,0.8,
-68.149334,-16.523886,maxwidth,0.8,
-68.148441,-16.523896,maxwidth,0.8,
-68.153527,-16.523934,maxwidth,0.8,
-68.148895,-16.523975,maxwidth,0.8,
-68.149755,-16.524039,maxwidth,0.8,
-68.154475,-16.524045,maxwidth,0.8,
-68.148520,-16.524066,maxwidth,0.8,
-68.149365,-16.524071,maxwidth,0.8,
-68.155658,-16.524076,maxwidth,0.8,
-68.149772,-16.524097,maxwidth,0.8,
-68.153599,-16.524100,maxwidth,0.8,
-68.149647,-16.524148,maxwidth,0.8,
-68.155251,-16.524176,maxwidth,0.8,
-68.149364,-16.524194,maxwidth,0.8,
-68.155354,-16.524199,maxwidth,0.8,
-68.149464,-16.524221,maxwidth,0.8,
-68.148951,-16.524238,maxwidth,0.8,
-68.148490,-16.524249,maxwidth,0.8,
-68.154563,-16.524249,maxwidth,0.8,
-68.153666,-16.524255,maxwidth,0.8,
-68.149026,-16.524260,maxwidth,0.8,
-68.149267,-16.524299,maxwidth,0.8,
-68.155007,-16.524339,maxwidth,0.8,
-68.152402,-16.524364,maxwidth,0.8,
-68.153018,-16.524379,maxwidth,0.8,
-68.148595,-16.524382,maxwidth,0.8,
-68.154740,-16.524383,maxwidth,0.8,
-68.149048,-16.524386,maxwidth,0.8,
-68.153725,-16.524392,maxwidth,0.8,
-68.154665,-16.524476,maxwidth,0.8,
-68.152676,-16.524517,maxwidth,0.8,
-68.148552,-16.524518,maxwidth,0.8,
-68.148609,-16.524562,maxwidth,0.8,
-68.154234,-16.524607,maxwidth,0.8,
-68.152445,-16.524620,maxwidth,0.8,
-68.153827,-16.524628,maxwidth,0.8,
-68.148425,-16.524636,maxwidth,0.8,
-68.148207,-16.524656,maxwidth,0.8,
-68.148255,-16.524704,maxwidth,0.8,
-68.148073,-16.524775,maxwidth,0.8,
-68.153868,-16.524841,maxwidth,0.8,
-68.150187,-16.524873,maxwidth,0.8,
-68.154363,-16.525067,maxwidth,0.8,
-68.153976,-16.525093,maxwidth,0.8,
-68.150306,-16.525147,maxwidth,0.8,
-68.154047,-16.525195,maxwidth,0.8,
-68.150790,-16.525305,maxwidth,1,
-68.153701,-16.525334,maxwidth,0.8,
-68.152067,-16.525365,maxwidth,0.8,
-68.152216,-16.525465,maxwidth,0.8,
-68.150463,-16.525511,maxwidth,0.8,
-68.152385,-16.525605,maxwidth,0.8,
-68.153015,-16.525611,maxwidth,0.8,
-68.150535,-16.525677,maxwidth,0.8,
-68.152675,-16.525748,maxwidth,0.8,
-68.152503,-16.525817,maxwidth,0.8,
-68.157374,-16.525902,maxwidth,0.3,
-68.150643,-16.525926,maxwidth,0.8,
-68.154925,-16.526032,maxwidth,0.8,
-68.150626,-16.526036,maxwidth,0.8,
-68.150778,-16.526239,maxwidth,0.8,
-68.153745,-16.526516,maxwidth,0.8,
-68.150918,-16.526561,maxwidth,0.8,
-68.157559,-16.526735,maxwidth,0.8,
-68.157694,-16.526753,maxwidth,0.8,
-68.151280,-16.527405,maxwidth,0.8,
-68.151363,-16.527598,maxwidth,0.8,
-68.159912,-16.527619,maxwidth,0.8,
-68.159669,-16.527718,maxwidth,0.8,
-71.782612,-16.527760,maxheight,5.5,Carretera Interoceánica Sur
-68.151451,-16.527801,maxwidth,0.8,
-68.159414,-16.527821,maxwidth,0.8,
-68.159208,-16.527904,maxwidth,0.8,
-68.158955,-16.528006,maxwidth,0.8,
-68.151554,-16.528025,maxwidth,0.3,
-68.158733,-16.528096,maxwidth,0.8,
-68.151615,-16.528178,maxwidth,0.8,
-68.158507,-16.528189,maxwidth,0.8,
-68.151687,-16.528345,maxwidth,0.8,
-68.151772,-16.528539,maxwidth,0.8,
-68.146387,-16.528737,maxwidth,0.8,
-68.151887,-16.528804,maxwidth,0.8,
-68.152419,-16.528830,maxwidth,0.8,
-68.146388,-16.528855,maxwidth,0.8,
-68.152208,-16.528921,maxwidth,0.8,
-68.146486,-16.529081,maxwidth,0.8,
-68.158668,-16.529142,maxwidth,0.8,
-68.158302,-16.529215,maxwidth,0.8,
-68.158390,-16.529245,maxwidth,0.5,
-68.158107,-16.529367,maxwidth,0.8,
-68.158868,-16.529464,maxwidth,0.8,
-68.157751,-16.529510,maxwidth,0.8,
-68.158726,-16.529593,maxwidth,0.8,
-68.158523,-16.529605,maxwidth,0.8,
-68.157327,-16.529611,maxwidth,0.8,
-68.157386,-16.529657,maxwidth,0.8,
-68.158374,-16.529733,maxwidth,0.8,
-68.157174,-16.529741,maxwidth,0.8,
-68.158092,-16.529776,maxwidth,0.8,
-68.156911,-16.529779,maxwidth,0.8,
-68.157002,-16.529810,maxwidth,0.8,
-68.158035,-16.529871,maxwidth,0.8,
-68.156827,-16.529880,maxwidth,0.8,
-68.157655,-16.529951,maxwidth,0.8,
-68.153281,-16.529981,maxwidth,0.3,
-68.156349,-16.530073,maxwidth,0.8,
-68.157430,-16.530112,maxwidth,0.8,
-68.157235,-16.530119,maxwidth,0.8,
-68.156176,-16.530142,maxwidth,0.8,
-68.159152,-16.530198,maxwidth,0.8,
-68.148810,-16.530202,maxwidth,0.3,
-68.156004,-16.530212,maxwidth,0.8,
-68.148741,-16.530230,maxwidth,0.3,
-68.157086,-16.530250,maxwidth,0.8,
-68.155798,-16.530295,maxwidth,0.8,
-68.158804,-16.530339,maxwidth,0.8,
-68.153443,-16.530360,maxwidth,0.3,
-68.156811,-16.530370,maxwidth,0.8,
-68.153454,-16.530385,maxwidth,0.3,
-68.155491,-16.530419,maxwidth,0.8,
-68.156749,-16.530424,maxwidth,0.8,
-68.158378,-16.530499,maxwidth,0.8,
-68.156451,-16.530507,maxwidth,0.8,
-68.155146,-16.530556,maxwidth,0.8,
-68.156106,-16.530646,maxwidth,0.8,
-68.155637,-16.530761,maxwidth,0.8,
-68.155758,-16.530785,maxwidth,0.8,
-68.158517,-16.530817,maxwidth,0.8,
-68.155237,-16.530922,maxwidth,0.8,
-68.155157,-16.531026,maxwidth,0.8,
-68.154329,-16.531356,maxwidth,0.8,
-68.154141,-16.531431,maxwidth,0.8,
-68.153914,-16.531522,maxwidth,0.8,
-68.155614,-16.531610,maxwidth,0.8,
-68.153676,-16.531618,maxwidth,0.8,
-68.153451,-16.531702,maxwidth,0.5,
-68.153432,-16.531716,maxwidth,0.8,
-68.153292,-16.531772,maxwidth,1,
-68.152966,-16.531896,maxwidth,0.5,
-68.152935,-16.531908,maxwidth,0.5,
-68.152738,-16.531993,maxwidth,0.8,
-68.152540,-16.532072,maxwidth,0.8,
-68.149291,-16.532184,maxwidth,0.8,
-68.152177,-16.532217,maxwidth,0.8,
-68.152024,-16.532279,maxwidth,0.8,
-68.150034,-16.532401,maxwidth,0.3,
-68.151669,-16.532421,maxwidth,0.8,
-68.156017,-16.532430,maxwidth,0.8,
-68.150815,-16.532482,maxwidth,0.3,
-68.151406,-16.532528,maxwidth,0.8,
-68.156071,-16.532552,maxwidth,0.8,
-68.151216,-16.532597,maxwidth,0.5,
-68.153003,-16.532654,maxwidth,0.8,
-68.152532,-16.532847,maxwidth,0.8,
-68.152490,-16.532866,maxwidth,0.8,
-68.152057,-16.533029,maxwidth,0.8,
-68.152008,-16.533033,maxwidth,0.8,
-68.150499,-16.533325,maxwidth,0.8,
-68.150598,-16.533554,maxwidth,0.8,
-68.152806,-16.533598,maxwidth,0.8,
-68.153481,-16.533696,maxwidth,0.8,
-68.150623,-16.533733,maxwidth,0.8,
-68.152375,-16.533767,maxwidth,0.8,
-68.153476,-16.533854,maxwidth,0.8,
-68.150762,-16.534063,maxwidth,0.8,
-68.153575,-16.534094,maxwidth,0.8,
-68.153686,-16.534170,maxwidth,0.8,
-68.153243,-16.534220,maxwidth,0.8,
-68.152612,-16.534297,maxwidth,0.8,
-68.152953,-16.534336,maxwidth,0.8,
-68.152300,-16.534601,maxwidth,0.8,
-68.152013,-16.534718,maxwidth,0.8,
-68.151916,-16.534805,maxwidth,0.8,
-68.151950,-16.534883,maxwidth,0.8,
-68.152065,-16.535138,maxwidth,0.8,
-72.861106,-16.535391,maxweight,45,Carretera Panamericana Sur
-68.184422,-16.591099,maxheight,5,Doble Vía La Paz-Oruro
-68.184506,-16.591106,maxheight,5,Doble Vía La Paz-Oruro
-69.404731,-16.593660,maxweight,42,Carretera Binacional
-54.673506,-16.601993,maxheight,5.5,BR-163
-42.184260,-16.622491,maxweight,24,MGC-342
-49.210652,-16.635927,maxheight,5.5,Rodovia Transbrasiliana
-49.211289,-16.645876,maxheight,5.5,Rodovia Transbrasiliana
-68.397195,-16.662763,maxheight,4,Camino Hilata San Jorge-Hilata Santa Trinidad
-49.223229,-16.663417,maxheight,5.5,Rodovia Transbrasiliana
-49.223138,-16.663469,maxheight,5.5,Rodovia Transbrasiliana
-68.411055,-16.673527,maxheight,4,
-49.229651,-16.674613,maxheight,5.5,Rodovia Transbrasiliana
-49.249335,-16.678558,maxheight,4.3,Avenida Marginal Botafogo
-49.249505,-16.678609,maxheight,4.5,Avenida Marginal Botafogo
-49.153111,-16.685353,maxheight,5,GO-403
-49.153104,-16.685545,maxheight,5,GO-403
-49.232190,-16.692700,maxheight,5.5,Rodovia Transbrasiliana
-49.231538,-16.698834,maxheight,5.5,Rodovia Transbrasiliana
-69.563275,-16.702121,maxweight,36,Carretera Binacional
-49.230965,-16.703166,maxheight,5.5,Rodovia Transbrasiliana
-54.675119,-16.706637,maxheight,5.5,BR-163
-49.231352,-16.709716,maxheight,5.5,Avenida Deputado Jamel Cecilio
-69.692131,-16.722799,maxweight,36,Carretera Binacional
-43.871144,-16.740194,maxheight,2.1,
-69.630348,-16.747547,maxweight,36,Carretera Binacional
-49.241087,-16.754856,maxheight,5.5,Rodovia Transbrasiliana
-49.240449,-16.757763,maxheight,5.5,Rodovia Transbrasiliana
-69.860061,-16.762091,maxweight,42,PE-36A
-41.295801,-16.807734,maxheight,5.5,LMG-646
-41.270890,-16.836539,maxheight,5.5,LMG-646
-70.129335,-16.869082,maxweight,42,Carretera Binacional
-70.602509,-16.870879,maxweight,36,Carretera Binacional
-70.384020,-16.875625,maxweight,36,Carretera Binacional
-70.321387,-16.883722,maxweight,36,Carretera Binacional
-42.462789,-16.945704,maxweight,12,Rodovia Senador Murilo Badaró
-71.690739,-17.029019,maxweight,50,Carretera Panamericana Sur
-40.972003,-17.040704,maxheight,5.9,MG-105
-40.971971,-17.041039,maxheight,5.9,MG-105
-40.971903,-17.041754,maxheight,5.9,MG-105
-40.971807,-17.042444,maxheight,5.9,Avenida Bias Fortes
-40.958864,-17.059513,maxheight,5.9,MG-105
-70.841544,-17.073780,maxweight,36,Carretera Binacional
-40.944802,-17.077816,maxheight,5.9,Avenida Bias Fortes
-42.541814,-17.080236,maxweight,12,Rodovia Senador Murilo Badaró
-65.735569,-17.158725,maxheight,5,Doble Vía El Sillar
-65.737173,-17.164016,maxheight,5,Doble Vía El Sillar
-65.739670,-17.174254,maxheight,5.5,Doble Vía El Sillar
-65.741268,-17.174657,maxheight,5.5,Doble Vía El Sillar
-47.746378,-17.208738,maxheight,5,BR-050
-47.746111,-17.208876,maxheight,5,BR-050
-66.214197,-17.339236,maxheight,6,
-66.214306,-17.339261,maxheight,6,
-66.214415,-17.339336,maxheight,6,
-66.200079,-17.346822,maxheight,6,
-66.200069,-17.346919,maxheight,6,
-66.160056,-17.368229,maxheight,2.5,
-66.159097,-17.368890,maxheight,2.8,Avenida Gualberto Villarroel
-66.158724,-17.368924,maxheight,2.8,Avenida Gualberto Villarroel
-66.157654,-17.369499,maxheight,2.5,
-66.157321,-17.369713,maxheight,2.5,
-66.155965,-17.369965,maxheight,2.5,
-66.175657,-17.370636,maxheight,4.2,Avenida Melchor Pérez de Olguín
-66.175695,-17.371545,maxheight,4.2,
-66.175696,-17.371571,maxheight,4.2,Avenida Melchor Pérez de Olguín
-66.175754,-17.371611,maxheight,4.2,
-66.175755,-17.371709,maxheight,4.2,
-66.175804,-17.371773,maxheight,4.2,
-66.161825,-17.372508,maxheight,4.2,Avenida América
-66.160964,-17.372565,maxheight,4.2,Avenida América
-66.160783,-17.372576,maxheight,4.2,Avenida América
-66.175827,-17.372612,maxheight,4.2,Avenida Melchor Pérez de Olguín
-66.160560,-17.372637,maxheight,4.2,Calle Tarija
-66.159177,-17.372677,maxheight,4.2,Avenida América
-66.159074,-17.372732,maxheight,4.2,Avenida Gualberto Villarroel
-66.159820,-17.372732,maxheight,4.2,Avenida América
-66.158989,-17.372737,maxheight,4.2,Avenida Gualberto Villarroel
-66.158931,-17.372790,maxheight,4.2,Avenida América
-66.140627,-17.374382,maxheight,3,Avenida General Jaime Florentino Mendieta
-66.159204,-17.374867,maxheight,4.2,Avenida Gualberto Villarroel
-66.159113,-17.374873,maxheight,4.2,Avenida Gualberto Villarroel
-66.137609,-17.374883,maxheight,4.2,Avenida Uyuni
-66.137440,-17.374898,maxheight,4.2,Avenida Uyuni
-66.142031,-17.374955,maxheight,3,Calle Mariano Melgarejo
-66.141508,-17.375391,maxheight,3,Calle Félix Capriles
-66.138245,-17.375540,maxheight,4.2,Avenida Uyuni
-66.139450,-17.375824,maxheight,3,Calle Venancio Jiménez
-66.139919,-17.376061,maxheight,4.2,Avenida Uyuni
-66.139792,-17.376080,maxheight,4.2,Avenida Uyuni
-66.138195,-17.376254,maxheight,4.2,Avenida Eliodoro Villazón
-66.138271,-17.376378,maxheight,4.2,Avenida Eliodoro Villazón
-66.142696,-17.376849,maxheight,4.2,Avenida Uyuni
-66.142671,-17.376950,maxheight,4.2,Avenida Uyuni
-66.142286,-17.377443,maxheight,4.2,
-66.160993,-17.378372,maxheight,4.2,Avenida Libertador Simón Bolívar
-66.149667,-17.378567,maxheight,4.2,Avenida Uyuni
-66.150594,-17.378775,maxheight,6.24,Avenida Uyuni
-66.150834,-17.378924,maxheight,6.24,Avenida Uyuni
-66.142173,-17.379013,maxheight,4.2,Avenida General Galindo León
-66.142230,-17.379117,maxheight,4.2,Avenida General Galindo León
-66.152063,-17.379133,maxheight,4.2,Avenida Uyuni
-66.149689,-17.379193,maxheight,4.2,Avenida 23 de Marzo
-66.143052,-17.379217,maxheight,4.2,Avenida Ramón Rivero
-66.152017,-17.379230,maxheight,4.2,Avenida Uyuni
-66.160690,-17.379408,maxheight,4.2,Avenida Libertador Simón Bolívar
-66.150575,-17.379410,maxheight,6.24,Avenida 23 de Marzo
-66.150929,-17.379512,maxheight,6.24,Corredor Vehicular Quintanilla Melchor Urquidi
-66.151017,-17.379614,maxheight,6.24,Avenida 23 de Marzo
-66.151405,-17.379614,maxheight,4.2,Avenida 23 de Marzo
-66.151997,-17.379755,maxheight,4.2,Avenida 23 de Marzo
-66.152143,-17.379874,maxheight,3.8,Avenida Francisco Javier del Granado
-66.152587,-17.379885,maxheight,4.2,Avenida 23 de Marzo
-66.152200,-17.379890,maxheight,3.8,Avenida Francisco Javier del Granado
-66.152779,-17.379978,maxheight,3.8,Avenida Francisco Javier del Granado
-66.153410,-17.380058,maxheight,3.8,Avenida Francisco Javier del Granado
-66.152188,-17.380193,maxheight,4.2,
-66.157089,-17.380303,maxheight,3.8,Avenida Uyuni
-66.151751,-17.380361,maxheight,4.2,Corredor Quintanilla
-66.157197,-17.380447,maxheight,3.8,Avenida Uyuni
-66.157084,-17.380482,maxheight,3.8,Avenida Uyuni
-66.157003,-17.380930,maxheight,3.8,Avenida Francisco Javier del Granado
-66.160201,-17.381010,maxheight,4.2,
-66.160184,-17.381217,maxheight,3.8,Avenida Uyuni
-66.151682,-17.381258,maxheight,4.2,Corredor Quintanilla
-66.159708,-17.381700,maxheight,4.2,
-66.160039,-17.381717,maxheight,3.8,Avenida Francisco Javier del Granado
-66.160014,-17.381809,maxheight,4.2,
-66.160320,-17.381895,maxheight,4.2,
-66.160707,-17.381975,maxheight,4.2,Avenida Francisco Javier del Granado
-66.151389,-17.382105,maxheight,4.2,Corredor Quintanilla
-66.161328,-17.382376,maxheight,4.2,Avenida Rafael Urquidi
-66.151396,-17.382552,maxwidth,7,Corredor Quintanilla
-66.165933,-17.387258,maxheight,4.2,Avenida Humboldt
-66.163900,-17.387274,maxheight,4.2,Avenida Rafael Urquidi
-66.165850,-17.387289,maxheight,4.2,Avenida Humboldt
-66.178949,-17.387908,maxheight,4.2,Avenida d'Orbigny
-66.179031,-17.387949,maxheight,4.2,Avenida Melchor Pérez de Olguín
-66.178894,-17.387974,maxheight,4.2,Avenida Melchor Pérez de Olguín
-66.178976,-17.388015,maxheight,4.2,Avenida d'Orbigny
-66.164330,-17.388067,maxheight,4.2,Avenida Rafael Urquidi
-66.164022,-17.388180,maxheight,4.2,Avenida Rafael Urquidi
-66.164375,-17.388873,maxheight,4.2,Avenida Rafael Urquidi
-66.164841,-17.390231,maxheight,4.2,Avenida Rafael Urquidi
-66.243028,-17.390763,maxheight,4.2,Avenida Carlos Blanco Galindo
-66.241505,-17.390811,maxheight,4.2,Avenida Carlos Blanco Galindo
-66.250172,-17.390948,maxheight,3.6,
-66.241527,-17.390961,maxheight,4.2,Avenida Carlos Blanco Galindo
-66.243045,-17.390998,maxheight,4.2,Avenida Carlos Blanco Galindo
-66.249859,-17.391022,maxheight,3.6,Avenida Blanco Galindo
-66.249859,-17.391052,maxheight,3.6,Avenida Blanco Galindo
-66.229504,-17.391283,maxheight,5,Avenida Carlos Blanco Galindo
-66.165241,-17.391378,maxheight,4.2,Avenida Rafael Urquidi
-66.230194,-17.391389,maxheight,5,Avenida Carlos Blanco Galindo
-66.254539,-17.391470,maxheight,5,Avenida Carlos Blanco Galindo
-66.165398,-17.391499,maxheight,4.2,Avenida Rafael Urquidi
-66.255116,-17.391686,maxheight,5,Avenida Carlos Blanco Galindo
-66.219022,-17.391748,maxheight,5,Avenida Carlos Blanco Galindo
-66.219785,-17.391838,maxheight,5,Avenida Carlos Blanco Galindo
-66.259329,-17.391965,maxheight,5,Avenida Carlos Blanco Galindo
-66.259520,-17.391983,maxheight,5,
-66.183873,-17.392007,maxweight,45,Avenida Beijing
-66.183807,-17.392029,maxweight,45,Avenida Beijing
-66.260215,-17.392053,maxheight,5,Avenida Carlos Blanco Galindo
-66.259284,-17.392100,maxheight,5,Avenida Carlos Blanco Galindo
-66.259745,-17.392146,maxheight,5,
-66.259868,-17.392157,maxheight,5,Avenida Carlos Blanco Galindo
-66.260249,-17.392195,maxheight,5,Avenida Carlos Blanco Galindo
-66.170631,-17.392227,maxweight,90,Distribuidor Vehicular Alejo Calatayud Espíndola 1730
-66.207751,-17.392231,maxheight,5,Avenida Carlos Blanco Galindo
-66.208582,-17.392324,maxheight,5,Avenida Carlos Blanco Galindo
-66.180260,-17.392333,maxheight,4.5,
-66.180195,-17.392347,maxheight,4.5,
-66.170617,-17.392402,maxweight,90,Distribuidor Vehicular Alejo Calatayud Espíndola 1730
-66.180231,-17.392440,maxheight,4.5,Avenida Melchor Pérez de Olguín
-66.180139,-17.392506,maxheight,3,Avenida Melchor Pérez de Olguín
-66.167236,-17.392560,maxheight,4.2,Avenida Humboldt
-66.199640,-17.392582,maxheight,5,Avenida Blanco Galindo
-66.199267,-17.392600,maxheight,5,Avenida Blanco Galindo
-66.198828,-17.392622,maxheight,5,Avenida Blanco Galindo
-66.200331,-17.392681,maxheight,5,Avenida Blanco Galindo
-66.199957,-17.392698,maxheight,5,Avenida Blanco Galindo
-66.199645,-17.392712,maxheight,5,Avenida Blanco Galindo
-66.267194,-17.392758,maxheight,5.5,Avenida Carlos Blanco Galindo
-66.180567,-17.392801,maxheight,4.5,
-66.267198,-17.392878,maxheight,5.5,Avenida Carlos Blanco Galindo
-66.180349,-17.392920,maxheight,3,Avenida Melchor Pérez de Olguín
-66.184266,-17.392929,maxweight,45,Distribudor Beijing
-66.269062,-17.392949,maxheight,5,Avenida Carlos Blanco Galindo
-66.184082,-17.392979,maxweight,45,Distribudor Beijing
-66.184221,-17.393094,maxweight,45,Rotonda Distribuidor Beijing
-66.170633,-17.393099,maxweight,90,Distribuidor Vehicular Alejo Calatayud Espíndola 1730
-66.184403,-17.393125,maxweight,45,Rotonda Distribuidor Beijing
-66.185917,-17.393151,maxweight,45,
-66.185090,-17.393155,maxweight,45,
-66.184087,-17.393160,maxweight,45,Rotonda Distribuidor Beijing
-66.184624,-17.393171,maxweight,45,Distribudor Beijing
-66.183899,-17.393209,maxweight,45,Distribudor Beijing
-66.273033,-17.393260,maxheight,3.5,Avenida Albina Patiño
-66.184286,-17.393305,maxweight,45,Avenida Beijing
-66.184515,-17.393310,maxweight,45,Rotonda Distribuidor Beijing
-66.184222,-17.393323,maxweight,45,Avenida Beijing
-66.184042,-17.393336,maxweight,45,Rotonda Distribuidor Beijing
-66.185913,-17.393357,maxweight,45,
-66.180465,-17.393428,maxheight,4.2,Avenida Carlos Blanco Galindo
-66.185089,-17.393428,maxweight,45,
-66.184636,-17.393440,maxweight,45,Distribudor Beijing
-66.183917,-17.393477,maxweight,45,Distribudor Beijing
-66.184461,-17.393489,maxweight,45,Rotonda Distribuidor Beijing
-66.184148,-17.393518,maxweight,45,Rotonda Distribuidor Beijing
-66.180605,-17.393549,maxheight,4.2,Avenida Carlos Blanco Galindo
-66.184322,-17.393552,maxweight,45,Rotonda Distribuidor Beijing
-66.177044,-17.393584,maxheight,4.2,Avenida Carlos Blanco Galindo
-66.184450,-17.393654,maxweight,45,Distribudor Beijing
-66.175182,-17.393665,maxheight,4.2,Avenida Carlos Blanco Galindo
-66.184267,-17.393698,maxweight,45,Distribudor Beijing
-66.177140,-17.393703,maxheight,4.2,Avenida Carlos Blanco Galindo
-66.172263,-17.393776,maxweight,90,Distribuidor Vehicular Alejo Calatayud Espíndola 1730
-66.171888,-17.393779,maxweight,90,Distribuidor Vehicular Alejo Calatayud Espíndola 1730
-66.175250,-17.393786,maxheight,4.2,Avenida Carlos Blanco Galindo
-66.171332,-17.393803,maxweight,90,Distribuidor Vehicular Alejo Calatayud Espíndola 1730
-66.166511,-17.393811,maxheight,4.2,
-66.170470,-17.393841,maxweight,90,Distribuidor Vehicular Alejo Calatayud Espíndola 1730
-66.168865,-17.393842,maxheight,4.2,Avenida Carlos Blanco Galindo
-66.170726,-17.393843,maxheight,5,Avenida Carlos Blanco Galindo
-66.168541,-17.393857,maxheight,4.2,Avenida Carlos Blanco Galindo
-66.166465,-17.393884,maxheight,4.2,
-66.170734,-17.394005,maxheight,5,Avenida Carlos Blanco Galindo
-66.170826,-17.394010,maxweight,90,Distribuidor Vehicular Alejo Calatayud Espíndola 1730
-66.169968,-17.394040,maxweight,90,Distribuidor Vehicular Alejo Calatayud Espíndola 1730
-66.169532,-17.394057,maxweight,90,Distribuidor Vehicular Alejo Calatayud Espíndola 1730
-66.180714,-17.394063,maxheight,3,Avenida Melchor Pérez de Olguín
-66.180642,-17.394088,maxheight,3,Avenida Melchor Pérez de Olguín
-66.167484,-17.394091,maxheight,4.2,Avenida Humboldt
-66.169135,-17.394099,maxweight,90,Distribuidor Vehicular Alejo Calatayud Espíndola 1730
-66.184590,-17.394114,maxweight,45,Distribudor Beijing
-66.168601,-17.394146,maxheight,4.2,Avenida Carlos Blanco Galindo
-66.184401,-17.394167,maxweight,45,Distribudor Beijing
-66.180871,-17.394434,maxheight,3,Avenida Melchor Pérez de Olguín
-66.180773,-17.394452,maxheight,3,Avenida Melchor Pérez de Olguín
-66.184499,-17.394566,maxweight,45,Distribudor Beijing
-66.170661,-17.394577,maxweight,90,Distribuidor Vehicular Alejo Calatayud Espíndola 1730
-66.184702,-17.394652,maxweight,45,Avenida Beijing
-66.184639,-17.394674,maxweight,45,Avenida Beijing
-66.167625,-17.394808,maxheight,4.2,Avenida Humboldt
-66.167702,-17.394815,maxheight,4.2,Avenida Humboldt
-66.170683,-17.395088,maxweight,90,Distribuidor Vehicular Alejo Calatayud Espíndola 1730
-66.170681,-17.395290,maxweight,90,Distribuidor Vehicular Alejo Calatayud Espíndola 1730
-66.167875,-17.396206,maxheight,4.5,
-66.056873,-17.396243,maxheight,4.2,Avenida Eliodoro Villazón
-66.316332,-17.396279,maxheight,3.8,Avenida Simón Iturri Patiño
-66.056899,-17.396281,maxheight,4.2,Avenida Eliodoro Villazón
-66.168526,-17.396633,maxheight,3.5,Avenida Capitán Víctor Ustariz
-66.167906,-17.396692,maxheight,4.5,Avenida Beneméritos del Chaco
-66.167405,-17.396695,maxheight,4.2,Avenida Juana Azurduy de Padilla
-66.168830,-17.396719,maxheight,3.5,Avenida Capitán Víctor Ustariz
-66.167973,-17.396726,maxheight,4.5,Avenida Beneméritos del Chaco
-66.168158,-17.397693,maxheight,4.5,
-66.157662,-17.399135,maxheight,4.2,Avenida Ayacucho
-66.164624,-17.399160,maxheight,4.2,
-66.164691,-17.399174,maxheight,4.2,Calle Ladislao Cabrera
-66.158117,-17.399294,maxheight,4.2,Avenida Aroma
-66.157732,-17.399419,maxheight,4.2,Avenida Ayacucho
-66.157683,-17.399484,maxheight,4.2,Avenida Aroma
-66.157205,-17.399536,maxheight,4.2,Avenida Aroma
-66.042267,-17.399573,maxheight,5,Doble Vía Sacaba-Chiñata
-66.043269,-17.399581,maxheight,5,Doble Vía Sacaba-Chiñata
-66.042637,-17.399680,maxheight,5,Doble Vía Sacaba-Chiñata
-66.156015,-17.402343,maxheight,2,
-66.155487,-17.402383,maxheight,2,
-66.156525,-17.402393,maxheight,2,
-66.156529,-17.402749,maxheight,2,
-66.155579,-17.402884,maxheight,2,
-66.146830,-17.403171,maxheight,4.2,Avenida Circuito Bolivia
-66.146913,-17.403194,maxheight,4.2,Avenida Circuito Bolivia
-66.146155,-17.404189,maxheight,4.2,Avenida Circuito Bolivia
-66.180917,-17.404275,maxheight,4.2,Avenida Cornelio Saavedra
-66.179914,-17.404344,maxheight,4.2,Avenida Daniel Campos
-66.171333,-17.406529,maxheight,4.2,Avenida Alfonso Arce
-66.171279,-17.406559,maxheight,4.2,Avenida Alfonso Arce
-66.171914,-17.407208,maxheight,4.2,Avenida Alfonso Arce
-66.173108,-17.408473,maxheight,4.2,Avenida Alfonso Arce
-66.173038,-17.408569,maxheight,4.2,Avenida Alfonso Arce
-66.173321,-17.408729,maxheight,4.2,
-66.173567,-17.409027,maxheight,4.2,
-66.173518,-17.409066,maxheight,4.2,
-66.174038,-17.409799,maxheight,4.2,
-66.174197,-17.409895,maxheight,4.2,
-66.170281,-17.410118,maxheight,4.2,Avenida Guillermo Killman
-66.170370,-17.410223,maxheight,4.2,Avenida Guillermo Killman
-66.174753,-17.410387,maxheight,4.2,
-66.174532,-17.410649,maxheight,4.2,
-66.174654,-17.410795,maxheight,4.2,
-66.174607,-17.410823,maxheight,4.2,
-66.175101,-17.411053,maxheight,4.2,
-66.155726,-17.413124,maxheight,5,Avenida 6 de Agosto
-66.155585,-17.413189,maxheight,5,
-66.156536,-17.413256,maxheight,4.2,Avenida 6 de Agosto
-66.155670,-17.413337,maxheight,5,Avenida 6 de Agosto
-66.156576,-17.413501,maxheight,4.2,Avenida 6 de Agosto
-66.111431,-17.415611,maxheight,4.2,Túnel El Abra
-66.133789,-17.423592,maxheight,5,Avenida Guayacán
-66.134993,-17.423747,maxheight,5,Avenida Guayacán
-66.153766,-17.425257,maxheight,4.2,Avenida Petrolera
-66.153855,-17.425267,maxheight,4.2,Avenida Petrolera
-66.335681,-17.438562,maxheight,4.5,RN4: Quillacollo-Suticollo
-66.162446,-17.438897,maxheight,5,Avenida Panamericana
-66.336016,-17.439122,maxheight,4.5,RN4: Quillacollo-Suticollo
-66.144437,-17.439706,maxheight,4.2,Avenida Petrolera
-66.143906,-17.440095,maxheight,4.2,Avenida Petrolera
-65.871840,-17.516991,maxheight,5,
-65.873135,-17.517324,maxheight,5,Doble Vía Avenida Petrolera-Angostura-Paracaya
-65.873567,-17.517416,maxheight,5,Doble Vía Avenida Petrolera-Angostura-Paracaya
-65.873240,-17.517441,maxheight,5,Doble Vía Avenida Petrolera-Angostura-Paracaya
-65.887407,-17.520301,maxheight,5,
-65.889863,-17.520615,maxheight,5,Doble Vía Avenida Petrolera-Angostura-Paracaya
-65.890211,-17.520725,maxheight,5,Doble Vía Avenida Petrolera-Angostura-Paracaya
-65.895217,-17.521219,maxheight,5,
-65.896710,-17.521645,maxheight,5,Doble Vía Avenida Petrolera-Angostura-Paracaya
-65.896702,-17.521736,maxheight,5,Doble Vía Avenida Petrolera-Angostura-Paracaya
-66.004021,-17.543939,maxheight,5,
-67.360497,-17.557168,maxheight,5.5,
-67.361827,-17.557197,maxheight,5.5,
-67.359012,-17.557881,maxheight,5.5,Doble Vía La Paz-Oruro
-67.359116,-17.558034,maxheight,5.5,Doble Vía La Paz-Oruro
-63.158969,-17.619827,maxheight,80,Vía Santa Cruz-Montero-Guabira
-70.842317,-17.684991,maxweight,36,Carretera Panamericana Sur
-63.168238,-17.731901,maxweight,40,Avenida Cristo Redentor
-63.168185,-17.731925,maxheight,5,
-63.168137,-17.731934,maxweight,40,Avenida Cristo Redentor
-63.168255,-17.732080,maxheight,5,Avenida Sexto Anillo
-63.168354,-17.732330,maxheight,5,Avenida Sexto Anillo
-63.168427,-17.732492,maxheight,5,
-63.171716,-17.740759,maxweight,40,Avenida Cristo Redentor
-63.171624,-17.740790,maxweight,40,Avenida Cristo Redentor
-63.143347,-17.778291,maxheight,5,Doble Vía Santa Cruz de la Sierra-Cotoca
-63.145135,-17.778964,maxheight,5,Doble Vía Santa Cruz de la Sierra-Cotoca
-63.145934,-17.779127,maxheight,5,Doble Vía Santa Cruz de la Sierra-Cotoca
-63.146803,-17.779361,maxheight,5,Doble Vía Santa Cruz de la Sierra-Cotoca
-63.146729,-17.779430,maxheight,5,
-63.210423,-17.813896,maxheight,4.5,Avenida Grigotá
-63.167553,-17.816553,maxheight,5.5,Cuarto Anillo
-63.167500,-17.816613,maxheight,5.5,Cuarto Anillo
-63.174116,-17.830075,maxheight,4,Calle Tamarindo Seco
-41.484807,-17.853828,maxheight,4,
-43.955738,-17.875059,maxheight,6,Beco Nancy Valadares
-43.955303,-17.875124,maxheight,6,Beco Nancy Valadares
-63.284584,-17.878937,maxheight,5,
-67.093097,-17.971529,maxheight,4.8,Avenida del Ejército
-67.093113,-17.971575,maxheight,5.3,Avenida Circunvalación
-67.093049,-17.971583,maxheight,5.3,Avenida Circunvalación
-49.285621,-18.133344,maxheight,4.1,
-43.619517,-18.182119,maxweight,7,
-69.070130,-18.287531,maxheight,5.3,
-39.860082,-18.729568,maxheight,6,Rodovia Governador Mário Covas
-39.860017,-18.729578,maxheight,6,
-39.860164,-18.729600,maxheight,6,
-41.985812,-18.823214,maxheight,4,Avenida Minas Gerais
-41.985871,-18.823317,maxheight,4,Avenida Minas Gerais
-41.983346,-18.825231,maxheight,4,Avenida Minas Gerais
-41.978571,-18.828354,maxheight,4,Avenida Minas Gerais
-41.969974,-18.830201,maxheight,4,Avenida Minas Gerais
-41.973301,-18.830251,maxheight,4,Avenida Minas Gerais
-41.966659,-18.832622,maxheight,4,Avenida Minas Gerais
-41.963552,-18.835629,maxheight,4,Avenida Minas Gerais
-41.963693,-18.835710,maxheight,4,Avenida Minas Gerais
-41.952808,-18.844644,maxweight,15,Avenida Minas Gerais
-41.952905,-18.844692,maxweight,15,Avenida Minas Gerais
-41.980760,-18.845812,maxheight,5.4,Rodovia Santos Dumont
-41.980726,-18.846220,maxheight,5.4,Rodovia Santos Dumont
-41.939120,-18.847001,maxheight,4.5,Avenida Presidente Tancredo Neves
-41.939538,-18.847216,maxheight,4,Avenida Presidente Tancredo Neves
-41.962623,-18.853827,maxheight,2.6,
-41.962350,-18.854006,maxheight,2.6,
-48.253948,-18.858316,maxheight,6.8,Anel Viário Ayrton Senna
-48.253954,-18.858448,maxheight,6.8,Anel Viário Ayrton Senna
-41.955283,-18.860238,maxweight,6,Rua Rondônia
-41.943788,-18.860570,maxheight,3.2,Rua Doutor Mário Murta
-41.944762,-18.860967,maxheight,3.2,Rua São Paulo
-41.965525,-18.865433,maxheight,3.8,Rua José Maria Alves de Carvalho
-41.965114,-18.865609,maxheight,3.8,
-41.967861,-18.872493,maxheight,5.8,Rua Sinval Leite
-48.271652,-18.895369,maxheight,5.5,Viaduto da Calu (Chico do Rivalino)
-48.187642,-18.902618,maxweight,5.4,UDI-030
-48.279702,-18.903060,maxheight,5.5,Ponte da Avenida João Pessoa
-48.219908,-18.912184,maxheight,4.5,BR-365
-48.219522,-18.938462,maxheight,6.1,Rodovia Chico Xavier
-48.219388,-18.938528,maxheight,6.1,Rodovia Chico Xavier
-65.254259,-19.038831,maxheight,4.2,
-53.889669,-19.241895,maxheight,2,
-53.886817,-19.244693,maxheight,2,
-53.878788,-19.252414,maxheight,2,
-40.088433,-19.270020,maxheight,5.2,Rodovia Governador Mário Covas
-68.619279,-19.274877,maxheight,4.5,
-68.619226,-19.274885,maxheight,4.5,RN12: Pisiga-Colchane
-40.087549,-19.278056,maxheight,5.2,Rodovia Governador Mário Covas
-40.087517,-19.278399,maxheight,5.2,Rodovia Governador Mário Covas
-40.087438,-19.279100,maxheight,5.2,Rodovia Governador Mário Covas
-40.087367,-19.279669,maxheight,5.2,Rodovia Governador Mário Covas
-40.087304,-19.280280,maxheight,5.2,Rodovia Governador Mário Covas
-40.087118,-19.281975,maxheight,5.2,Rodovia Governador Mário Covas
-40.086422,-19.288572,maxheight,5.2,Rodovia Governador Mário Covas
-40.074994,-19.319629,maxheight,5.2,Rodovia Governador Mário Covas
-40.074112,-19.321699,maxheight,5.2,Rodovia Governador Mário Covas
-40.073237,-19.323750,maxheight,5.2,Rodovia Governador Mário Covas
-40.075568,-19.323874,maxheight,5.2,
-40.075422,-19.324220,maxheight,5.2,
-40.071994,-19.326445,maxheight,5.2,Rodovia Governador Mário Covas
-40.070664,-19.328925,maxheight,5.2,Rodovia Governador Mário Covas
-40.069463,-19.331145,maxheight,5.2,Rodovia Governador Mário Covas
-40.068922,-19.332128,maxheight,5.2,Rodovia Governador Mário Covas
-40.068573,-19.332773,maxheight,5.2,Rodovia Governador Mário Covas
-40.068433,-19.333038,maxheight,5.2,Rodovia Governador Mário Covas
-40.067822,-19.334146,maxheight,5.2,Rodovia Governador Mário Covas
-40.066718,-19.336186,maxheight,5.2,Rodovia Governador Mário Covas
-40.065923,-19.337660,maxheight,5.2,Rodovia Governador Mário Covas
-40.065622,-19.338202,maxheight,5.2,Rodovia Governador Mário Covas
-40.064709,-19.340841,maxheight,5.2,Rodovia Governador Mário Covas
-40.063738,-19.344446,maxheight,5.2,Rodovia Governador Mário Covas
-40.063554,-19.347457,maxheight,5.2,Rodovia Governador Mário Covas
-40.063543,-19.350465,maxheight,5.2,Rodovia Governador Mário Covas
-40.063703,-19.352115,maxheight,5.2,Rodovia Governador Mário Covas
-40.063798,-19.353024,maxheight,5.2,Rodovia Governador Mário Covas
-40.063899,-19.353960,maxheight,5.2,Rodovia Governador Mário Covas
-40.064014,-19.354993,maxheight,5.2,Rodovia Governador Mário Covas
-40.064110,-19.355805,maxheight,5.2,Rodovia Governador Mário Covas
-40.064300,-19.357491,maxheight,5.2,Rodovia Governador Mário Covas
-40.064486,-19.359242,maxheight,5.2,Rodovia Governador Mário Covas
-40.064616,-19.360466,maxheight,5.2,Rodovia Governador Mário Covas
-40.065003,-19.363986,maxheight,5.2,Rodovia Governador Mário Covas
-40.065363,-19.367322,maxheight,5.2,Rodovia Governador Mário Covas
-40.065483,-19.368519,maxheight,5.2,Rodovia Governador Mário Covas
-40.065603,-19.369681,maxheight,5.2,Rodovia Governador Mário Covas
-40.065691,-19.370431,maxheight,5.2,Rodovia Governador Mário Covas
-40.065769,-19.371045,maxheight,5.2,Rodovia Governador Mário Covas
-40.065942,-19.372692,maxheight,5.2,Rodovia Governador Mário Covas
-40.066145,-19.374717,maxheight,5.2,Rodovia Governador Mário Covas
-40.066222,-19.375478,maxheight,5.2,Avenida D José Antônio Palmeira da Silva
-40.066280,-19.375974,maxheight,5.2,Rodovia Governador Mário Covas
-40.066419,-19.377191,maxheight,5.2,Rodovia Governador Mário Covas
-40.066520,-19.378077,maxheight,5.2,Rodovia Governador Mário Covas
-40.066546,-19.378311,maxheight,5.2,Rodovia Governador Mário Covas
-40.066586,-19.378691,maxheight,5.2,Rodovia Governador Mário Covas
-40.066633,-19.379176,maxheight,5.2,Rodovia Governador Mário Covas
-40.066683,-19.379675,maxheight,5.2,Rodovia Governador Mário Covas
-40.066731,-19.380124,maxheight,5.2,Rodovia Governador Mário Covas
-40.066801,-19.380800,maxheight,5.2,Rodovia Governador Mário Covas
-40.066909,-19.381835,maxheight,5.2,Rodovia Governador Mário Covas
-40.067120,-19.383849,maxheight,5.2,Rodovia Governador Mário Covas
-40.067394,-19.386428,maxheight,5.2,Rodovia Governador Mário Covas
-40.067530,-19.387719,maxheight,5.2,Rodovia Governador Mário Covas
-40.067580,-19.388223,maxheight,5.2,Rodovia Governador Mário Covas
-40.067632,-19.388811,maxheight,5.2,Rodovia Governador Mário Covas
-40.066471,-19.391866,maxheight,5.2,Rodovia Governador Mário Covas
-40.065268,-19.394664,maxheight,5.2,Avenida Presidente Getúlio Vargas
-40.064846,-19.395399,maxheight,5.2,Rodovia Governador Mário Covas
-40.064256,-19.396426,maxheight,5.2,Rodovia Governador Mário Covas
-40.063992,-19.396881,maxheight,5.2,Avenida Prefeito Samuel Batista Cruz
-40.063898,-19.397044,maxheight,5.2,Avenida Rufino de Carvalho
-40.063829,-19.397170,maxheight,5.2,Avenida Rufino de Carvalho
-40.063642,-19.397521,maxheight,5.2,Rodovia Governador Mário Covas
-40.063178,-19.398336,maxheight,5.2,Rodovia Governador Mário Covas
-40.062612,-19.399309,maxheight,5.2,Rodovia Governador Mário Covas
-40.062130,-19.400132,maxheight,5.2,Rodovia Governador Mário Covas
-40.061270,-19.401875,maxheight,5.2,Rodovia Governador Mário Covas
-40.060955,-19.404202,maxheight,5.2,Rodovia Governador Mário Covas
-40.061367,-19.405305,maxheight,5.2,Rodovia Governador Mário Covas
-40.062759,-19.406353,maxheight,5.2,Rodovia Governador Mário Covas
-40.064091,-19.407328,maxheight,5.2,Rodovia Governador Mário Covas
-40.064306,-19.407683,maxheight,5.2,Rodovia Governador Mário Covas
-44.247122,-19.466834,maxheight,2.2,Praça Santo Antônio
-42.538000,-19.475051,maxheight,5.3,Avenida Cláudio Moura
-44.267824,-19.480729,maxheight,3,
-41.101011,-19.484140,maxweight,10,
-65.709137,-19.529387,maxheight,5,
-65.709182,-19.529505,maxheight,5,RN5: Potosi-Puente Mendez-Sucre
-65.710376,-19.530871,maxheight,5,
-65.710493,-19.531242,maxheight,5,RN5: Potosi-Puente Mendez-Sucre
-65.710731,-19.532578,maxheight,5,RN5: Potosi-Puente Mendez-Sucre
-65.710942,-19.534051,maxheight,5,RN5: Potosi-Puente Mendez-Sucre
-65.710950,-19.534580,maxheight,5,
-65.755388,-19.584291,maxheight,2.62,
-65.784047,-19.587529,maxheight,6,
-65.755390,-19.592464,maxheight,2,Calle Colorados de Bolivia
-48.012711,-19.631179,maxheight,3,
-48.017523,-19.652366,maxheight,3,
-47.834300,-19.672599,maxwidth,3,
-43.915507,-19.674297,maxheight,5.5,Rodovia Embaixador José Aparecido de Oliveira
-43.906114,-19.679057,maxheight,5.5,MG-010
-47.863758,-19.699480,maxheight,3,
-47.860485,-19.710102,maxheight,3,
-43.581452,-19.724780,maxheight,5.5,BR-381
-43.934108,-19.729898,maxheight,5.5,MG-010
-40.379844,-19.756809,maxheight,5.5,Rodovia Governador Mário Covas
-43.634852,-19.757984,maxheight,5.5,BR-381
-43.715677,-19.761144,maxweight,3000,Avenida Canaã
-44.117700,-19.782359,maxheight,7,Rodovia Presidente Juscelino Kubitschek
-44.108311,-19.794137,maxheight,7.5,Rodovia Presidente Juscelino Kubitschek
-63.720519,-19.810905,maxheight,5,Túnel Incahuasi
-44.035339,-19.847727,maxheight,5,Dubai
-43.953543,-19.879962,maxheight,5.5,
-43.953546,-19.880116,maxheight,5.5,
-44.908462,-19.881570,maxheight,5.6,Rodovia Presidente Costa e Silva
-44.908480,-19.881660,maxheight,5.6,Rodovia Presidente Costa e Silva
-44.744062,-19.883611,maxheight,6.3,
-44.038433,-19.885601,maxheight,5.5,Avenida Severino Ballesteros Rodrigues
-44.038647,-19.885755,maxheight,5.5,Avenida Severino Ballesteros Rodrigues
-44.038337,-19.885775,maxheight,5.5,Avenida Severino Ballesteros Rodrigues
-43.951225,-19.886764,maxheight,5,BRT MOVE
-44.050339,-19.887302,maxheight,7,Rodovia Presidente Juscelino Kubitschek
-43.949656,-19.892318,maxheight,5,Avenida Presidente Antônio Carlos
-43.950133,-19.893387,maxheight,5,Avenida Presidente Antônio Carlos
-43.947292,-19.894733,maxheight,5,BRT MOVE
-43.947360,-19.896768,maxheight,5,BRT MOVE
-43.947160,-19.898752,maxheight,5,Avenida Presidente Antônio Carlos
-43.946613,-19.899990,maxheight,5,Avenida Presidente Antônio Carlos
-43.944899,-19.902328,maxheight,5,Avenida Presidente Antônio Carlos
-43.944821,-19.903669,maxheight,5,Avenida Presidente Antônio Carlos
-43.943387,-19.907809,maxheight,5,Avenida Presidente Antônio Carlos
-43.992167,-19.908037,maxheight,5.3,
-43.942981,-19.908642,maxheight,5,Avenida Presidente Antônio Carlos
-43.942578,-19.909110,maxheight,4.5,Viaduto Leste
-43.942301,-19.909242,maxheight,4.5,Viaduto Nansen Araújo
-43.942330,-19.909264,maxheight,4.5,Viaduto Nansen Araújo
-43.942166,-19.909379,maxheight,4.5,Viaduto Nansen Araújo
-43.942039,-19.909712,maxheight,4.5,Viaduto Leste
-43.941508,-19.910372,maxheight,4.5,Viaduto Leste
-43.941667,-19.910831,maxheight,4.5,Avenida Presidente Antônio Carlos
-43.941446,-19.911021,maxheight,4.5,
-43.941203,-19.911452,maxheight,4.5,Viaduto Nansen Araújo
-43.940099,-19.913553,maxheight,4.5,Viaduto Nansen Araújo
-44.128260,-19.926554,maxheight,6,Via Expressa Francisco Cleuton Lopes
-44.127094,-19.926698,maxheight,6,Via Expressa Francisco Cleuton Lopes
-44.007633,-19.936007,maxheight,5.5,
-44.007345,-19.936318,maxheight,5.5,Anel Rodoviário Celso Mello de Azevedo
-44.007647,-19.936328,maxheight,5.5,Anel Rodoviário Celso Mello de Azevedo
-43.933155,-19.939723,maxweight,2,Rua Rio Grande do Norte
-44.145428,-19.939902,maxheight,5.5,Via Expressa de Betim
-44.145591,-19.940178,maxheight,5.5,Via Expressa de Betim
-44.008041,-19.944667,maxheight,6,
-44.110152,-19.946344,maxheight,3.8,Rua Onísia Maria Sabino
-44.109613,-19.946569,maxheight,3.8,Rua Onísia Maria Sabino
-44.109146,-19.946943,maxheight,3.8,Rua José Gomes Ferreira
-43.958257,-19.947221,maxheight,5,Rua Júlia Nunes Guerra
-44.107518,-19.947584,maxheight,3.8,Rua José Gomes Ferreira
-44.025554,-19.948122,maxheight,4.5,Avenida General David Sarnoff
-44.025540,-19.948186,maxheight,4.5,Avenida General David Sarnoff
-44.008505,-19.949504,maxheight,6.5,
-44.143437,-19.952429,maxheight,4.8,Avenida Juiz Marco Túlio Isaac
-45.577677,-19.954144,maxweight,3,Ponte Olegário Maciel
-44.137981,-19.954729,maxheight,2.5,Avenida Rio Negro
-44.138112,-19.955346,maxheight,2.5,
-44.138021,-19.955427,maxheight,2.5,
-44.111347,-19.955551,maxheight,5.6,Marginal Rodovia Fernão Dias
-44.112944,-19.955554,maxheight,5.8,Rodovia Fernão Dias
-44.096462,-19.955601,maxheight,6.3,Rodovia Fernão Dias
-44.127116,-19.955662,maxheight,4.9,Rua Barra Longa
-44.099058,-19.955685,maxheight,6.3,Rodovia Fernão Dias
-44.098140,-19.955692,maxheight,6.3,Rodovia Fernão Dias
-44.110865,-19.955724,maxheight,5.6,Rodovia Fernão Dias
-44.112402,-19.955724,maxheight,5.5,Rodovia Fernão Dias
-44.108576,-19.955758,maxheight,5.6,Marginal Rodovia Fernão Dias
-44.116779,-19.955798,maxheight,5.6,Rodovia Fernão Dias
-44.110854,-19.955805,maxheight,5.8,Rodovia Fernão Dias
-44.109176,-19.955829,maxheight,5.6,Rodovia Fernão Dias
-44.025680,-19.955845,maxheight,4.5,Avenida Cardeal Eugênio Pacelli
-44.100116,-19.955866,maxheight,6.1,Rodovia Fernão Dias
-44.106334,-19.955990,maxheight,6.1,Rodovia Fernão Dias
-44.146470,-19.955994,maxheight,6.1,Rodovia Fernão Dias
-44.108275,-19.956038,maxheight,5.6,Rodovia Fernão Dias
-44.096058,-19.956043,maxheight,6.3,Rodovia Fernão Dias
-44.003105,-19.956070,maxheight,5,
-44.145708,-19.956070,maxheight,6.1,Rodovia Fernão Dias
-44.104637,-19.956076,maxheight,6.1,Rodovia Fernão Dias
-44.105812,-19.956135,maxheight,6.1,Rodovia Fernão Dias
-44.026477,-19.956138,maxheight,4.5,Avenida Cardeal Eugênio Pacelli
-44.026451,-19.956226,maxheight,4.5,Avenida Cardeal Eugênio Pacelli
-44.149256,-19.956418,maxheight,6,Rodovia Fernão Dias
-44.136868,-19.956466,maxheight,7,Rodovia Fernão Dias
-44.143274,-19.956476,maxheight,6,Marginal Rodovia Fernão Dias
-44.127072,-19.956518,maxheight,5.4,Rodovia Fernão Dias
-44.137499,-19.956583,maxheight,7,Rodovia Fernão Dias
-44.136589,-19.956595,maxheight,7,Marginal Rodovia Fernão Dias
-44.116414,-19.956600,maxheight,5.4,Rodovia Fernão Dias
-44.126557,-19.956638,maxheight,5.4,Rodovia Fernão Dias
-44.028214,-19.956914,maxheight,6,Avenida Cardeal Eugênio Pacelli
-44.150862,-19.957029,maxheight,6,Rodovia Fernão Dias
-44.124294,-19.957043,maxheight,5.4,Rodovia Fernão Dias
-44.120076,-19.957046,maxheight,5.6,Rodovia Fernão Dias
-44.123965,-19.957253,maxheight,5.4,Rodovia Fernão Dias
-44.030118,-19.957895,maxheight,6,
-44.092843,-19.957946,maxheight,5.8,BR-381
-44.152497,-19.958131,maxheight,5.81,Rodovia Fernão Dias
-44.093028,-19.958147,maxheight,5.8,Estrada do Contorno da Petrobras
-44.058814,-19.958413,maxheight,5.6,Rodovia Fernão Dias
-44.078118,-19.958556,maxheight,6,Rodovia Fernão Dias
-44.151105,-19.958575,maxheight,5.5,
-44.060620,-19.958577,maxheight,5.7,Rodovia Fernão Dias
-44.062880,-19.958665,maxheight,5.5,Rodovia Fernão Dias - Pista Lateral
-44.071610,-19.958776,maxheight,5.7,Rua B
-44.153652,-19.958799,maxheight,5.8,Rodovia Fernão Dias
-44.081850,-19.958813,maxheight,6,Rodovia Fernão Dias
-44.072025,-19.958848,maxheight,6,Rodovia Fernão Dias
-44.064089,-19.958861,maxheight,5,Rodovia Fernão Dias
-44.061315,-19.958889,maxheight,5.7,Rodovia Fernão Dias - Pista Lateral
-44.055989,-19.958951,maxheight,5.8,Rodovia Fernão Dias
-44.064552,-19.958956,maxheight,5.2,Rodovia Fernão Dias
-44.339768,-19.959163,maxheight,7.7,Rodovia Senador Eliseu Resende
-44.340136,-19.959182,maxheight,7.4,Rodovia Senador Eliseu Resende
-44.152100,-19.959261,maxheight,5.9,Rodovia Fernão Dias
-44.053963,-19.959300,maxheight,4.9,Rodovia Fernão Dias
-44.084061,-19.959547,maxheight,6,Rodovia Fernão Dias
-44.069306,-19.959600,maxheight,5.7,Rodovia Fernão Dias - Pista Lateral
-44.053670,-19.959809,maxheight,6.1,Rodovia Fernão Dias
-44.083355,-19.959870,maxheight,6,Rodovia Fernão Dias
-44.033241,-19.959880,maxheight,5.2,Avenida General David Sarnoff
-44.053105,-19.959893,maxheight,6,Rodovia Fernão Dias
-44.033372,-19.959960,maxheight,5.2,Avenida General David Sarnoff
-44.034847,-19.959963,maxheight,5.9,Rodovia Fernão Dias
-44.035305,-19.960291,maxheight,5.8,Rodovia Fernão Dias
-44.159258,-19.961083,maxheight,6.1,Rodovia Fernão Dias
-44.160147,-19.961121,maxheight,6.3,Rodovia Fernão Dias
-44.037937,-19.961385,maxheight,6,Rodovia Fernão Dias
-44.038142,-19.961615,maxheight,6,Rodovia Fernão Dias
-43.999927,-19.961657,maxheight,5.5,
-44.156055,-19.961807,maxheight,5.9,Contorno de Betim
-44.161078,-19.961840,maxheight,6,Rodovia Fernão Dias
-44.050058,-19.961985,maxheight,5.8,Rodovia Fernão Dias
-44.163129,-19.962138,maxheight,5.5,Rua Januário da Silva Santos
-44.163201,-19.962155,maxheight,5.5,Rua Januário da Silva Santos
-44.162403,-19.962262,maxheight,6,Rodovia Fernão Dias
-44.046724,-19.962847,maxheight,4.8,Rodovia Fernão Dias
-44.042527,-19.962946,maxheight,5.7,Rodovia Fernão Dias
-44.042803,-19.963217,maxheight,5.8,Rodovia Fernão Dias
-44.037448,-19.963316,maxheight,5.1,Avenida Alvarenga Peixoto
-44.167938,-19.963344,maxheight,5.4,Rodovia Fernão Dias
-44.042462,-19.963362,maxheight,5.7,Rodovia Fernão Dias
-44.037393,-19.963418,maxheight,5.1,Avenida Alvarenga Peixoto
-44.047579,-19.963597,maxheight,5.9,Rodovia Fernão Dias
-44.168013,-19.963623,maxheight,5.4,Rodovia Fernão Dias
-44.169346,-19.963841,maxheight,5.8,Rodovia Fernão Dias
-44.175245,-19.965418,maxheight,5.4,Rodovia Fernão Dias
-44.176729,-19.965772,maxheight,5.4,Rodovia Fernão Dias
-43.806044,-19.966531,maxweight,12,Ponte de Raposos
-44.178707,-19.966550,maxheight,5.5,Avenida Bandeirantes
-43.992955,-19.969320,maxheight,6,
-44.181425,-19.969712,maxheight,6.2,Rodovia Fernão Dias
-43.992165,-19.969998,maxheight,7.5,
-44.184408,-19.970750,maxheight,5.6,Rodovia Fernão Dias
-44.286784,-19.971070,maxheight,5.3,
-44.286823,-19.971253,maxheight,5.3,
-44.286863,-19.971436,maxheight,5.3,
-44.191026,-19.972905,maxheight,6.7,Avenida das Américas
-44.314716,-19.973151,maxheight,5.75,Rodovia Senador Eliseu Resende
-44.314075,-19.973212,maxheight,5.75,Rodovia Senador Eliseu Resende
-44.186477,-19.973813,maxheight,5.8,Rodovia Fernão Dias
-44.186353,-19.973970,maxheight,5,Rodovia Fernão Dias
-44.190427,-19.974226,maxheight,6.7,Avenida das Américas
-44.192183,-19.975133,maxheight,6,Rodovia Fernão Dias
-44.193245,-19.975174,maxheight,6,Rodovia Fernão Dias
-44.192971,-19.975296,maxheight,6,Rodovia Fernão Dias
-44.195382,-19.975416,maxheight,5.9,Rodovia Fernão Dias
-44.196629,-19.976180,maxheight,5.9,Rodovia Fernão Dias
-44.389998,-19.978280,maxheight,5.5,Rodovia Newton Penido
-44.389956,-19.978373,maxheight,5.5,Rodovia Newton Penido
-44.200074,-19.978839,maxheight,6.5,Rua de Áries
-44.200339,-19.979269,maxheight,6.5,Rodovia Fernão Dias
-44.200259,-19.979364,maxheight,6.2,Rodovia Fernão Dias
-44.225873,-19.980096,maxheight,5.4,
-43.982307,-19.983367,maxheight,6,
-44.205331,-19.985041,maxheight,6.3,Rodovia Senador Eliseu Resende
-44.204784,-19.985118,maxheight,6.3,Rodovia Senador Eliseu Resende
-44.203138,-19.985763,maxheight,6.3,Rodovia Senador Eliseu Resende
-44.202929,-19.985970,maxheight,6.3,Rodovia Senador Eliseu Resende
-44.201737,-19.986331,maxheight,6.3,Rodovia Senador Eliseu Resende
-44.181041,-19.987047,maxheight,5.9,Contorno de Betim
-44.183574,-19.987285,maxheight,5.9,Contorno de Betim
-44.199249,-19.987448,maxheight,5.5,Contorno de Betim
-44.185982,-19.987788,maxheight,5.9,Contorno de Betim
-44.186246,-19.988134,maxheight,5.9,Contorno de Betim
-44.203943,-19.989835,maxheight,6,Contorno de Betim
-43.961128,-19.993755,maxheight,5.5,
-43.963552,-19.999477,maxheight,6.5,
-54.748554,-2.447049,maxheight,5,
-44.219467,-20.011386,maxheight,5.1,AMG-155;MG-155
-44.228395,-20.019843,maxheight,6.4,Rodovia Fernão Dias
-44.228774,-20.020595,maxheight,6.3,Rodovia Fernão Dias
-44.229593,-20.022351,maxheight,5.3,
-45.991273,-20.023424,maxweight,15,Rodovia Aparecida Maria Teotônio
-45.993747,-20.025747,maxweight,15,Rodovia Aparecida Maria Teotônio
-44.233085,-20.027143,maxheight,6.4,Rodovia Fernão Dias
-44.237344,-20.030506,maxheight,7.3,Rodovia Fernão Dias
-44.238223,-20.031767,maxheight,6.4,Rodovia Fernão Dias
-44.248152,-20.036045,maxheight,6.4,Rodovia Fernão Dias
-44.257480,-20.039509,maxheight,6,Rodovia Fernão Dias
-44.262088,-20.041008,maxheight,6.2,Rodovia Fernão Dias
-44.264347,-20.041955,maxheight,6.1,Rodovia Fernão Dias
-44.267324,-20.042986,maxheight,5.1,Avenida Rui Barbosa
-44.286161,-20.056041,maxheight,5,
-44.288729,-20.058232,maxheight,6.3,Rodovia Fernão Dias
-44.288609,-20.058356,maxheight,6.5,Rodovia Fernão Dias
-43.978142,-20.062050,maxheight,6,
-44.297902,-20.069193,maxheight,5.8,Rodovia Fernão Dias
-44.298141,-20.069276,maxheight,5.9,Rodovia Fernão Dias
-44.301511,-20.073769,maxheight,6,
-43.965536,-20.125314,maxheight,4.5,
-43.965828,-20.125403,maxheight,4.5,
-43.966128,-20.125490,maxheight,4.5,
-40.183269,-20.129079,maxheight,5,Rua Nossa Senhora da Conceição
-43.963174,-20.156668,maxheight,6.5,
-69.789216,-20.212609,maxheight,4.5,Ruta 5 Norte
-69.796128,-20.213086,maxheight,4.2,Ruta 16
-70.129784,-20.232086,maxweight,8,Pasaje Quena
-70.130100,-20.232519,maxweight,8,Pasaje Quena
-70.134237,-20.246088,maxweight,8,Cardenal Caro
-70.083923,-20.266373,maxheight,4.2,Ruta 16
-70.085357,-20.266704,maxheight,4.2,Ruta 16
-40.302348,-20.283417,maxheight,3.9,
-40.302512,-20.283719,maxheight,3.9,
-70.131039,-20.298029,maxheight,4.2,Ruta 1
-70.131010,-20.298123,maxheight,4.2,Ruta 1
-40.395191,-20.300075,maxheight,5,Rodovia Governador Mário Covas
-40.395227,-20.300923,maxheight,5,Rodovia Governador Mário Covas
-40.395187,-20.303026,maxheight,5,Rodovia Governador Mário Covas
-40.395006,-20.305701,maxheight,5,Rodovia Governador Mário Covas
-40.394886,-20.306695,maxheight,5,Rodovia Governador Mário Covas
-40.394814,-20.307422,maxheight,5,Rodovia Governador Mário Covas
-40.394744,-20.308152,maxheight,5,Rodovia Governador Mário Covas
-40.394747,-20.308783,maxheight,5,Rodovia Governador Mário Covas
-40.394816,-20.309578,maxheight,5,Rodovia Governador Mário Covas
-40.394980,-20.310551,maxheight,5,Rodovia Governador Mário Covas
-40.395296,-20.312588,maxheight,5,Rodovia Governador Mário Covas
-40.296031,-20.313501,maxheight,2.5,
-40.402240,-20.335981,maxheight,6,Marginal BR-101 Sul
-40.308957,-20.338055,maxheight,5.5,Avenida Jerônimo Monteiro
-40.293527,-20.340318,maxheight,2.3,
-40.333980,-20.354424,maxheight,5.5,
-40.334207,-20.354495,maxheight,5.5,Avenida Carlos Lindenberg
-40.333959,-20.354536,maxheight,5.5,Avenida Carlos Lindenberg
-40.334164,-20.354600,maxheight,5.5,
-40.435669,-20.361542,maxheight,6,Rodovia Governador Mário Covas
-40.435606,-20.361601,maxheight,6,Rodovia Governador Mário Covas
-70.167457,-20.361989,maxheight,4.2,Ruta 1
-70.167885,-20.362756,maxheight,4.2,Ruta 1
-70.168100,-20.363625,maxheight,4.2,Ruta 1
-70.167956,-20.363680,maxheight,4.2,Ruta 1
-70.168194,-20.364426,maxheight,4.2,Ruta 1
-70.168499,-20.364920,maxheight,4.2,Ruta 1
-40.443900,-20.369454,maxheight,5,Rodovia Governador Mário Covas
-40.447465,-20.377606,maxheight,6,Rodovia Governador Mário Covas
-40.451488,-20.378964,maxheight,6,Rodovia Governador Mário Covas
-40.451851,-20.379194,maxheight,5,Rodovia Governador Mário Covas
-40.319077,-20.394861,maxheight,5.5,
-40.319044,-20.394995,maxheight,5.5,
-43.277692,-20.401809,maxheight,5,
-40.328760,-20.418999,maxheight,5.5,Rodovia Comandante Octavio Schneider Queiroz
-40.328720,-20.419261,maxheight,5.5,Rodovia Comandante Octavio Schneider Queiroz
-40.328829,-20.419380,maxheight,5.5,Rodovia Comandante Octavio Schneider Queiroz
-40.329144,-20.421084,maxheight,5.5,Rodovia Comandante Octavio Schneider Queiroz
-40.328937,-20.421178,maxheight,5.5,Rodovia Comandante Octavio Schneider Queiroz
-40.329071,-20.421191,maxheight,5.5,Rodovia Comandante Octavio Schneider Queiroz
-40.329234,-20.421233,maxheight,5.5,
-40.329315,-20.421329,maxheight,5.5,Rodovia Comandante Octavio Schneider Queiroz
-40.329403,-20.423698,maxheight,5.5,Rodovia Comandante Octavio Schneider Queiroz
-40.329893,-20.424473,maxheight,5.5,Rodovia Comandante Octavio Schneider Queiroz
-40.330245,-20.424854,maxheight,2.4,
-40.330259,-20.424928,maxheight,2.4,
-40.329831,-20.425320,maxheight,5.5,Rodovia Comandante Octavio Schneider Queiroz
-40.329925,-20.425336,maxheight,5.5,Rodovia Comandante Octavio Schneider Queiroz
-70.156506,-20.426964,maxheight,4.2,Ruta 1
-70.156168,-20.427222,maxheight,4.2,Ruta 1
-70.156158,-20.428484,maxheight,4.2,Ruta 1
-40.330693,-20.430020,maxheight,5.5,Rodovia Comandante Octavio Schneider Queiroz
-40.330788,-20.430054,maxheight,5.5,Rodovia Comandante Octavio Schneider Queiroz
-40.330676,-20.430653,maxheight,5.5,Rodovia Comandante Octavio Schneider Queiroz
-70.156318,-20.432133,maxheight,4.2,Ruta 1
-40.331339,-20.432397,maxheight,5.5,Rodovia Comandante Octavio Schneider Queiroz
-70.156768,-20.432776,maxheight,4.2,Ruta 1
-70.156350,-20.432828,maxheight,4.2,Ruta 1
-40.331256,-20.433121,maxheight,5.5,Rodovia Comandante Octavio Schneider Queiroz
-40.331351,-20.433157,maxheight,5.5,Rodovia Comandante Octavio Schneider Queiroz
-40.332371,-20.438060,maxheight,5.5,Rodovia Comandante Octavio Schneider Queiroz
-40.332706,-20.441750,maxheight,5.5,Rodovia Comandante Octavio Schneider Queiroz
-40.332924,-20.441756,maxheight,5.5,Rodovia Comandante Octavio Schneider Queiroz
-40.332837,-20.441766,maxheight,5.5,Rodovia Comandante Octavio Schneider Queiroz
-40.333971,-20.447893,maxheight,4,
-66.818435,-20.473228,maxheight,5.5,RN21: Uyuni-Tupiza
-66.818411,-20.473344,maxheight,5.5,
-49.785767,-20.477338,maxweight,10,Estrada da Cohab
-40.360958,-20.498352,maxheight,5.5,Rodovia José Ribeiro Tristão
-40.360805,-20.498353,maxheight,5.5,Rodovia José Ribeiro Tristão
-40.364303,-20.505695,maxheight,5.5,Rodovia José Ribeiro Tristão
-40.364101,-20.505846,maxheight,5.5,Rodovia José Ribeiro Tristão
-40.364216,-20.506214,maxheight,5.5,Rodovia José Ribeiro Tristão
-40.364244,-20.507099,maxheight,5.5,Rodovia José Ribeiro Tristão
-40.364111,-20.509112,maxheight,5.5,Rodovia José Ribeiro Tristão
-40.363773,-20.509951,maxheight,5.5,Rodovia José Ribeiro Tristão
-40.363932,-20.509980,maxheight,5.5,Rodovia José Ribeiro Tristão
-40.363821,-20.510320,maxheight,5.5,Rodovia José Ribeiro Tristão
-40.363990,-20.510836,maxheight,5.5,Rodovia José Ribeiro Tristão
-40.363832,-20.512132,maxheight,5.5,Rodovia José Ribeiro Tristão
-70.174453,-20.541890,maxheight,4.2,Ruta 1
-70.174340,-20.541994,maxheight,4.2,Ruta 1
-70.174487,-20.544883,maxheight,4.2,Ruta 1
-70.174589,-20.544887,maxheight,4.2,Ruta 1
-66.791338,-20.553891,maxheight,5.5,RN21: Uyuni-Tupiza
-66.791242,-20.554018,maxheight,5.5,
-66.791375,-20.554030,maxheight,5.5,
-66.791286,-20.554066,maxheight,5.5,RN21: Uyuni-Tupiza
-40.433577,-20.620826,maxheight,5.5,Rodovia Neuza Nader Borges
-40.433999,-20.622362,maxheight,5.5,Rodovia Neuza Nader Borges
-40.525726,-20.634878,maxweight,15,Rodovia José Ribeiro Tristão
-40.533169,-20.640087,maxweight,15,Rodovia José Ribeiro Tristão
-40.539756,-20.644903,maxweight,15,Rodovia José Ribeiro Tristão
-40.540505,-20.645685,maxweight,15,Rodovia José Ribeiro Tristão
-40.553555,-20.658873,maxweight,15,Rodovia José Ribeiro Tristão
-40.499097,-20.668294,maxweight,15,Rodovia Jones dos Santos Neves
-40.499154,-20.668363,maxweight,15,Rodovia Jones dos Santos Neves
-40.566509,-20.672032,maxheight,5.5,Rodovia José Ribeiro Tristão
-40.564737,-20.678369,maxweight,15,Rodovia José Ribeiro Tristão
-40.679181,-20.681328,maxheight,4.5,Rua Eufrozindo Silva
-40.679616,-20.683054,maxheight,4.5,
-40.563834,-20.685231,maxheight,5.5,Rodovia José Ribeiro Tristão
-40.679064,-20.685545,maxheight,4.5,Rua Eufrozindo Silva
-40.564012,-20.686011,maxheight,5.5,Rodovia José Ribeiro Tristão
-40.564127,-20.686493,maxheight,5.5,Rodovia José Ribeiro Tristão
-40.677389,-20.686707,maxheight,4.5,Rua João Damaceno Pereira
-40.677029,-20.687187,maxheight,4.5,Rua João Damaceno Pereira
-40.676888,-20.687371,maxheight,4.5,Rua João Damaceno Pereira
-40.567546,-20.695704,maxheight,5.5,Rodovia José Ribeiro Tristão
-56.747309,-20.701644,maxheight,3.5,
-40.573702,-20.704912,maxheight,5.5,Rodovia José Ribeiro Tristão
-40.574211,-20.705701,maxheight,5.5,Rodovia José Ribeiro Tristão
-40.575106,-20.713375,maxheight,5.5,Rodovia José Ribeiro Tristão
-40.573612,-20.720754,maxheight,5.5,Rodovia José Ribeiro Tristão
-40.573361,-20.721081,maxheight,5.5,Rodovia José Ribeiro Tristão
-40.573139,-20.721375,maxheight,5.5,Rodovia José Ribeiro Tristão
-40.567659,-20.724183,maxheight,5.5,Rodovia José Ribeiro Tristão
-40.561065,-20.727515,maxheight,5.5,Rodovia José Ribeiro Tristão
-40.559723,-20.728301,maxheight,5.5,Rodovia José Ribeiro Tristão
-40.559182,-20.729390,maxheight,5.5,Rodovia José Ribeiro Tristão
-40.558560,-20.731094,maxheight,5.5,Avenida Guarapari
-40.558284,-20.731381,maxheight,5.5,Rodovia José Ribeiro Tristão
-40.555631,-20.734066,maxheight,5.5,Rodovia José Ribeiro Tristão
-40.552927,-20.736680,maxheight,5.5,Rodovia José Ribeiro Tristão
-40.552131,-20.738141,maxheight,5.5,Rodovia José Ribeiro Tristão
-70.181064,-20.768344,maxheight,4.2,Ruta 1
-40.761811,-20.771422,maxweight,24,Rodovia Jorge Feres
-40.761845,-20.771586,maxweight,24,Rodovia Jorge Feres
-40.761341,-20.772443,maxweight,24,Rodovia Jorge Feres
-40.760798,-20.773264,maxweight,24,Rodovia Jorge Feres
-70.181201,-20.773677,maxheight,4.2,Ruta 1
-40.760455,-20.773785,maxweight,24,Rodovia Jorge Feres
-40.760112,-20.774305,maxweight,24,Rodovia Jorge Feres
-70.181368,-20.777708,maxheight,4.2,Ruta 1
-40.758027,-20.778184,maxweight,24,Rodovia Jorge Feres
-70.181424,-20.778519,maxheight,4.2,Ruta 1
-70.181434,-20.778667,maxheight,4.2,Ruta 1
-70.181462,-20.779024,maxheight,4.2,Ruta 1
-70.181506,-20.779571,maxheight,4.2,Ruta 1
-70.181534,-20.779927,maxheight,4.2,Ruta 1
-70.181571,-20.780388,maxheight,4.2,Ruta 1
-70.181632,-20.781168,maxheight,4.2,Ruta 1
-40.755589,-20.782637,maxweight,24,Rodovia Jorge Feres
-40.747407,-20.795780,maxweight,24,Rodovia Jorge Feres
-40.629092,-20.800618,maxweight,24,Rua Filadelfia Fernandes
-49.355532,-20.802457,maxheight,5.9,Rodovia Assis Chateaubriand
-49.355599,-20.802660,maxheight,6.4,Rodovia Assis Chateaubriand
-40.635514,-20.805698,maxweight,24,Rua Filadelfia Fernandes
-40.739103,-20.808776,maxweight,24,Rodovia Jorge Feres
-40.737692,-20.810075,maxweight,24,Rodovia Jorge Feres
-40.734464,-20.817258,maxweight,24,Rodovia Jorge Feres
-49.394623,-20.823240,maxheight,5.5,Rodovia Washington Luís
-49.385171,-20.823324,maxheight,5.1,Avenida Doutor Alberto Andaló
-49.384992,-20.823333,maxheight,5.1,Avenida Doutor Alberto Andaló
-49.392999,-20.823390,maxheight,5.4,Rodovia Washington Luís
-49.394677,-20.823396,maxheight,5.4,Rodovia Washington Luís
-40.731963,-20.824370,maxweight,24,Rodovia Jorge Feres
-49.366259,-20.826160,maxheight,5.3,Avenida Murchid Homsi
-49.366119,-20.826258,maxheight,5.3,Avenida Murchid Homsi
-40.730403,-20.827272,maxweight,24,Rodovia Jorge Feres
-49.359905,-20.828119,maxheight,5.5,Rodovia Transbrasiliana
-49.359753,-20.828222,maxheight,5.5,Rodovia Transbrasiliana
-49.361693,-20.830406,maxheight,5.7,Rodovia Washington Luís
-49.361702,-20.830684,maxheight,5.6,Rodovia Washington Luís
-51.730662,-20.830728,maxheight,5.5,BR-158
-40.725992,-20.832001,maxweight,24,Rodovia Jorge Feres
-49.364555,-20.834084,maxheight,5.5,Rodovia Transbrasiliana
-49.364410,-20.834193,maxheight,5.5,Rodovia Transbrasiliana
-40.722918,-20.834666,maxweight,24,Rodovia Jorge Feres
-49.352104,-20.841303,maxheight,4.8,Avenida Doutor Lotf João Bassitt
-49.351798,-20.841620,maxheight,4.8,
-40.939369,-20.865515,maxweight,4,Rua Maria Madalena Volpato
-49.412458,-20.865821,maxheight,5.5,Rodovia Transbrasiliana
-49.412381,-20.865874,maxheight,5.5,Rodovia Transbrasiliana
-43.802071,-20.880704,maxheight,3.5,Rua Bebiano José Vieira
-41.183678,-20.923980,maxweight,10,Avenida Nossa Senhora Aparecida
-48.473102,-20.949205,maxheight,4.5,Avenida Prefeito Edne José Piffer
-48.472970,-20.949347,maxheight,4.5,Avenida Prefeito Edne José Piffer
-40.811923,-20.979212,maxweight,10,
-40.811925,-20.979364,maxweight,10,
-40.818240,-20.979888,maxweight,10,Estrada do Penedo
-40.824484,-20.980524,maxweight,10,Estrada do Penedo
-40.833105,-20.987050,maxweight,10,Estrada do Penedo
-49.205392,-20.990976,maxheight,5,Rodovia Roberto Mario Perosa
-40.841689,-20.993628,maxweight,10,Estrada do Penedo
-40.842806,-20.997008,maxweight,10,Estrada do Penedo
-49.630505,-21.002182,maxheight,5.2,Rodovia Assis Chateaubriand
-49.630793,-21.002723,maxheight,5.2,Rodovia Assis Chateaubriand
-49.631105,-21.003256,maxheight,5.2,Rodovia Assis Chateaubriand
-49.631526,-21.003698,maxheight,5.2,Rodovia Assis Chateaubriand
-49.632314,-21.004339,maxheight,5.2,Rodovia Assis Chateaubriand
-49.634948,-21.005539,maxheight,5.2,Rodovia Assis Chateaubriand
-40.836542,-21.007415,maxweight,9,Ponte Delegado Orialdo Meirelles
-48.998291,-21.112831,maxheight,2,
-50.585543,-21.201350,maxheight,3.8,
-50.537197,-21.202173,maxheight,4.8,ART-448
-50.466476,-21.212071,maxheight,4.4,Rua Aguapeí
-50.468766,-21.212555,maxheight,4.4,Rua Aguapeí
-43.759389,-21.214147,maxheight,4,Rua Ceará
-43.759611,-21.214301,maxheight,4,Rua Ceará
-43.759445,-21.214312,maxheight,4,Rua Ceará
-43.759624,-21.214915,maxheight,4,Rua Ceará
-43.759744,-21.215471,maxheight,4,Rua Ceará
-47.835540,-21.216235,maxheight,4,Avenida Adelmo Perdizza
-47.836180,-21.216286,maxheight,4,Avenida Adelmo Perdizza
-43.759430,-21.217656,maxheight,4,Rua Ceará
-47.817048,-21.222984,maxheight,5.4,Rodovia José Fregonezi
-47.816934,-21.223103,maxheight,5.4,Rodovia José Fregonezi
-50.864512,-21.224372,maxheight,4,Rua Tiradentes
-51.837466,-21.224445,maxheight,1.7,
-50.870879,-21.224809,maxheight,5,Rua Waldemar Breda
-50.857369,-21.229421,maxheight,5.4,Anel Viário Professor Ivan Ferreira
-50.340127,-21.287961,maxheight,3.3,Rua Antônio Simões
-50.340177,-21.288008,maxheight,3.3,Rua Antônio Simões
-50.340246,-21.288074,maxheight,3.3,Rua Antônio Simões
-51.812260,-21.320855,maxheight,2.5,
-51.852813,-21.344187,maxheight,3,
-47.839267,-21.345711,maxheight,5.5,
-51.848443,-21.352875,maxweight,120,Avenida Antônio Domingues Bordin
-51.858396,-21.353455,maxweight,100,Avenida Rodion Podolsky
-51.858293,-21.353500,maxweight,100,Avenida Rodion Podolsky
-51.851577,-21.354462,maxheight,3,
-51.854062,-21.355094,maxheight,1.5,
-51.853947,-21.355142,maxheight,1.5,
-51.851703,-21.355176,maxheight,3,
-51.853840,-21.355188,maxheight,1.5,
-51.853749,-21.355226,maxheight,1.5,
-51.853642,-21.355272,maxheight,1.5,
-51.853532,-21.355319,maxheight,1.5,
-51.853430,-21.355362,maxheight,1.5,
-51.853315,-21.355411,maxheight,1.5,
-51.860046,-21.357390,maxheight,3,
-51.852971,-21.360268,maxwidth,3.5,
-51.853083,-21.360335,maxwidth,3.5,
-51.852953,-21.360389,maxwidth,3.5,
-51.713111,-21.361201,maxwidth,3,Rodovia Comandante João Ribeiro de Barros
-51.713013,-21.361368,maxwidth,3,Rodovia Comandante João Ribeiro de Barros
-51.851607,-21.362997,maxheight,2.8,
-51.851645,-21.363069,maxheight,2.8,
-51.853036,-21.363087,maxheight,1.5,
-51.851666,-21.363108,maxheight,2.8,
-51.868856,-21.363353,maxheight,2,
-51.858574,-21.363615,maxheight,3.2,
-51.857816,-21.364669,maxheight,2.5,
-51.857465,-21.364816,maxheight,2.5,
-51.857573,-21.365069,maxheight,2.5,
-51.857672,-21.365273,maxheight,2.5,
-51.860908,-21.368711,maxheight,2,
-51.876436,-21.368968,maxheight,2,
-51.859890,-21.377424,maxheight,2,
-64.925270,-21.387158,maxheight,5,RN1: Tarija-El Puente
-46.515635,-21.406827,maxwidth,4.5,
-64.388873,-21.439505,maxheight,5.5,RN11: Junacas-Entre Rios
-64.388875,-21.439620,maxheight,5.5,
-51.906085,-21.463771,maxheight,5,Estrada Aldeia do Lago
-51.536471,-21.493040,maxheight,3.2,Avenida Expedicionários
-44.915771,-21.506250,maxwidth,8,Ponte Waldermar Vilela de Paula
-64.712938,-21.528403,maxwidth,6.2,Calle 7
-64.713572,-21.529151,maxwidth,6.2,
-64.712169,-21.529479,maxwidth,6.2,Calle 7
-64.712329,-21.529965,maxwidth,6.2,
-64.711669,-21.530269,maxwidth,6.2,Calle 7
-64.715357,-21.530634,maxwidth,6.2,Calle 3
-64.715257,-21.531459,maxwidth,7.1,Calle Emma Mogro de Navajas
-64.714780,-21.531603,maxwidth,7.2,Calle Eudal Valdez
-64.715225,-21.531977,maxwidth,7.4,Calle Luis Parra
-64.715654,-21.532360,maxwidth,7.1,Calle Julio Lema Castellanos
-64.712687,-21.532640,maxwidth,7.1,Calle Bernardo Raña Trigo
-64.713877,-21.533732,maxwidth,7.1,Calle Julio Lema Castellanos
-51.350473,-21.534719,maxheight,5,Rodovia Comandante João Ribeiro de Barros
-47.932385,-21.536037,maxheight,5.3,Rodovia Antônio Machado Sant'Anna
-47.932311,-21.536193,maxheight,5.3,Rodovia Antônio Machado Sant'Anna
-64.722017,-21.542107,maxheight,3,
-64.721749,-21.542276,maxheight,2,
-44.382961,-21.583731,maxheight,5.2,
-45.312253,-21.666100,maxheight,5.7,Rodovia Fernão Dias
-45.318270,-21.667233,maxheight,5.7,Rodovia Fernão Dias
-45.322768,-21.668373,maxheight,5.7,Rodovia Fernão Dias
-45.328440,-21.669575,maxheight,7.2,Rodovia Fernão Dias
-48.242024,-21.672890,maxweight,7,Estrada Graciano da Ressureição Affonso
-45.336148,-21.673285,maxheight,5.4,BR-491;MG-167
-45.335875,-21.673480,maxheight,5.4,BR-491;MG-167
-45.335551,-21.673718,maxheight,5.4,BR-491;MG-167
-48.239932,-21.676098,maxweight,7,Estrada Graciano da Ressureição Affonso
-54.107910,-21.677130,maxheight,2,
-48.237743,-21.684282,maxweight,7,Estrada Graciano da Ressureição Affonso
-45.259757,-21.689210,maxweight,3.5,Rua Deputado Carlos Luz
-45.259671,-21.689239,maxweight,3.5,Rua Deputado Carlos Luz
-45.259264,-21.689773,maxweight,3.5,Rua Deputado Carlos Luz
-45.259053,-21.691481,maxweight,3.5,Rua Deputado Carlos Luz
-45.249575,-21.693810,maxweight,3.5,Rua José Capistrano de Souza
-45.256018,-21.695948,maxheight,2.2,
-45.257616,-21.698874,maxheight,3.5,
-48.219016,-21.700006,maxweight,7,Estrada Graciano da Ressureição Affonso
-45.255920,-21.701720,maxweight,3.5,Avenida Nestlé
-45.255223,-21.702059,maxweight,3.5,Avenida Nestlé
-45.254362,-21.702447,maxweight,3.5,Ponte do Santa Teresa
-45.261307,-21.708477,maxweight,3.5,Rua Ernesto de Carvalho
-45.262403,-21.709309,maxweight,3.5,Rua Uruguai
-45.262950,-21.709373,maxweight,3.5,Rua Cabo Benedito Alves
-50.706529,-21.709432,maxheight,5.5,Rodovia João Fiorillo
-45.262189,-21.709543,maxweight,3.5,Rua Ernesto de Carvalho
-48.201741,-21.711576,maxweight,7,Estrada Graciano da Ressureição Affonso
-50.727466,-21.712598,maxheight,5.4,Rodovia Assis Chateaubriand
-50.728251,-21.712664,maxheight,5.4,Rodovia Assis Chateaubriand
-48.199881,-21.713773,maxweight,7,Estrada Graciano da Ressureição Affonso
-48.199172,-21.714934,maxweight,7,Estrada Graciano da Ressureição Affonso
-48.199222,-21.714990,maxweight,7,Estrada Graciano da Ressureição Affonso
-50.291067,-21.715000,maxweight,25,BR-267
-48.199078,-21.715131,maxweight,7,Dispositivo Viário Antonio Rodrigues Gomes Filho
-48.198913,-21.715335,maxweight,7,Rua José Barbieri Neto
-48.198982,-21.715369,maxweight,7,Rua José Barbieri Neto
-48.198600,-21.715922,maxweight,7,Rua José Barbieri Neto
-48.198302,-21.716403,maxweight,7,Rua José Barbieri Neto
-48.197510,-21.717693,maxweight,7,Rua José Barbieri Neto
-48.192690,-21.726580,maxweight,7,Rua José Barbieri Neto
-43.357036,-21.732805,maxweight,6,Avenida Juiz de Fora
-43.357011,-21.733096,maxweight,6,Avenida Barão do Rio Branco
-43.357164,-21.733221,maxweight,6,
-48.188488,-21.734485,maxweight,7,Rua José Barbieri Neto
-48.188557,-21.734506,maxweight,7,Rua José Barbieri Neto
-48.188321,-21.734824,maxweight,7,Dispositivo Viário Demerval Simões
-48.188462,-21.734869,maxweight,7,Dispositivo Viário Demerval Simões
-48.186846,-21.739078,maxweight,7,Rua José Barbieri Neto
-48.187027,-21.739099,maxweight,7,Rua José Barbieri Neto
-48.185355,-21.743402,maxweight,7,Dispositivo Viário João Ultramari
-48.185567,-21.743441,maxweight,7,Dispositivo Viário João Ultramari
-48.184441,-21.746034,maxweight,7,Rua José Barbieri Neto
-48.184646,-21.746116,maxweight,7,Rua José Barbieri Neto
-48.183495,-21.748729,maxweight,7,Rua José Barbieri Neto
-48.183721,-21.748811,maxweight,7,Rua José Barbieri Neto
-48.182777,-21.750852,maxweight,7,Rua José Barbieri Neto
-48.183008,-21.750921,maxweight,7,Rua José Barbieri Neto
-50.955294,-21.753064,maxheight,5.2,Rodovia Comandante João Ribeiro de Barros
-46.554838,-21.759476,maxweight,100,Tirolesa Pedra Balão
-43.350825,-21.762690,maxweight,6,Rua Santo Antônio
-43.350280,-21.764825,maxweight,6,Rua Santo Antônio
-43.349742,-21.766436,maxweight,6,Rua Santo Antônio
-46.602130,-21.779626,maxheight,4.5,Avenida Antônio Togni
-46.602269,-21.779720,maxheight,4.5,Avenida Antônio Togni
-46.602401,-21.779812,maxheight,4.5,Avenida Antônio Togni
-46.598158,-21.781702,maxheight,4.5,Rua Ocílio Bonifácio
-46.598295,-21.781768,maxheight,4.5,Rua Ocílio Bonifácio
-46.598418,-21.781828,maxheight,4.5,Rua Ocílio Bonifácio
-46.598465,-21.781851,maxheight,4.5,Rua Ocílio Bonifácio
-48.198897,-21.783974,maxheight,5.5,Avenida Alberto Benassi
-48.198972,-21.784035,maxheight,5.5,Via de Acesso Engenheiro Heitor de Souza Pinheiro
-46.595657,-21.784450,maxheight,4.5,Rua Caetano Peterie
-46.595676,-21.784496,maxheight,4.5,Rua Caetano Peterie
-46.595718,-21.784596,maxheight,4.5,Rua Caetano Peterie
-48.200614,-21.784675,maxheight,5.5,Via de Acesso Engenheiro Heitor de Souza Pinheiro
-46.595764,-21.784706,maxheight,4.5,Rua Caetano Peterie
-46.591562,-21.784718,maxheight,4.5,
-46.591572,-21.784881,maxheight,4.5,
-48.202150,-21.784911,maxheight,5.5,Via de Acesso Engenheiro Heitor de Souza Pinheiro
-48.202716,-21.784975,maxheight,5.5,Via de Acesso Engenheiro Heitor de Souza Pinheiro
-48.202803,-21.785008,maxheight,5.5,Via de Acesso Engenheiro Heitor de Souza Pinheiro
-46.591583,-21.785036,maxheight,4.5,
-46.586299,-21.785068,maxheight,4.5,
-46.586297,-21.785217,maxheight,4.5,
-46.586295,-21.785360,maxheight,4.5,
-46.581004,-21.785382,maxheight,4.5,Rua da Saudade
-46.568056,-21.785428,maxheight,4.5,
-46.567522,-21.785433,maxheight,4.5,Rua Minas Gerais
-46.581007,-21.785522,maxheight,4.5,Rua da Saudade
-46.580995,-21.785663,maxheight,4.5,Rua da Saudade
-46.565806,-21.785683,maxheight,4.5,Rua Assis Figueiredo
-46.574571,-21.785741,maxheight,4.5,
-46.574576,-21.785884,maxheight,4.5,
-46.572043,-21.785895,maxheight,4.5,Avenida João Pinheiro
-46.571916,-21.786005,maxheight,4.5,Avenida João Pinheiro
-46.574581,-21.786047,maxheight,4.5,
-46.571914,-21.786078,maxheight,4.5,Avenida João Pinheiro
-63.573471,-21.787396,maxheight,5,Avenida Virgen del Carmen
-48.218672,-21.788730,maxheight,4.8,
-48.218671,-21.788840,maxheight,4.8,
-48.172364,-21.789187,maxheight,4,
-63.570703,-21.789335,maxheight,5,Avenida Virgen del Carmen
-48.217713,-21.790044,maxheight,4.8,
-48.172322,-21.790499,maxheight,4,Avenida Maria Antônia Camargo de Oliveira
-63.567983,-21.791261,maxheight,5,Avenida Virgen del Carmen
-48.172280,-21.791781,maxheight,4,Avenida Maria Antônia Camargo de Oliveira
-48.172386,-21.791789,maxheight,4,Avenida Maria Antônia Camargo de Oliveira
-48.172340,-21.792718,maxheight,4,Avenida Maria Antônia Camargo de Oliveira
-48.172468,-21.792727,maxheight,4,Avenida Maria Antônia Camargo de Oliveira
-63.565517,-21.793002,maxheight,5,Avenida Virgen del Carmen
-48.172437,-21.793290,maxheight,4,Avenida Maria Antônia Camargo de Oliveira
-48.172631,-21.793319,maxheight,4,Avenida Maria Antônia Camargo de Oliveira
-48.172522,-21.794401,maxheight,4,Avenida Maria Antônia Camargo de Oliveira
-48.172630,-21.794434,maxheight,4,Avenida Maria Antônia Camargo de Oliveira
-63.563065,-21.794736,maxheight,5,Avenida Virgen del Carmen
-48.172532,-21.795044,maxheight,4,
-48.172670,-21.795426,maxheight,4,Avenida Maria Antônia Camargo de Oliveira
-63.560742,-21.796453,maxheight,5,Avenida Virgen del Carmen
-48.207158,-21.802938,maxweight,12,ARA-253
-48.198981,-21.804493,maxweight,12,
-47.475105,-21.846965,maxheight,2.2,Avenida Ângelo Ramos
-47.475516,-21.849093,maxheight,2.2,Avenida Ângelo Ramos
-52.020102,-21.849222,maxheight,5.2,Rodovia Raposo Tavares
-52.018863,-21.849886,maxheight,5.2,Rodovia Raposo Tavares
-52.014457,-21.851639,maxheight,5.2,Rodovia Raposo Tavares
-52.010509,-21.853151,maxheight,5.2,
-52.001788,-21.854320,maxheight,5.2,Rodovia Raposo Tavares
-51.993060,-21.855504,maxheight,5.2,Rodovia Raposo Tavares
-51.984586,-21.856654,maxheight,5.2,Rodovia Raposo Tavares
-51.975634,-21.857870,maxheight,5.2,Rodovia Raposo Tavares
-51.943202,-21.862246,maxheight,5.2,Rodovia Raposo Tavares
-51.941660,-21.862455,maxheight,5.2,Rodovia Raposo Tavares
-51.940131,-21.862665,maxheight,5.2,Rodovia Raposo Tavares
-48.115326,-21.863712,maxheight,4.8,
-51.928558,-21.865260,maxheight,5.2,Rodovia Raposo Tavares
-51.917044,-21.867882,maxheight,5.2,Rodovia Raposo Tavares
-51.915126,-21.868542,maxheight,5.2,Rodovia Raposo Tavares
-51.913319,-21.869159,maxheight,5.2,Rodovia Raposo Tavares
-51.885419,-21.878733,maxheight,5.2,Rodovia Raposo Tavares
-51.857307,-21.888383,maxheight,5.2,Rodovia Raposo Tavares
-51.846869,-21.892062,maxheight,5.2,Rodovia Raposo Tavares
-51.845739,-21.892390,maxheight,5.2,Rodovia Raposo Tavares
-48.067089,-21.896935,maxheight,5.2,
-70.171773,-21.901103,maxheight,4.3,Ruta 1
-50.521550,-21.938589,maxheight,3.6,Rua João Lemes Soares
-50.527052,-21.943922,maxheight,4.5,Estrada Vicinal Adelelmo Piva
-50.519955,-21.946425,maxheight,3.6,Avenida Inglaterra
-44.893569,-21.958694,maxweight,15,Avenida Juscelino Kubitscheck de Oliveira
-47.971160,-21.964254,maxheight,4.3,
-46.803843,-21.965013,maxheight,2.6,Rua Cesário Travassos
-46.794408,-21.965854,maxwidth,2,Rua Doutor Teófilo Ribeiro de Andrade
-46.801321,-21.965947,maxheight,2.6,Rua Cesário Travassos
-46.794705,-21.965985,maxwidth,2,Rua Doutor Teófilo Ribeiro de Andrade
-46.801127,-21.966205,maxheight,2.6,Rua Marechal Deodoro
-46.795287,-21.966314,maxwidth,2,Rua Doutor Teófilo Ribeiro de Andrade
-46.801028,-21.966431,maxheight,2.6,Pontilhão
-46.800987,-21.966466,maxheight,2.6,Pontilhão
-46.800927,-21.966504,maxheight,2.6,Pontilhão
-46.800596,-21.966922,maxheight,2.6,Rua Marechal Deodoro
-47.898212,-21.987199,maxheight,4.7,
-47.875389,-21.996688,maxheight,4,
-47.875544,-21.996952,maxheight,4,
-47.874465,-21.997473,maxheight,4,
-50.395410,-22.000210,maxheight,1.9,HER-03
-50.395566,-22.000291,maxheight,1.9,HER-03
-50.395768,-22.000392,maxheight,1.9,HER-03
-47.867426,-22.003374,maxheight,3.6,Avenida Capitão Luiz Brandão
-47.857281,-22.015344,maxheight,4.2,Rua Doutor Marino da Costa Terra
-47.893109,-22.029034,maxheight,3.6,Rua Itália
-47.843408,-22.073811,maxheight,5.5,
-70.192495,-22.074440,maxheight,4.3,Ruta 24
-70.192249,-22.074520,maxheight,4.3,Ruta 24
-70.191579,-22.074755,maxheight,4.3,Ruta 24
-70.187869,-22.078453,maxheight,4.3,Ruta 24
-70.183887,-22.082295,maxheight,4.3,Ruta 24
-70.182812,-22.082690,maxheight,4.3,Ruta 24
-70.179235,-22.082773,maxheight,4.3,Ruta 24
-70.181638,-22.082798,maxheight,4.3,Ruta 24
-70.180244,-22.082834,maxheight,4.3,Ruta 24
-70.140886,-22.094996,maxheight,4.3,Ruta 24
-49.440312,-22.100690,maxheight,3.6,Rua Sete de Setembro
-70.102806,-22.108140,maxheight,4.3,Ruta 24
-70.102496,-22.108467,maxheight,4.3,Ruta 24
-70.102103,-22.109185,maxheight,4.3,Ruta 24
-70.101889,-22.109404,maxheight,4.3,Ruta 24
-70.101620,-22.109576,maxheight,4.3,Ruta 24
-70.101251,-22.109768,maxheight,4.3,Ruta 24
-70.101270,-22.109860,maxheight,4.3,Ruta 24
-70.100445,-22.110176,maxheight,4.3,Ruta 24
-70.100137,-22.110577,maxheight,4.3,Ruta 24
-70.099354,-22.111363,maxheight,4.3,Ruta 24
-70.099098,-22.111686,maxheight,4.3,Ruta 24
-70.089864,-22.118635,maxheight,4.3,Ruta 24
-51.175414,-22.122811,maxheight,5.5,Rodovia Assis Chateaubriand
-45.072499,-22.124886,maxheight,5.4,
-51.178136,-22.124948,maxheight,5.5,Rodovia Assis Chateaubriand
-70.079913,-22.126161,maxheight,4.3,Ruta 24
-70.077549,-22.128508,maxheight,4.3,Ruta 24
-70.075451,-22.130094,maxheight,4.3,Ruta 24
-70.074427,-22.130739,maxheight,4.3,Ruta 24
-70.073653,-22.131125,maxheight,4.3,Ruta 24
-70.072647,-22.131796,maxheight,4.3,Ruta 24
-70.072489,-22.131887,maxheight,4.3,Ruta 24
-70.071694,-22.132262,maxheight,4.3,Ruta 24
-70.071411,-22.132512,maxheight,4.3,Ruta 24
-70.070305,-22.133079,maxheight,4.3,Ruta 24
-70.070090,-22.133254,maxheight,4.3,Ruta 24
-70.068504,-22.134090,maxheight,4.3,Ruta 24
-70.066623,-22.135029,maxheight,4.3,Ruta 24
-70.065715,-22.135425,maxheight,4.3,Ruta 24
-70.065082,-22.135709,maxheight,4.3,Ruta 24
-70.064628,-22.135913,maxheight,4.3,Ruta 24
-70.064254,-22.136081,maxheight,4.3,Ruta 24
-70.063904,-22.136239,maxheight,4.3,Ruta 24
-70.063416,-22.136460,maxheight,4.3,Ruta 24
-70.062724,-22.136785,maxheight,4.3,Ruta 24
-70.061890,-22.137223,maxheight,4.3,Ruta 24
-50.090783,-22.154997,maxheight,3,
-50.090748,-22.155067,maxheight,3,
-50.090515,-22.155098,maxheight,3,
-50.090290,-22.155111,maxheight,3,
-50.090606,-22.155116,maxheight,3,
-50.092192,-22.155426,maxheight,3,
-50.092235,-22.155455,maxheight,3,
-43.286137,-22.157002,maxheight,2.25,Rua Visconde da Paraíba
-43.287217,-22.157669,maxheight,3.6,Rua Saldanha Marinho
-50.088399,-22.159553,maxheight,3,
-50.084619,-22.163144,maxheight,3,
-50.083803,-22.163506,maxheight,3,
-43.293150,-22.164910,maxheight,3.3,Rua Barão de Piabanha
-43.298034,-22.167044,maxheight,3.3,Rua Teixeira Leite
-49.969995,-22.175717,maxheight,4.5,Avenida República
-47.398377,-22.182320,maxheight,4.6,Rodovia Anhanguera
-47.397243,-22.189203,maxheight,4.6,Rua dos Hemerócalis
-47.397843,-22.189265,maxheight,4.6,Rua dos Hemerócalis
-47.398488,-22.189375,maxheight,4.6,Rua dos Hemerócalis
-69.830272,-22.210549,maxheight,4.3,Ruta 24
-47.745065,-22.210798,maxheight,5.5,Rodovia Washington Luís
-47.744220,-22.213157,maxheight,5.5,Rodovia Washington Luís
-47.767224,-22.215473,maxheight,5.5,Trevo Luiz Carlos do Nascimento Amaral
-49.856860,-22.217023,maxheight,5.6,
-49.856749,-22.217300,maxheight,5.6,
-49.856687,-22.217529,maxheight,5.6,
-45.915864,-22.218802,maxheight,5.5,Avenida Antônio Scodeller
-45.916420,-22.219014,maxheight,5.5,Avenida Antônio Scodeller
-49.880775,-22.222345,maxheight,5.3,
-49.880709,-22.222601,maxheight,5.3,
-49.880673,-22.222656,maxheight,5.3,Rodovia Comandante João Ribeiro de Barros
-49.880649,-22.222895,maxheight,5.3,
-45.907793,-22.227269,maxheight,5,
-45.907532,-22.227298,maxheight,5,
-45.881558,-22.240868,maxheight,5.7,
-45.465667,-22.243123,maxheight,3,Praça Doutor Carneiro de Rezende
-51.500318,-22.267257,maxheight,5.5,Rodovia Assis Chateaubriand
-51.497708,-22.267813,maxheight,5.5,Rodovia Assis Chateaubriand
-51.457374,-22.268113,maxheight,5.5,Rodovia Assis Chateaubriand
-51.457569,-22.268364,maxheight,5.5,Rodovia Assis Chateaubriand
-51.511658,-22.273840,maxheight,5.5,Rodovia Assis Chateaubriand
-51.511713,-22.274035,maxheight,5.5,Rodovia Assis Chateaubriand
-69.560830,-22.278407,maxheight,4.3,Ruta 24
-69.564491,-22.278457,maxheight,4.3,Ruta 24
-69.581488,-22.278975,maxheight,4.3,Ruta 24
-69.595450,-22.279455,maxheight,4.3,Ruta 24
-69.595763,-22.279466,maxheight,4.3,Ruta 24
-69.597551,-22.279522,maxheight,4.3,Ruta 24
-49.495005,-22.281571,maxheight,4.9,
-69.246026,-22.301110,maxheight,4.3,Ruta 24
-49.123358,-22.306614,maxheight,5,Rodovia Comandante João Ribeiro de Barros
-49.123445,-22.306781,maxheight,5,Rodovia Comandante João Ribeiro de Barros
-49.054882,-22.313706,maxheight,4,Rua Francisco Vidrih
-49.116510,-22.323492,maxheight,4.3,Avenida Waldemar Guimarães Ferreira
-49.062188,-22.327721,maxheight,3.5,Rua Joaquim Fidelis
-68.929839,-22.328542,maxheight,4.3,Ruta 24
-68.931039,-22.328653,maxheight,4.3,Ruta 24
-47.385855,-22.349140,maxheight,2.4,
-55.216894,-22.350558,maxheight,10,
-49.038676,-22.359723,maxheight,5.2,Rodovia Engenheiro João Baptista Cabral Rennó
-49.038539,-22.359819,maxheight,5.2,Rodovia Engenheiro João Baptista Cabral Rennó
-42.933784,-22.361682,maxwidth,3,
-49.040879,-22.362094,maxheight,5.2,Rodovia Engenheiro João Baptista Cabral Rennó
-49.040818,-22.362322,maxheight,5.2,Rodovia Engenheiro João Baptista Cabral Rennó
-46.970351,-22.373845,maxheight,5.2,
-46.971118,-22.373878,maxheight,5.2,
-46.970720,-22.373889,maxheight,5.2,
-42.953291,-22.389150,maxheight,5.5,Rotatória da Prata
-42.953390,-22.389415,maxheight,5.5,Rotatória da Prata
-47.552083,-22.420320,maxheight,4.5,Avenida 29
-47.552063,-22.420396,maxheight,4.5,Avenida 29
-45.460294,-22.428623,maxheight,3,Avenida Marginal Direita
-47.552813,-22.436855,maxheight,4.1,Estrada Santa Gertrudes
-47.552135,-22.437292,maxheight,4.1,Estrada Santa Gertrudes
-42.635652,-22.439867,maxwidth,3,Rua Dulce Braz Costa
-42.630483,-22.441130,maxwidth,3,Rua José Araujo Costa
-42.639049,-22.444363,maxwidth,3,Rua José Ventura da Rosa
-47.546814,-22.449962,maxheight,3,
-47.534219,-22.451200,maxheight,3.2,Avenida Remolo Tonon
-47.534130,-22.451202,maxheight,3.2,Avenida Remolo Tonon
-44.442757,-22.460777,maxheight,6.8,Rodovia Presidente Dutra
-44.441910,-22.460828,maxheight,6.8,Saída 311
-44.443203,-22.460937,maxheight,6.8,Rodovia Presidente Dutra
-44.443159,-22.461030,maxheight,6.8,Saída 311
-44.445472,-22.461251,maxheight,6.8,Rodovia Presidente Dutra
-44.445002,-22.461352,maxheight,6.8,Saída 311
-44.447153,-22.461509,maxheight,6.8,Saída 311
-44.458607,-22.462075,maxheight,4,
-44.458247,-22.462135,maxheight,4,
-44.465166,-22.462326,maxheight,4.5,Avenida Rita Maria Ferreira da Rocha
-44.450648,-22.462350,maxheight,4.5,Avenida Presidente Vargas
-44.429382,-22.462662,maxheight,4,Rua Iberê Camargo
-44.447724,-22.462801,maxheight,4.5,Rua Doutor Luís Pistarini
-44.429084,-22.462933,maxheight,4,Rua Leonardo da Vinci
-44.439196,-22.462955,maxheight,4,Avenida Doutor Marcondes Godoy
-44.435440,-22.462967,maxheight,4,Rua Doutor Haroldo Vianna Rodrigues
-44.439112,-22.462974,maxheight,4,Avenida Doutor Marcondes Godoy
-44.426527,-22.463221,maxheight,4,Rua Burle Marx
-44.450801,-22.463233,maxheight,4.5,Avenida Presidente Vargas
-44.427326,-22.463358,maxheight,4,Rua Pedro Américo
-44.436612,-22.463429,maxheight,4,Rua Paulo Guimarães
-44.425660,-22.463501,maxheight,4,Rua Bandeira de Melo
-44.456087,-22.463511,maxheight,4.5,Avenida Rita Maria Ferreira da Rocha
-44.426473,-22.463522,maxheight,4,Rua Anita Malfatti
-44.438508,-22.463531,maxheight,4,Rua Bady Sarkis
-44.439464,-22.463533,maxheight,4,
-44.429684,-22.463719,maxheight,4,Rua Di Calvalcante
-44.449681,-22.463852,maxheight,4,Rua Nicolau Rizzo
-44.427769,-22.463881,maxheight,4,Rua Tarsila do Amaral
-44.456097,-22.463915,maxheight,4.5,Avenida Rita Maria Ferreira da Rocha
-44.435840,-22.464083,maxheight,4,Rua Seis
-44.459678,-22.464121,maxheight,4.5,Avenida Marcílio Dias
-44.427470,-22.464584,maxheight,4,Rua José Pancetti
-44.438801,-22.464677,maxheight,4,Rua Cel. Xisto Peline
-44.443357,-22.464679,maxheight,4,Rua Expedicionário Domingo Gonçaves Sena
-44.447235,-22.464721,maxheight,4.5,Rua Sebastião Jesé Rodrigues
-44.438129,-22.464935,maxheight,4,Rua Ismar Pineschi
-44.439923,-22.464936,maxheight,4,Rua Antonio Duizit
-44.454353,-22.464937,maxheight,4,Rua Mario Periquito
-44.443144,-22.464952,maxheight,4,Rua Costa Lobo
-44.441770,-22.465243,maxheight,4,Rua Nair Esteves
-44.438122,-22.465297,maxheight,4,Rua Antonio Duizit
-44.453012,-22.465358,maxheight,4,Rua Pandia Calogeras
-44.444740,-22.465445,maxheight,4.5,Rua Isaac David Halpern
-44.451442,-22.465495,maxheight,3.8,
-44.452886,-22.465575,maxheight,4,Rua Macedo Miranda
-44.451972,-22.465612,maxheight,4,Rua Abel Rodrigues Pontes
-44.451357,-22.465639,maxheight,4.5,
-44.435974,-22.465709,maxheight,2.5,
-44.439753,-22.465717,maxheight,4,Rua Pastor Elson
-44.450665,-22.465776,maxheight,3.8,Avenida Presidente Kennedy
-44.444294,-22.465778,maxheight,4,Rua Antônio Veloso Junior
-44.426840,-22.465800,maxheight,4,Rua Di Calvalcante
-44.438374,-22.465967,maxheight,4,Rua Doutor Araripe Reis
-44.446865,-22.465970,maxheight,4,
-44.441961,-22.465996,maxheight,4,Rua Cadete Edson
-44.440532,-22.466034,maxheight,4,Rua Cadete Caldas
-44.437708,-22.466096,maxheight,4,Rua Expedicionário Laudelino Nogueira
-44.456874,-22.466111,maxheight,4,Rua Mauro Cezar do Nascimento
-44.452065,-22.466174,maxheight,4,Rua Abel Rodrigues Pontes
-44.450570,-22.466300,maxheight,4,Rua Luís Eusébio
-44.453526,-22.466383,maxheight,4,Rua Pandia Calogeras
-44.440036,-22.466404,maxheight,4,Rua Pastor Elson
-44.441342,-22.466456,maxheight,4,Rua Expedicionário Cadiz
-44.444369,-22.466467,maxheight,4,Rua Dalva Menandro
-44.452133,-22.466585,maxheight,4,Rua Abel Rodrigues Pontes
-44.442875,-22.466871,maxheight,4,Rua Agulhas Negras
-44.448655,-22.467101,maxheight,4,
-44.442240,-22.467135,maxheight,4,Rua Nair Esteves
-44.440787,-22.467144,maxheight,4,Rua Cadete Souto
-44.448245,-22.467309,maxheight,4,Avenida Presidente Kennedy
-44.442152,-22.467615,maxheight,4,Rua Expedicionário Antônio Francisco de Carvalho Filho
-44.447531,-22.467657,maxheight,4.5,Ponte Doutor Tácito Viana Rodrigues
-44.468077,-22.467861,maxheight,4,
-44.447757,-22.467904,maxheight,4.5,Avenida Doutor Gustavo Jardim
-44.447387,-22.467918,maxheight,4,Avenida Presidente Kennedy
-44.442820,-22.468066,maxheight,4,Avenida Beira Rio
-44.469046,-22.468081,maxheight,4,Rua Doutor Artur Locher
-44.451994,-22.468089,maxheight,4,Rua João Batista V. de Moraes
-44.456334,-22.468175,maxheight,4,Rua Elza da Silva Duarte
-44.446307,-22.468595,maxheight,4,Rua Simão da Cunha Gago
-44.466482,-22.468756,maxheight,4,
-44.463908,-22.468792,maxheight,4,Rua Tiradentes
-44.457463,-22.468910,maxheight,4.5,Avenida Tenente Coronel Adalberto Mendes
-44.451982,-22.469019,maxheight,4,Rua Astolpho Villaça
-44.457529,-22.469279,maxheight,4,Rua Professor Oswaldo da Rocha Camõe
-44.447293,-22.469288,maxheight,4,Rua Alcides Jardineiro
-44.451107,-22.469433,maxheight,4,Rua Francisco Villaca
-44.467478,-22.469748,maxheight,4,Rua Doutor Artur Locher
-44.460802,-22.469865,maxheight,4.5,Avenida Tenente Coronel Adalberto Mendes
-44.467561,-22.470137,maxheight,4,Avenida Basileia
-44.449141,-22.470949,maxheight,4,Rua do Rosário
-44.453913,-22.471008,maxheight,4,Rua Madre Angelica
-44.459842,-22.471998,maxheight,4,Rua Fluminense
-44.445837,-22.472009,maxheight,4,Rua do Rosário
-44.448933,-22.472076,maxheight,4,Rua Juca de Mattos
-44.448761,-22.472184,maxheight,4,Travessa Senhor dos Passo
-44.449217,-22.473549,maxheight,4,Rua Senhor dos Passos
-44.466969,-22.474385,maxheight,4.5,Avenida Tenente Coronel Adalberto Mendes
-44.453189,-22.474457,maxheight,4,Rua General Praty de Aguiar
-44.450054,-22.474843,maxheight,4,Rua Senhor dos Passos
-44.453638,-22.475190,maxheight,4,Rua Francisco Tavares de Resende
-44.463802,-22.475582,maxheight,4.5,Avenida General Fonseca
-44.451394,-22.476352,maxheight,4,Rua Senhor dos Passos
-44.461613,-22.478676,maxheight,4.5,Avenida Augusto de Carvalho
-44.461476,-22.478681,maxheight,4.5,Avenida Augusto de Carvalho
-44.458885,-22.478722,maxheight,4,Rua Roberto Riva
-44.453252,-22.479177,maxheight,4,Rua Francisco Tavares de Resende
-44.453175,-22.479251,maxheight,4,Rua Francisco Tavares de Resende
-44.458180,-22.479636,maxheight,4,Rua Cláudia Assumpção
-44.453255,-22.479723,maxheight,4,Rua Claudino José de Paula
-44.463506,-22.479983,maxheight,4.5,Avenida Augusto de Carvalho
-44.460573,-22.480725,maxheight,4,Rua Santa Ângela
-44.460849,-22.480867,maxheight,4,Rua Professor Jorge Kuraiem
-44.464547,-22.480939,maxheight,4.5,Avenida Augusto de Carvalho
-44.464940,-22.481108,maxheight,4.5,Avenida Augusto de Carvalho
-44.458967,-22.481607,maxheight,4,Rua Miguel Nunes Teixeira
-44.456441,-22.482380,maxheight,4,Rua Alcides Ribeiro Wright
-54.126704,-22.482875,maxheight,2,
-51.663372,-22.486386,maxheight,5.5,Rodovia Assis Chateaubriand
-46.633381,-22.487420,maxheight,4.5,SP-360;BR-146
-44.653864,-22.492198,maxheight,6.3,Rodovia Presidente Dutra
-44.650892,-22.493236,maxheight,6.3,Rodovia Presidente Dutra
-44.647911,-22.494395,maxheight,6.3,Rodovia Presidente Dutra
-44.646530,-22.495251,maxheight,6.3,Rodovia Presidente Dutra
-44.644771,-22.496246,maxheight,6.3,Rodovia Presidente Dutra
-44.663253,-22.497799,maxheight,6.3,Rodovia Presidente Dutra
-44.089663,-22.500883,maxheight,2.8,Avenida Almirante Adalberto de Barros Nunes
-44.088318,-22.501185,maxheight,3,Avenida Almirante Adalberto de Barros Nunes
-47.401606,-22.501945,maxheight,5.1,Rodovia Washington Luís
-47.399340,-22.502360,maxheight,5.2,Rodovia Washington Luís
-44.072852,-22.502395,maxheight,5,
-47.399360,-22.502617,maxheight,5.1,Rodovia Washington Luís
-47.400225,-22.502956,maxheight,5.1,
-47.398754,-22.503488,maxheight,5.1,
-44.072628,-22.503684,maxheight,4.75,Rua Eloy Pereira Pimentel
-44.675460,-22.504711,maxheight,6.8,Rodovia Presidente Dutra
-42.302055,-22.508439,maxheight,6.3,Rodovia Governador Mário Covas
-42.301971,-22.508603,maxheight,5.9,Rodovia Governador Mário Covas
-44.688094,-22.509402,maxheight,6.8,Rodovia Presidente Dutra
-44.091138,-22.511943,maxheight,5.5,Rodovia Lúcio Meira
-44.109565,-22.517045,maxheight,5,Rodovia Lúcio Meira
-44.109051,-22.517157,maxheight,4.5,Avenida dos Trabalhadores
-46.647365,-22.522348,maxheight,5.5,Avenida Trinta e Um de Março
-41.933422,-22.527204,maxheight,3.5,Avenida Rotary Club
-41.933430,-22.527263,maxheight,3.5,Rua Colibri
-44.195669,-22.532893,maxheight,4.3,
-44.771955,-22.536555,maxheight,4.5,Rua Major Cirino
-44.194916,-22.537225,maxheight,4.5,Estrada Governador Chagas Freitas
-44.776044,-22.538124,maxheight,11,Rodovia Presidente Dutra
-44.776018,-22.538209,maxheight,11,Rodovia Presidente Dutra
-44.156650,-22.547607,maxweight,20,Viaduto Elias Rodrigues Costa
-44.179229,-22.552756,maxheight,6,Rua Sebastião Correa
-44.179357,-22.552762,maxheight,6,Rua Sebastião Correa
-44.177573,-22.553143,maxheight,6,Rua Sebastião Correa
-44.175903,-22.553561,maxheight,6,Rua Sebastião Correa
-44.174719,-22.554343,maxheight,6,Rua Sebastião Correa
-44.173560,-22.555134,maxheight,6,Rua Sebastião Correa
-44.173870,-22.555306,maxheight,6.7,Rodovia Presidente Dutra
-44.173476,-22.555308,maxheight,6,Rua Sebastião Correa
-44.173398,-22.555474,maxheight,6,Rua Sebastião Correa
-44.173504,-22.555671,maxheight,6.5,Rodovia Presidente Dutra
-44.173271,-22.556156,maxheight,6,Rua Sebastião Correa
-44.173147,-22.556851,maxheight,6,Rua Sebastião Correa
-44.172953,-22.557785,maxheight,6.7,Rodovia Presidente Dutra
-44.172303,-22.559492,maxheight,6,Rua Sebastião Correa
-44.167227,-22.560955,maxheight,6.7,Rodovia Presidente Dutra
-44.164389,-22.561744,maxheight,6,Rua Sebastião Corrêa
-44.161977,-22.562039,maxheight,6,Rua Sebastião Corrêa de Oliveira
-44.171431,-22.562132,maxheight,6,Rua Sebastião Correa
-44.170988,-22.562474,maxheight,6,Rua Sebastião Correa
-44.168104,-22.562548,maxheight,6,Rua Sebastião Corrêa
-44.170365,-22.562577,maxheight,6.5,
-44.170181,-22.562892,maxheight,6,Rua Sebastião Correa
-47.399557,-22.569095,maxheight,2.15,
-41.989876,-22.574428,maxwidth,0.3,obstáculo
-44.877073,-22.578962,maxheight,6.9,Rodovia Presidente Dutra
-44.877184,-22.578978,maxheight,6.4,Rodovia Presidente Dutra
-55.682447,-22.581376,maxwidth,1,
-44.034698,-22.582125,maxheight,6.1,Rodovia Presidente Dutra
-44.026835,-22.582205,maxheight,6.1,Rodovia Presidente Dutra
-43.966541,-22.582998,maxheight,2.5,Buraco Varjão
-44.051176,-22.587019,maxheight,6.1,Rodovia Presidente Dutra
-44.088648,-22.588304,maxheight,6.1,Rodovia Presidente Dutra
-44.094636,-22.588406,maxheight,6.1,Rodovia Presidente Dutra
-44.100680,-22.588706,maxheight,6.1,Rodovia Presidente Dutra
-44.081175,-22.590077,maxheight,6.1,Rodovia Presidente Dutra
-44.076840,-22.591879,maxheight,6.1,Rodovia Presidente Dutra
-44.068203,-22.592263,maxheight,6.1,Rodovia Presidente Dutra
-44.069519,-22.592740,maxheight,6.1,Rodovia Presidente Dutra
-44.073682,-22.592846,maxheight,6.1,Rodovia Presidente Dutra
-44.072798,-22.592880,maxheight,6.1,Rodovia Presidente Dutra
-44.071246,-22.592895,maxheight,6.1,Rodovia Presidente Dutra
-41.995669,-22.594897,maxweight,45,Rodovia Amaral Peixoto
-43.949823,-22.597119,maxheight,6.5,Rodovia Presidente Dutra
-43.026193,-22.604389,maxheight,5.5,
-43.026093,-22.604605,maxheight,5.5,
-47.353758,-22.609598,maxweight,3,LIM-373
-47.059747,-22.623134,maxheight,3.5,Alameda Maurício de Nassau
-47.059767,-22.623190,maxheight,3.5,Alameda Maurício de Nassau
-50.409222,-22.638174,maxheight,5.3,Rodovia Raposo Tavares
-50.409210,-22.638269,maxheight,5.3,Rodovia Raposo Tavares
-47.328393,-22.639038,maxheight,5.4,
-43.209907,-22.646413,maxheight,6,Rodovia Rio Teresópolis
-43.203358,-22.646490,maxheight,6,Rodovia Rio-Teresópolis
-43.198750,-22.646557,maxheight,6,Rodovia Rio Teresópolis
-43.209991,-22.646558,maxheight,6,Rodovia Rio-Teresópolis
-43.216518,-22.646771,maxheight,5.5,Rodovia Rio-Teresópolis
-43.219661,-22.647030,maxheight,5.5,
-43.180504,-22.647915,maxheight,6.1,
-43.180211,-22.648161,maxheight,5.5,Rodovia Raphael de Almeida Magalhães
-43.180338,-22.648275,maxheight,5.5,Rodovia Raphael de Almeida Magalhães
-43.180198,-22.648339,maxheight,6.1,
-43.231276,-22.648975,maxheight,6.7,Rodovia Rio-Teresópolis
-44.957718,-22.650803,maxheight,5,Rodovia Hamilton Vieira Mendes
-44.957565,-22.650850,maxheight,5,Rodovia Hamilton Vieira Mendes
-43.165161,-22.651742,maxheight,6.2,
-43.086396,-22.654796,maxheight,5.5,Rodovia Rio-Teresópolis
-43.146534,-22.655042,maxheight,5.2,Rodovia Rio-Teresópolis
-43.087101,-22.655156,maxheight,5.5,
-43.087082,-22.655350,maxheight,5.5,
-43.088374,-22.656305,maxheight,5.5,Rodovia Rio-Teresópolis
-43.088259,-22.656418,maxheight,5.5,Rodovia Rio-Teresópolis
-43.130123,-22.656980,maxheight,5.5,Rodovia Rio-Teresópolis
-43.092462,-22.660670,maxheight,5.9,Rodovia Rio-Teresópolis
-43.116440,-22.660693,maxheight,5.5,Rodovia Rio-Teresópolis
-45.012233,-22.660729,maxweight,7,Ponte Professor Agostinho Vicente de Freitas Ramos
-45.012181,-22.661348,maxweight,7,Ponte Professor Agostinho Vicente de Freitas Ramos
-45.011953,-22.662470,maxheight,3.8,Rua Silva Caldas
-43.093897,-22.662488,maxheight,5.5,Rodovia Rio-Teresópolis
-43.257754,-22.663269,maxheight,6.1,Rodovia Rio-Teresópolis
-43.112858,-22.664137,maxheight,5.5,Rodovia Rio-Teresópolis
-43.271037,-22.669002,maxheight,6,Rodovia Rio-Teresópolis
-47.686942,-22.669683,maxheight,6,Avenida Doutor Antonio da Costa Pinto e Silva
-44.990957,-22.669969,maxheight,5.5,
-43.274391,-22.670391,maxheight,5.5,
-44.999992,-22.675677,maxheight,5.7,Rodovia Presidente Dutra
-44.999928,-22.675768,maxheight,5.6,Rodovia Presidente Dutra
-43.286147,-22.676234,maxheight,5.5,Rodovia Washington Luiz
-43.813686,-22.680015,maxheight,6.4,Rodovia Presidente Dutra
-43.813346,-22.681102,maxheight,6.4,Rodovia Presidente Dutra
-47.673004,-22.685987,maxheight,5.3,Avenida Cristóvão Colombo
-47.673192,-22.686072,maxheight,5.3,Avenida Cristóvão Colombo
-43.800753,-22.686358,maxheight,6.4,Rodovia Presidente Dutra
-48.670467,-22.690493,maxheight,5.4,
-42.548637,-22.691605,maxheight,5.6,Rodovia Governador Mário Covas
-47.778056,-22.693142,maxheight,3.5,Avenida Fioravante Cenedese
-47.660432,-22.698200,maxheight,5.5,Rodovia Geraldo de Barros
-47.658229,-22.700911,maxheight,5.5,Avenida Primeiro de Agosto
-43.567832,-22.708832,maxheight,2.85,
-43.567760,-22.708870,maxheight,2.85,Avenida Fluminense
-43.567728,-22.708893,maxheight,2.85,Avenida Fluminense
-43.567955,-22.709096,maxheight,2.85,Túnel do Pontilhão
-43.567874,-22.709145,maxheight,2.85,Túnel do Pontilhão
-43.567839,-22.709426,maxheight,2.85,Túnel do Pontilhão
-43.567699,-22.709510,maxheight,2.85,Túnel do Pontilhão
-43.567533,-22.709616,maxheight,2.85,
-42.656855,-22.710565,maxheight,6,Rodovia Governador Mário Covas
-47.647212,-22.715388,maxheight,5.5,Avenida Armando de Salles Oliveira
-43.719516,-22.715968,maxheight,5,Rodovia Presidente Dutra
-43.717248,-22.716142,maxheight,5,Rodovia Presidente Dutra
-43.716745,-22.716212,maxheight,5,Rodovia Presidente Dutra
-43.717866,-22.716216,maxheight,5,Rodovia Presidente Dutra
-43.715906,-22.716330,maxheight,5,Rodovia Presidente Dutra
-43.716763,-22.716382,maxheight,5,Rodovia Presidente Dutra
-43.716566,-22.716410,maxheight,5,Rodovia Presidente Dutra
-43.716127,-22.716469,maxheight,5,Rodovia Presidente Dutra
-43.714844,-22.716479,maxheight,5.8,Rodovia Presidente Dutra
-43.710922,-22.717041,maxheight,5.8,Rodovia Presidente Dutra
-43.706126,-22.717728,maxheight,5.8,Rodovia Presidente Dutra
-43.703435,-22.718114,maxheight,5.8,Rodovia Presidente Dutra
-43.691421,-22.719838,maxheight,5.8,Rodovia Presidente Dutra
-47.646193,-22.720353,maxheight,5,Avenida Armando de Salles Oliveira
-42.691340,-22.722839,maxheight,5.5,Rodovia Governador Mário Covas
-45.074335,-22.727310,maxheight,2,
-43.635205,-22.728391,maxheight,6.3,
-45.073884,-22.728417,maxheight,2,
-43.635023,-22.728470,maxheight,6.4,Rodovia Presidente Dutra
-43.629800,-22.729243,maxheight,6.4,Rodovia Presidente Dutra
-45.075043,-22.729699,maxheight,2,
-43.716309,-22.729742,maxheight,5.7,Rodovia Luiz Henrique Rezende Novaes
-43.715352,-22.730743,maxheight,5.7,Rodovia Luiz Henrique Rezende Novaes
-43.714474,-22.731656,maxheight,5.7,Rodovia Luiz Henrique Rezende Novaes
-43.557641,-22.732508,maxheight,5.5,Rodovia Presidente Dutra
-43.555140,-22.734006,maxheight,5.5,Rodovia Presidente Dutra
-43.551766,-22.735464,maxheight,5.5,Rodovia Presidente Dutra
-43.549039,-22.735669,maxheight,5.5,Rodovia Presidente Dutra
-47.491487,-22.735897,maxweight,3.5,
-47.491443,-22.736051,maxweight,3.5,
-43.490730,-22.737547,maxheight,5.8,Rodovia Presidente Dutra
-43.489110,-22.737564,maxheight,5.8,Rodovia Presidente Dutra
-43.487570,-22.737662,maxheight,5.8,Rodovia Presidente Dutra
-42.736590,-22.737869,maxheight,5.8,Rodovia Governador Mário Covas
-43.484274,-22.737917,maxheight,5.8,Rodovia Presidente Dutra
-43.483623,-22.738084,maxheight,6.1,Rodovia Presidente Dutra
-43.478232,-22.738257,maxheight,5.8,
-43.478364,-22.738393,maxheight,5.8,Rodovia Presidente Dutra
-43.493934,-22.738549,maxheight,5.8,Rodovia Presidente Dutra
-43.475659,-22.738710,maxheight,5.8,Rodovia Presidente Dutra
-43.473598,-22.738778,maxheight,5.8,Rodovia Presidente Dutra
-50.205925,-22.738963,maxheight,4.9,
-43.471041,-22.738976,maxheight,4.6,Rodovia Presidente Dutra
-43.467355,-22.739271,maxheight,4.6,Rodovia Presidente Dutra
-43.463015,-22.739620,maxheight,4.6,Rodovia Presidente Dutra
-43.460738,-22.739804,maxheight,4.6,Rodovia Presidente Dutra
-43.497403,-22.739856,maxheight,6.5,Rodovia Presidente Dutra
-43.459494,-22.739904,maxheight,4.6,Rodovia Presidente Dutra
-43.497414,-22.739972,maxheight,6.6,Rodovia Presidente Dutra
-43.497918,-22.740086,maxheight,6.5,Rodovia Presidente Dutra
-43.458198,-22.740093,maxheight,5.1,Rodovia Presidente Dutra
-43.497870,-22.740168,maxheight,6.6,Rodovia Presidente Dutra
-43.498733,-22.740434,maxheight,6.5,Rodovia Presidente Dutra
-43.456370,-22.740492,maxheight,5.1,Rodovia Presidente Dutra
-43.498965,-22.740640,maxheight,6.6,Rodovia Presidente Dutra
-43.455128,-22.740873,maxheight,5.1,Rodovia Presidente Dutra
-43.456065,-22.740924,maxheight,5.1,Rodovia Presidente Dutra
-47.327501,-22.740970,maxheight,3.7,
-47.327590,-22.740999,maxheight,3.7,
-43.500122,-22.741010,maxheight,6.5,Rodovia Presidente Dutra
-43.454335,-22.741176,maxheight,5.1,Rodovia Presidente Dutra
-43.500597,-22.741333,maxheight,6.6,Rodovia Presidente Dutra
-43.453802,-22.741401,maxheight,5.1,Rodovia Presidente Dutra
-43.453339,-22.741619,maxheight,5.1,Rodovia Presidente Dutra
-43.502112,-22.741844,maxheight,5.2,Rodovia Presidente Dutra
-45.092962,-22.742040,maxheight,5.7,Rodovia Presidente Dutra
-45.092911,-22.742103,maxheight,5.6,Rodovia Presidente Dutra
-43.504852,-22.742996,maxheight,5.2,Rodovia Presidente Dutra
-43.507183,-22.743876,maxheight,5.2,Rodovia Presidente Dutra
-43.509182,-22.744144,maxheight,5.2,Rodovia Presidente Dutra
-43.510747,-22.744197,maxheight,5.2,Rodovia Presidente Dutra
-43.449014,-22.744372,maxheight,4.8,Rodovia Presidente Dutra
-43.447958,-22.745212,maxheight,4.9,Rodovia Presidente Dutra
-45.097659,-22.745389,maxheight,5.9,Rodovia Presidente Dutra
-45.097585,-22.745446,maxheight,6,Rodovia Presidente Dutra
-43.446686,-22.745976,maxheight,4.8,Rodovia Presidente Dutra
-43.446423,-22.746270,maxheight,4.9,Rodovia Presidente Dutra
-43.445858,-22.746667,maxheight,4.9,Rodovia Presidente Dutra
-43.445027,-22.747258,maxheight,4.9,Rodovia Presidente Dutra
-43.444401,-22.747552,maxheight,4.8,Rodovia Presidente Dutra
-43.444338,-22.747750,maxheight,4.9,Rodovia Presidente Dutra
-43.443606,-22.748099,maxheight,4.8,Rodovia Presidente Dutra
-43.443785,-22.748133,maxheight,4.9,Rodovia Presidente Dutra
-43.443031,-22.748645,maxheight,4.9,Rodovia Presidente Dutra
-43.442390,-22.748934,maxheight,4.8,Rodovia Presidente Dutra
-43.306719,-22.748998,maxheight,2,Avenida Governador Leonel de Moura Brizola
-43.306848,-22.749008,maxheight,2,Avenida Governador Leonel de Moura Brizola
-43.441031,-22.749869,maxheight,4.8,Rodovia Presidente Dutra
-49.429461,-22.749949,maxheight,4.9,
-43.440864,-22.750130,maxheight,4.9,Rodovia Presidente Dutra
-45.105510,-22.750568,maxheight,5.6,
-43.439758,-22.750753,maxheight,4.8,Rodovia Presidente Dutra
-45.105303,-22.750955,maxheight,5.6,
-45.105372,-22.751003,maxheight,5.6,
-43.438492,-22.751636,maxheight,6.5,Rodovia Presidente Dutra
-43.437665,-22.752493,maxheight,5.7,Rodovia Presidente Dutra (Pista Lateral)
-43.437276,-22.752595,maxheight,6.5,Rodovia Presidente Dutra
-43.436068,-22.753605,maxheight,5.7,Rodovia Presidente Dutra (Pista Lateral)
-43.433686,-22.754963,maxheight,6.5,Rodovia Presidente Dutra
-47.002421,-22.755108,maxweight,12,Rua Walter Franco de Lima
-45.609899,-22.755123,maxheight,3.4,Rodovia Floriano Rodrigues Pinheiro
-42.888921,-22.755406,maxheight,6.4,Rodovia Governador Mário Covas
-42.891713,-22.756037,maxheight,6.1,Rodovia Governador Mário Covas
-42.886902,-22.756145,maxheight,6.4,Rodovia Governador Mário Covas
-42.893341,-22.756848,maxheight,6.1,Rodovia Governador Mário Covas
-42.893981,-22.757686,maxheight,6.1,Rodovia Governador Mário Covas
-42.881302,-22.759042,maxheight,6.4,Rodovia Governador Mário Covas
-43.287281,-22.759123,maxheight,6.5,Rodovia Washington Luiz - Auxiliar
-43.425945,-22.759328,maxheight,6.5,Rodovia Presidente Dutra
-45.117307,-22.759621,maxheight,6.3,Rodovia Presidente Dutra
-42.879623,-22.759769,maxheight,6.4,Rodovia Governador Mário Covas
-45.118216,-22.760150,maxheight,6.3,Rodovia Presidente Dutra
-43.422803,-22.761398,maxheight,6.5,Rodovia Presidente Dutra
-43.583448,-22.761735,maxheight,4.5,Estrada Mato Grosso
-42.901877,-22.762934,maxheight,6.1,Rodovia Governador Mário Covas
-42.901698,-22.762938,maxheight,6.1,Rodovia Governador Mário Covas
-43.286880,-22.765934,maxheight,5.5,Rodovia Washington Luiz - Auxiliar
-43.413388,-22.766455,maxheight,6.4,Rodovia Presidente Dutra
-42.907325,-22.766532,maxheight,2.3,
-42.907507,-22.766554,maxheight,2.3,Retorno Itaboraí Plaza
-42.907801,-22.766872,maxheight,2.3,Retorno Itaboraí Plaza
-42.907543,-22.767102,maxheight,2.3,Retorno Itaboraí Plaza
-42.907644,-22.767171,maxheight,2.3,
-42.907714,-22.767172,maxheight,2.3,Retorno Itaboraí Plaza
-42.913801,-22.768346,maxheight,6.3,Rodovia Governador Mário Covas
-42.914296,-22.768470,maxheight,6.3,Rodovia Governador Mário Covas
-43.408623,-22.769631,maxheight,5.3,Rodovia Presidente Dutra
-42.919815,-22.769968,maxheight,6.3,Rodovia Governador Mário Covas
-43.286524,-22.770662,maxheight,7,
-42.929793,-22.771203,maxheight,5.95,Rodovia Governador Mário Covas
-43.406383,-22.771208,maxheight,5.3,Rodovia Presidente Dutra
-42.926126,-22.771357,maxheight,5.3,Rodovia Governador Mário Covas
-42.928308,-22.771386,maxheight,5.4,Rodovia Governador Mário Covas
-42.925614,-22.771478,maxheight,5.4,Rodovia Governador Mário Covas
-42.924122,-22.771534,maxheight,2.5,
-42.924149,-22.771576,maxheight,5.5,Rodovia Governador Mário Covas - Pista Lateral
-43.403905,-22.772813,maxheight,5.3,Rodovia Presidente Dutra
-42.933859,-22.772877,maxheight,5.95,Rodovia Governador Mário Covas
-42.935339,-22.772908,maxheight,5.95,Rodovia Governador Mário Covas
-43.593819,-22.773467,maxheight,4.5,Estrada Mato Grosso
-43.401737,-22.774471,maxheight,5.3,Rodovia Presidente Dutra
-42.940691,-22.774690,maxheight,5.95,Rodovia Governador Mário Covas
-42.940020,-22.774697,maxheight,5.95,Rodovia Governador Mário Covas
-42.951554,-22.777053,maxheight,6.1,Rodovia Governador Mário Covas
-42.955491,-22.777933,maxheight,6.1,Rodovia Governador Mário Covas
-42.960832,-22.779285,maxheight,6.1,Rodovia Governador Mário Covas
-42.964812,-22.779992,maxheight,6.1,Rodovia Governador Mário Covas
-43.391153,-22.780239,maxheight,6.4,Rodovia Presidente Dutra
-43.391148,-22.780346,maxheight,6.4,Rodovia Presidente Dutra
-45.147167,-22.780787,maxheight,6.5,
-45.147082,-22.780884,maxheight,6.3,Rodovia Presidente Dutra
-45.147021,-22.780958,maxheight,6.3,Rodovia Presidente Dutra
-45.146919,-22.781082,maxheight,6.5,Rua Belo Horizonte
-42.984165,-22.784241,maxheight,6.1,Rodovia Governador Mário Covas
-42.984112,-22.784403,maxheight,6.1,Rodovia Governador Mário Covas
-42.994312,-22.786641,maxheight,6.15,Rodovia Governador Mário Covas
-42.995192,-22.786670,maxheight,6.15,Rodovia Governador Mário Covas
-45.157348,-22.788383,maxheight,2.3,
-43.370806,-22.790362,maxheight,5.4,Rodovia Presidente Dutra
-43.019546,-22.791996,maxheight,6.2,Rodovia Governador Mário Covas
-43.019471,-22.792148,maxheight,6.2,Rodovia Governador Mário Covas
-45.163400,-22.792720,maxheight,6.4,Rodovia Presidente Dutra
-43.366405,-22.792985,maxheight,5.4,Rodovia Presidente Dutra
-43.026428,-22.793332,maxheight,5.3,Rodovia Governador Mário Covas
-43.026298,-22.793468,maxheight,5.3,Rodovia Governador Mário Covas
-43.364856,-22.793644,maxheight,4.4,Rodovia Presidente Dutra (Pista Lateral)
-43.362234,-22.795248,maxheight,6.6,Rodovia Presidente Dutra
-43.359548,-22.796793,maxheight,6.6,Rodovia Presidente Dutra
-43.359996,-22.796798,maxheight,6.3,Rodovia Presidente Dutra (Pista Lateral)
-43.358681,-22.797157,maxheight,6.1,Rodovia Presidente Dutra (Pista Lateral)
-43.358105,-22.797628,maxheight,6.4,
-43.357160,-22.798037,maxheight,6.1,Rodovia Presidente Dutra (Pista Lateral)
-43.051211,-22.799791,maxheight,5.6,Rodovia Governador Mário Covas
-43.051248,-22.800010,maxheight,5.6,Rodovia Governador Mário Covas
-43.353596,-22.800427,maxheight,6.3,Rodovia Presidente Dutra (Pista Lateral)
-43.352768,-22.800594,maxheight,7.4,Rodovia Presidente Dutra
-43.352420,-22.800663,maxheight,2.1,Rodovia Presidente Dutra (Pista Lateral)
-43.349755,-22.802132,maxheight,2.1,Rodovia Presidente Dutra (Pista Lateral)
-43.349709,-22.802586,maxheight,6.3,Rodovia Presidente Dutra (Pista Lateral)
-43.347815,-22.803214,maxheight,6.8,Rodovia Presidente Dutra (Pista Lateral)
-43.346585,-22.803884,maxheight,5.1,Rodovia Presidente Dutra (Pista Lateral)
-43.346537,-22.804329,maxheight,7.5,Rodovia Presidente Dutra (Pista Lateral)
-43.345601,-22.804439,maxheight,4.7,
-43.345577,-22.804451,maxheight,5.1,Rodovia Presidente Dutra (Pista Lateral)
-43.345617,-22.804558,maxheight,7.3,Rodovia Presidente Dutra
-49.531615,-22.804596,maxheight,5.3,Rodovia Engenheiro João Baptista Cabral Rennó
-49.531552,-22.804657,maxheight,5.3,Rodovia Engenheiro João Baptista Cabral Rennó
-43.345273,-22.805595,maxheight,7.3,
-43.343613,-22.805768,maxheight,7.9,Rodovia Presidente Dutra
-43.342364,-22.806186,maxheight,6,Rodovia Presidente Dutra (Pista Lateral)
-43.342128,-22.806482,maxheight,5.5,Rodovia Presidente Dutra
-43.255614,-22.806588,maxheight,4.3,Avenida Vinte de Janeiro
-43.340390,-22.807260,maxheight,6,Rodovia Presidente Dutra (Pista Lateral)
-43.339852,-22.807541,maxheight,6,Rodovia Presidente Dutra (Pista Lateral)
-43.339940,-22.807686,maxheight,5.5,Rodovia Presidente Dutra
-43.339982,-22.807757,maxheight,7.9,Rodovia Presidente Dutra
-43.337972,-22.808574,maxheight,6,Rodovia Presidente Dutra (Pista Lateral)
-43.336776,-22.809539,maxheight,7.9,Rodovia Presidente Dutra
-43.335487,-22.810146,maxheight,5.5,Rodovia Presidente Dutra
-49.293969,-22.811238,maxheight,3.3,
-49.293324,-22.811286,maxheight,3.3,
-49.293984,-22.811353,maxheight,3.3,
-49.294012,-22.811563,maxheight,3.3,
-49.294040,-22.811771,maxheight,3.3,
-43.332716,-22.811792,maxheight,7.9,Rodovia Presidente Dutra
-49.294055,-22.811883,maxheight,3.3,
-47.034837,-22.812060,maxheight,4.8,Rua Guerino Bristotti
-43.331474,-22.812473,maxheight,7.9,Rodovia Presidente Dutra
-43.246424,-22.812627,maxheight,4.5,
-43.246477,-22.812687,maxheight,4.5,
-43.326223,-22.815376,maxheight,6.5,Rodovia Presidente Dutra
-43.284266,-22.819072,maxheight,5,Avenida Brasil
-43.284164,-22.819712,maxheight,5,Avenida Brasil
-43.282971,-22.820067,maxheight,5,Avenida Brasil
-43.281899,-22.820908,maxheight,5,Avenida Brasil
-43.282194,-22.821229,maxheight,5,Avenida Brasil
-43.280836,-22.821741,maxheight,5,Avenida Brasil
-43.320197,-22.821795,maxheight,5,Rua Hannibal Porto
-43.320618,-22.821845,maxheight,5,Rua Hannibal Porto
-43.635494,-22.822442,maxheight,2.5,
-43.279911,-22.822460,maxheight,5,Avenida Brasil
-43.278362,-22.824201,maxheight,5,Avenida Brasil
-43.277647,-22.824236,maxheight,5,Avenida Brasil
-43.295281,-22.825454,maxheight,2,Avenida Schultz Wenk
-43.295184,-22.825685,maxheight,2,Avenida Schultz Wenk
-43.275627,-22.825816,maxheight,5,Avenida Brasil
-43.274960,-22.826863,maxheight,5,Avenida Brasil
-43.273748,-22.827288,maxheight,5,Avenida Brasil
-43.273913,-22.827684,maxheight,5,Avenida Brasil
-43.272475,-22.828811,maxheight,5,Avenida Brasil
-43.271428,-22.829107,maxheight,5,Avenida Brasil
-43.270607,-22.829726,maxheight,5,Avenida Brasil
-43.271083,-22.829894,maxheight,5,Avenida Brasil
-43.270274,-22.830509,maxheight,5,Avenida Brasil
-43.269372,-22.830527,maxheight,5,Avenida Brasil
-43.266892,-22.831951,maxheight,5,Avenida Brasil
-43.263997,-22.833965,maxheight,5,Avenida Brasil
-45.785432,-22.834526,maxweight,100,
-43.259826,-22.835913,maxheight,5,Avenida Brasil
-43.255364,-22.839280,maxheight,5,Avenida Brasil
-43.252492,-22.841002,maxheight,5,Avenida Brasil
-47.079437,-22.842235,maxheight,4.9,Rodovia Professor Zeferino Vaz
-43.251897,-22.842280,maxheight,5,Avenida Brasil
-45.224369,-22.842328,maxheight,5.7,Rodovia Presidente Dutra
-43.277790,-22.842683,maxwidth,4,
-43.334755,-22.842969,maxheight,4.5,Avenida Pastor Martin Luther King Junior
-47.065109,-22.843611,maxheight,5.3,Rodovia Dom Pedro I (Marginal)
-43.250670,-22.843625,maxheight,5,Avenida Brasil
-47.069704,-22.843737,maxheight,5.3,Rodovia Dom Pedro I (Marginal)
-47.067883,-22.843857,maxheight,5.3,Rodovia Dom Pedro I
-43.249935,-22.844410,maxheight,5,Avenida Brasil
-47.079955,-22.844539,maxheight,4.9,
-43.329491,-22.845206,maxheight,4.5,Avenida Pastor Martin Luther King Junior
-43.248801,-22.846048,maxheight,5,Avenida Brasil
-47.078406,-22.846559,maxheight,4.9,Rodovia Professor Zeferino Vaz
-43.248510,-22.847503,maxheight,5,Avenida Brasil
-45.228902,-22.848274,maxweight,6,Rua São Carlos
-45.228710,-22.848461,maxweight,6,Rua Professor Borges Ribeiro
-43.323083,-22.848497,maxheight,4.5,Avenida Pastor Martin Luther King Junior
-43.321011,-22.849687,maxheight,4.5,Avenida Pastor Martin Luther King Junior
-45.227127,-22.849756,maxheight,4,
-43.320478,-22.849948,maxheight,4.5,Avenida Pastor Martin Luther King Junior
-43.247054,-22.850132,maxheight,5,Avenida Brasil
-43.319150,-22.850534,maxheight,4.5,Avenida Pastor Martin Luther King Junior
-43.247754,-22.850655,maxheight,5,Avenida Brasil
-43.247208,-22.851145,maxheight,5,Avenida Brasil
-43.247843,-22.851688,maxheight,5,Avenida Brasil
-43.316932,-22.851723,maxheight,4.5,Avenida Pastor Martin Luther King Junior
-45.237949,-22.851846,maxheight,5.8,
-45.237987,-22.851933,maxheight,5.8,
-45.238026,-22.852021,maxheight,5.8,
-43.314593,-22.852740,maxheight,4.5,Avenida Pastor Martin Luther King Junior
-45.228521,-22.852808,maxheight,4.2,Rua Padre Gebando
-43.315117,-22.852970,maxheight,4.5,Avenida Pastor Martin Luther King Junior
-43.247912,-22.853176,maxheight,5,Avenida Brasil
-43.314002,-22.853189,maxheight,4.5,Avenida Pastor Martin Luther King Junior
-43.313625,-22.853520,maxheight,4.5,Avenida Pastor Martin Luther King Junior
-43.313205,-22.853837,maxheight,4.5,Avenida Pastor Martin Luther King Junior
-43.247953,-22.855159,maxheight,5,Avenida Brasil
-43.311229,-22.855451,maxheight,4.5,Avenida Pastor Martin Luther King Junior
-43.764759,-22.855470,maxheight,5.5,Rodovia Rio-Santos
-47.074805,-22.855639,maxheight,5.4,Rodovia Professor Zeferino Vaz
-43.309408,-22.856991,maxheight,4.5,Avenida Pastor Martin Luther King Junior
-43.309007,-22.857215,maxheight,4,Praça Avanhandava
-43.309147,-22.857299,maxheight,4.5,Avenida Pastor Martin Luther King Junior
-43.247453,-22.858016,maxheight,5,Avenida Brasil
-45.233466,-22.858370,maxheight,5.6,
-43.248016,-22.858386,maxheight,5,Avenida Brasil
-45.233270,-22.858511,maxheight,5.2,Rodovia Presidente Dutra
-45.233196,-22.858593,maxheight,5.4,Rodovia Presidente Dutra
-43.310597,-22.859554,maxheight,4.5,Avenida Pastor Martin Luther King Junior
-47.073056,-22.860843,maxheight,5.4,Rodovia Professor Zeferino Vaz
-43.237569,-22.861376,maxheight,4.3,
-52.666113,-22.861446,maxheight,1.8,
-43.237239,-22.861875,maxheight,4.3,
-43.305521,-22.861943,maxheight,4.5,Avenida Pastor Martin Luther King Junior
-43.248113,-22.861978,maxheight,5,Avenida Brasil
-43.248151,-22.863622,maxheight,5,Avenida Brasil
-43.108318,-22.863964,maxheight,6.3,Avenida do Contorno
-43.239379,-22.864184,maxheight,4.5,
-43.239272,-22.864204,maxheight,4.5,
-43.248134,-22.864435,maxheight,5,Avenida Brasil
-43.306793,-22.865799,maxheight,4.5,Avenida Pastor Martin Luther King Junior
-43.800044,-22.865894,maxheight,5.5,Rodovia Rio-Santos
-43.306621,-22.866196,maxheight,4.5,Avenida Pastor Martin Luther King Junior
-43.301919,-22.866399,maxheight,4.5,Avenida Pastor Martin Luther King Junior
-43.306253,-22.866500,maxheight,4.5,Avenida Pastor Martin Luther King Junior
-43.247850,-22.866650,maxheight,5,Avenida Brasil
-43.305871,-22.866662,maxheight,4.5,Avenida Pastor Martin Luther King Junior
-43.305656,-22.866684,maxheight,4.5,Avenida Pastor Martin Luther King Junior
-43.232870,-22.866977,maxheight,5.5,Linha Vermelha
-43.247247,-22.867079,maxheight,5,Avenida Brasil
-43.233005,-22.867103,maxheight,5.5,Linha Vermelha
-43.301116,-22.867193,maxheight,4.5,Avenida Pastor Martin Luther King Junior
-43.298157,-22.867407,maxheight,4.5,Avenida Pastor Martin Luther King Junior
-43.295720,-22.868516,maxheight,4.5,Avenida Pastor Martin Luther King Junior
-43.246607,-22.868613,maxheight,5,Avenida Brasil
-43.247442,-22.868864,maxheight,5,Avenida Brasil
-43.246598,-22.869877,maxheight,5,Avenida Brasil
-43.246853,-22.870385,maxheight,5,Avenida Brasil
-43.245881,-22.871129,maxheight,5,Avenida Brasil
-43.247095,-22.871351,maxheight,4.5,Linha Amarela
-47.069383,-22.871414,maxheight,5.4,Rodovia Professor Zeferino Vaz
-43.247381,-22.871549,maxheight,4.5,Linha Amarela
-43.264632,-22.871549,maxheight,4.5,Linha Amarela
-43.261981,-22.871627,maxheight,4.5,Linha Amarela
-43.246140,-22.871639,maxheight,5,Avenida Brasil
-43.263100,-22.871681,maxheight,4.5,Linha Amarela
-43.248641,-22.871707,maxheight,4.5,Linha Amarela
-43.249316,-22.871970,maxheight,4.5,Linha Amarela
-43.250530,-22.872034,maxheight,4.5,Linha Amarela
-43.265892,-22.872073,maxheight,4.5,Linha Amarela
-43.250915,-22.872211,maxheight,4.5,Linha Amarela
-43.265436,-22.872255,maxheight,4.5,Linha Amarela
-43.809362,-22.872488,maxheight,5.5,
-43.266992,-22.872608,maxheight,4.5,Linha Amarela
-47.068762,-22.872997,maxheight,5.4,Rodovia Professor Zeferino Vaz
-43.267152,-22.873002,maxheight,4.5,Linha Amarela
-43.267368,-22.873177,maxheight,4.5,Linha Amarela
-43.267714,-22.873413,maxheight,4.5,Linha Amarela
-43.341870,-22.873869,maxheight,4.5,Rua Carolina Machado
-43.243926,-22.873887,maxheight,5.5,Avenida Brasil
-47.049500,-22.873942,maxweight,120,Tirolesa Taquaral
-45.257007,-22.874260,maxheight,5.8,Rodovia Presidente Dutra
-43.270077,-22.874264,maxheight,4.5,Linha Amarela
-43.269343,-22.874266,maxheight,4.5,Linha Amarela
-45.256941,-22.874322,maxheight,5.1,Rodovia Presidente Dutra
-43.447304,-22.874330,maxheight,5,
-45.257087,-22.874345,maxheight,5.1,Rodovia Presidente Dutra
-47.049451,-22.874368,maxweight,120,Tirolesa Taquaral
-43.270053,-22.874398,maxheight,4.5,Linha Amarela
-42.894214,-22.875022,maxheight,10,Estrada de Cassorotiba
-43.271451,-22.875236,maxheight,4.5,Linha Amarela
-43.339535,-22.875259,maxheight,4.5,Rua Carolina Machado
-43.243094,-22.875463,maxheight,5.5,Avenida Brasil
-43.278238,-22.875949,maxheight,4.5,Avenida Pastor Martin Luther King Junior
-43.274095,-22.875967,maxheight,4.5,Linha Amarela
-43.274021,-22.876098,maxheight,4.5,Linha Amarela
-43.110446,-22.876110,maxheight,6,Avenida Governador Roberto Silveira
-43.277093,-22.876447,maxheight,4.5,
-43.337499,-22.876462,maxheight,4.5,Rua Carolina Machado
-43.277101,-22.876889,maxheight,4.5,
-43.336661,-22.876931,maxheight,4.5,Rua Carolina Machado
-43.276065,-22.876934,maxheight,4.5,
-43.275925,-22.876967,maxheight,4.5,
-43.816893,-22.877032,maxheight,5.5,Rodovia Rio-Santos
-43.335698,-22.877118,maxheight,5.5,
-43.275790,-22.877229,maxheight,4.5,
-43.335972,-22.877320,maxheight,4.5,Rua Carolina Machado
-43.277050,-22.877334,maxheight,4.5,Linha Amarela
-43.275133,-22.877506,maxheight,4.5,
-43.276520,-22.877527,maxheight,4.5,
-43.818045,-22.877527,maxheight,5.6,Rodovia Rio-Santos
-43.335646,-22.877540,maxheight,4.5,Rua Carolina Machado
-43.274660,-22.877787,maxheight,4.5,
-43.276739,-22.877923,maxheight,4.5,
-43.276873,-22.877945,maxheight,4.5,Linha Amarela
-43.421895,-22.878156,maxheight,5,Avenida Marechal Fontenelle
-43.232230,-22.878166,maxheight,5.5,Linha Vermelha
-43.418043,-22.878174,maxheight,5,Avenida Marechal Fontenelle
-43.110556,-22.878285,maxheight,6.2,Avenida Governador Roberto Silveira
-43.110685,-22.878292,maxheight,6.3,Avenida Governador Roberto Silveira
-43.110522,-22.878313,maxheight,6.2,
-43.110888,-22.878336,maxheight,6.3,Avenida Governador Roberto Silveira
-43.232082,-22.878348,maxheight,5.5,Linha Vermelha
-43.403425,-22.878602,maxheight,4.5,TransOlímpica
-43.333641,-22.878769,maxheight,4.5,Rua Carolina Machado
-43.277586,-22.878910,maxheight,4.5,
-43.279988,-22.879207,maxheight,4.5,Linha Amarela
-43.112507,-22.879213,maxheight,5.7,Avenida Feliciano Sodré
-43.111187,-22.879523,maxheight,6.3,Avenida Feliciano Sodré
-43.110973,-22.879659,maxheight,6.3,Avenida Governador Roberto Silveira
-43.110909,-22.879699,maxheight,6.3,Avenida Governador Roberto Silveira
-43.112499,-22.879777,maxheight,6.5,Avenida Feliciano Sodré
-43.341661,-22.879918,maxheight,4.5,Rua Domingos Lopes
-43.331396,-22.880121,maxheight,4.5,Rua Carolina Machado
-43.341658,-22.880125,maxheight,4.5,Mergulhão Clara Nunes
-43.279862,-22.880316,maxheight,4.5,Linha Amarela
-43.341831,-22.880424,maxheight,4.5,Mergulhão Clara Nunes
-43.341619,-22.880459,maxheight,4.5,Mergulhão Clara Nunes
-43.413023,-22.880506,maxheight,5,Avenida Marechal Fontenelle
-43.216969,-22.880618,maxheight,5,
-43.111857,-22.881045,maxheight,5.3,Avenida Governador Roberto Silveira
-43.329528,-22.881270,maxheight,4.5,Rua Carolina Machado
-43.282087,-22.881544,maxheight,4.5,
-43.284152,-22.882019,maxheight,4.5,Linha Amarela
-69.311357,-22.882057,maxheight,8,Ruta 25
-43.113332,-22.882133,maxheight,5.5,Mergulhão José Vicente Filho
-43.285363,-22.882209,maxheight,4.5,Linha Amarela
-43.410405,-22.882335,maxheight,5,Avenida Marechal Fontenelle
-43.114082,-22.882379,maxheight,5.5,Mergulhão José Vicente Filho
-43.115071,-22.882533,maxheight,5.3,Avenida Feliciano Sodré
-43.342294,-22.882533,maxheight,4.5,Mergulhão Clara Nunes
-43.114618,-22.882549,maxheight,5.5,Mergulhão José Vicente Filho
-43.342136,-22.882574,maxheight,4.5,Mergulhão Clara Nunes
-43.114940,-22.882663,maxheight,5.5,Mergulhão José Vicente Filho
-69.312274,-22.882684,maxheight,8,
-43.115208,-22.882767,maxheight,5.5,Mergulhão José Vicente Filho
-69.312333,-22.882841,maxheight,8,
-43.115504,-22.882856,maxheight,5.5,Mergulhão José Vicente Filho
-43.115066,-22.882868,maxheight,5.5,
-43.408386,-22.883057,maxheight,5,Avenida Marechal Fontenelle
-43.115404,-22.883154,maxheight,5.1,
-43.408179,-22.883354,maxheight,5,Avenida Marechal Fontenelle
-43.112830,-22.883684,maxheight,4,Rua Santo Antônio
-43.400491,-22.883968,maxheight,4.5,TransOlímpica
-43.406282,-22.884061,maxheight,5,Avenida Marechal Fontenelle
-43.291165,-22.884212,maxheight,4.3,Avenida Dom Hélder Câmara
-43.405130,-22.884411,maxheight,5,Avenida Marechal Fontenelle
-43.405833,-22.884448,maxheight,5,Avenida Marechal Fontenelle
-43.404718,-22.884683,maxheight,5,Avenida Marechal Fontenelle
-43.342763,-22.884705,maxheight,4.5,Mergulhão Clara Nunes
-43.342962,-22.884723,maxheight,4.5,Mergulhão Clara Nunes
-43.403080,-22.884747,maxheight,5,Avenida Marechal Fontenelle
-43.401315,-22.885011,maxheight,5,
-43.400508,-22.885133,maxheight,5,
-43.400500,-22.885198,maxheight,5,Avenida Marechal Fontenelle
-43.401566,-22.885222,maxheight,5,Avenida Marechal Fontenelle
-43.399820,-22.885256,maxheight,5,
-43.399683,-22.885280,maxheight,5,
-43.399556,-22.885332,maxheight,5,
-43.552424,-22.885399,maxheight,4.5,
-43.399276,-22.885413,maxheight,5,Avenida Marechal Fontenelle
-43.398998,-22.885468,maxheight,5,Avenida Marechal Fontenelle
-43.552101,-22.885478,maxheight,4.5,
-43.552240,-22.885547,maxheight,4.5,Rua Ari Lobo
-43.399142,-22.885662,maxheight,5,Avenida Albérico Diniz
-43.292176,-22.886209,maxheight,4.5,Linha Amarela
-43.288789,-22.886250,maxheight,4.5,
-43.292744,-22.887011,maxheight,4.5,Linha Amarela
-43.284999,-22.887102,maxheight,2.2,
-43.293057,-22.887132,maxheight,4.5,Linha Amarela
-43.290223,-22.887373,maxheight,4.5,
-42.705568,-22.887565,maxheight,4.5,Rua da Fábrica de Água Engarrafada
-43.293005,-22.887665,maxheight,4.5,
-43.292070,-22.887682,maxheight,4.5,
-42.920504,-22.887699,maxheight,10,Estrada de Cassorotiba
-48.489426,-22.889471,maxheight,5,
-48.489727,-22.889521,maxheight,5,
-42.923998,-22.889542,maxheight,4,Rua 27
-43.296107,-22.889686,maxheight,4.5,Linha Amarela
-43.295858,-22.889728,maxheight,4.5,Linha Amarela
-42.927804,-22.890439,maxheight,10,Estrada de Cassorotiba
-42.922988,-22.890972,maxheight,4,Rua N
-45.290284,-22.891007,maxheight,6.4,Rodovia Presidente Dutra
-42.923092,-22.891317,maxheight,4,Rua T
-42.922576,-22.891406,maxheight,4,Rua M
-42.923310,-22.891429,maxheight,4,Rua O
-42.923872,-22.891581,maxheight,4,Rua P
-43.298757,-22.891816,maxheight,4.5,Linha Amarela
-42.923796,-22.891938,maxheight,4,Rua Q
-42.927864,-22.892288,maxheight,4,Rua A
-43.298966,-22.892433,maxheight,4.5,Linha Amarela
-42.922245,-22.892489,maxheight,4,Rua N
-43.299598,-22.892866,maxheight,4.5,Linha Amarela
-42.927670,-22.892950,maxheight,4,Rua K
-42.922545,-22.893335,maxheight,4,Rua M
-42.927517,-22.893434,maxheight,4,Rua J
-42.922824,-22.893442,maxheight,4,
-42.923017,-22.893603,maxheight,4,Rua P
-42.922623,-22.893688,maxheight,4,Rua M
-42.927365,-22.893905,maxheight,4,Rua I
-42.927062,-22.894313,maxheight,4,Rua H
-42.926850,-22.894714,maxheight,4,Rua G
-42.923621,-22.894903,maxheight,4,Rua M
-42.922714,-22.894940,maxheight,4,Rua M
-42.926520,-22.894979,maxheight,4,Rua A
-42.927460,-22.894979,maxheight,4,Rua A
-42.923949,-22.895209,maxheight,4,Rua R
-42.926723,-22.895215,maxheight,4,Rua F
-42.923239,-22.895377,maxheight,4,Rua M
-42.926550,-22.895401,maxheight,4,Rua L
-42.923017,-22.895502,maxheight,4,Rua M
-42.926521,-22.895659,maxheight,4,Rua E
-42.924446,-22.895735,maxheight,4,Rua S
-42.924431,-22.895863,maxheight,4,Rua S
-42.924233,-22.895948,maxheight,4,Rua M
-43.852957,-22.895949,maxheight,5.5,
-42.924238,-22.895995,maxheight,4,Rua M
-43.852921,-22.896041,maxheight,5.5,
-42.924465,-22.896113,maxheight,4,Rua M
-42.923842,-22.896133,maxheight,4,Rua M
-42.926341,-22.896133,maxheight,4,Rua D
-43.126019,-22.896228,maxheight,2.2,
-42.926165,-22.896583,maxheight,4,Rua C
-43.285625,-22.897070,maxheight,3.9,Rua Luiz Carlos
-42.926065,-22.897078,maxheight,4,Rua B
-43.212034,-22.897230,maxheight,4.3,Avenida Rio de Janeiro
-43.212719,-22.898014,maxheight,5.5,Avenida Brasil
-45.301491,-22.898785,maxheight,2.2,
-43.210396,-22.898842,maxheight,4.5,Terminal Intermodal Gentileza
-43.210318,-22.898896,maxheight,4.5,Terminal Intermodal Gentileza
-47.118984,-22.899113,maxheight,4,
-43.211460,-22.899748,maxheight,5.5,Avenida Brasil
-45.306020,-22.900569,maxweight,24,Avenida Deputado Federal Mário Tambo Rindegy
-43.303266,-22.900905,maxheight,4.5,Linha Amarela
-43.303505,-22.901178,maxheight,4.5,Linha Amarela
-43.268727,-22.902409,maxheight,3.9,Rua Silva Freire
-43.268929,-22.902517,maxheight,3.9,Rua Silva Freire
-43.209681,-22.902590,maxheight,5.3,Avenida Francisco Bicalho
-43.209757,-22.903849,maxheight,5.3,Avenida Francisco Bicalho
-45.309276,-22.903972,maxheight,6.1,Rodovia Presidente Dutra
-43.209585,-22.904050,maxheight,5.3,Avenida Francisco Bicalho
-43.174423,-22.904912,maxheight,2,
-43.209681,-22.904995,maxheight,5.3,Avenida Francisco Bicalho
-43.209519,-22.905052,maxheight,5.3,Avenida Francisco Bicalho
-43.174257,-22.905056,maxheight,3.5,Terminal Rodoviário Menezes Cortes
-43.174223,-22.905108,maxheight,3.5,Terminal Rodoviário Menezes Cortes
-43.399040,-22.905120,maxheight,4.5,Túnel Senador Nelson Carneiro
-43.399414,-22.905157,maxheight,4.5,Túnel Senador Nelson Carneiro
-43.174562,-22.905274,maxheight,3.5,Terminal Rodoviário Menezes Cortes
-43.174931,-22.905370,maxheight,3.5,Terminal Rodoviário Menezes Cortes
-43.175110,-22.905607,maxheight,3.5,Terminal Rodoviário Menezes Cortes
-45.312073,-22.905620,maxheight,6.7,Rodovia Presidente Dutra
-43.209635,-22.905763,maxheight,5.3,Avenida Francisco Bicalho
-43.175489,-22.905896,maxheight,3.5,Terminal Rodoviário Menezes Cortes
-43.168855,-22.905911,maxheight,3.85,Avenida Alfred Agache
-48.453934,-22.905925,maxheight,5,Rodovia Marechal Rondon
-43.175433,-22.905935,maxheight,3.5,Terminal Rodoviário Menezes Cortes
-43.168713,-22.905956,maxheight,3.85,Avenida Alfred Agache
-43.209451,-22.906135,maxheight,5.3,Avenida Francisco Bicalho
-43.104035,-22.906288,maxheight,3,Vila 400
-43.209423,-22.906616,maxheight,5.3,Avenida Francisco Bicalho
-43.209568,-22.906807,maxheight,5.3,Avenida Francisco Bicalho
-43.168751,-22.906913,maxheight,5.5,Rua Antenor Fagundes
-43.168902,-22.906948,maxheight,5.5,Rua Antenor Fagundes
-43.169058,-22.906968,maxheight,5.5,Rua Antenor Fagundes
-43.169044,-22.907003,maxheight,5.5,Rua Antenor Fagundes
-43.169200,-22.907036,maxheight,5.5,Rua Antenor Fagundes
-43.169193,-22.907054,maxheight,5.5,Rua Antenor Fagundes
-43.169386,-22.907158,maxheight,5.5,Rua Antenor Fagundes
-43.169691,-22.907177,maxheight,5.5,Rua Antenor Fagundes
-43.168521,-22.907250,maxheight,3.85,Avenida General Justo
-43.197273,-22.907320,maxheight,4.5,Avenida Presidente Vargas
-43.209373,-22.907342,maxheight,5.3,Avenida Francisco Bicalho
-43.198724,-22.907448,maxheight,4.5,Avenida Presidente Vargas
-43.200065,-22.907751,maxheight,4.5,Avenida Presidente Vargas
-43.198233,-22.907774,maxheight,4.5,Avenida Presidente Vargas
-43.198759,-22.907800,maxheight,4.5,Avenida Presidente Vargas
-49.996142,-22.907836,maxwidth,2.3,
-43.209501,-22.907851,maxheight,5.3,Avenida Francisco Bicalho
-49.996856,-22.907986,maxheight,3.3,
-49.997570,-22.908136,maxheight,3.3,
-43.200091,-22.908231,maxheight,4.5,Avenida Presidente Vargas
-43.201261,-22.908270,maxheight,4.5,Avenida Presidente Vargas
-43.168337,-22.908284,maxheight,3.85,Avenida General Justo
-43.200377,-22.908461,maxheight,4.5,Avenida Presidente Vargas
-43.209307,-22.908608,maxheight,5.3,Avenida Francisco Bicalho
-43.200861,-22.908617,maxheight,4.5,Avenida Presidente Vargas
-43.209439,-22.908687,maxheight,5.3,Avenida Francisco Bicalho
-43.178936,-22.908712,maxheight,3.7,Avenida República do Chile
-43.209987,-22.908837,maxheight,4.9,Avenida Francisco Bicalho
-43.202043,-22.908866,maxheight,4.5,Avenida Presidente Vargas
-43.203717,-22.908915,maxheight,4.5,Avenida Presidente Vargas
-43.201795,-22.908925,maxheight,4.5,Avenida Presidente Vargas
-43.168411,-22.908930,maxheight,3.85,Avenida General Justo
-43.179912,-22.909037,maxheight,3.7,Avenida República do Chile
-43.202596,-22.909193,maxheight,4.5,Avenida Presidente Vargas
-43.180450,-22.909372,maxheight,3.7,Avenida República do Chile
-43.203840,-22.909448,maxheight,4.5,Avenida Presidente Vargas
-43.181499,-22.909571,maxheight,3.7,Avenida República do Chile
-43.203785,-22.909592,maxheight,4.5,Avenida Presidente Vargas
-43.209134,-22.909670,maxheight,5.3,Avenida Francisco Bicalho
-43.204662,-22.909711,maxheight,4.5,Avenida Presidente Vargas
-43.206615,-22.909853,maxheight,4.5,Avenida Presidente Vargas
-43.168359,-22.909926,maxheight,3.85,Avenida General Justo
-43.182806,-22.909991,maxheight,3.7,Avenida República do Chile
-43.182575,-22.910089,maxheight,3.7,Avenida República do Chile
-43.182856,-22.910104,maxheight,3.7,Avenida República do Chile
-43.205943,-22.910120,maxheight,4.5,Avenida Presidente Vargas
-43.168356,-22.910142,maxheight,3.85,Avenida General Justo
-43.205547,-22.910168,maxheight,4.5,Avenida Presidente Vargas
-43.207007,-22.910456,maxheight,4.5,Avenida Presidente Vargas
-43.206549,-22.910468,maxheight,4.5,Avenida Presidente Vargas
-43.169201,-22.911406,maxheight,3.85,Trevo Estudante Edson Luís de Lima Souto
-43.169409,-22.911420,maxheight,3.85,Trevo Estudante Edson Luís de Lima Souto
-43.170564,-22.911715,maxheight,3.85,Avenida Infante Dom Henrique
-48.458970,-22.911847,maxheight,5,Rodovia Professor João Hipólito Martins
-43.171737,-22.911954,maxheight,3.85,Avenida Infante Dom Henrique
-43.097786,-22.912263,maxheight,5,Túnel Raul Veiga
-46.956292,-22.912387,maxheight,4.9,"Complexo Viário Prefeito José "" Bepe "" Spadaccia"
-43.283658,-22.912922,maxheight,4.85,Hospital Naval Marcílio Dias
-43.173098,-22.913047,maxheight,3.85,Avenida Infante Dom Henrique
-43.399453,-22.913971,maxheight,4.5,TransOlímpica
-43.399732,-22.914061,maxheight,4.5,TransOlímpica
-43.174162,-22.914120,maxheight,3.85,Avenida Infante Dom Henrique
-43.174446,-22.914676,maxheight,3.85,Avenida Infante Dom Henrique
-43.262959,-22.917273,maxheight,4.8,Avenida Menezes Côrtes
-48.463752,-22.917944,maxheight,5.6,
-43.396352,-22.918005,maxheight,5,Estrada do Rio Grande
-43.273905,-22.918058,maxheight,4.8,Avenida Menezes Côrtes
-43.396421,-22.918414,maxheight,5,Estrada do Rio Grande
-43.397038,-22.918427,maxheight,5,Estrada do Rio Grande
-43.273934,-22.918671,maxheight,4.8,Avenida Menezes Côrtes
-43.917390,-22.918752,maxheight,5.2,Rodovia Rio-Santos
-45.343108,-22.921239,maxheight,6.9,Rodovia Presidente Dutra
-45.342976,-22.921299,maxheight,6.8,Rodovia Presidente Dutra
-45.344679,-22.921706,maxheight,6.3,
-43.284005,-22.921996,maxheight,4.8,Avenida Menezes Côrtes
-45.093508,-22.922014,maxweight,25,
-43.242297,-22.922122,maxheight,3.8,Rua Agostinho Menezes
-45.093338,-22.922130,maxweight,25,SP-153
-45.093180,-22.922209,maxweight,25,SP-153
-45.093074,-22.922270,maxweight,25,
-45.093370,-22.922304,maxweight,25,Rodovia João Martins Corrêa
-45.344292,-22.922369,maxheight,6.4,
-43.173116,-22.922384,maxheight,3.85,Avenida Infante Dom Henrique
-43.373481,-22.923025,maxheight,4.5,Avenida Nelson Cardoso
-43.373935,-22.923047,maxheight,4.5,Avenida Nelson Cardoso
-43.373675,-22.923139,maxheight,4.5,Avenida Nelson Cardoso
-43.373767,-22.923298,maxheight,4.5,Transcarioca
-43.373846,-22.923450,maxheight,4.5,Transcarioca
-43.374057,-22.923635,maxheight,4.5,Estrada dos Bandeirantes
-43.373833,-22.924063,maxheight,4.5,Transcarioca
-43.373756,-22.924152,maxheight,4.5,Estrada dos Bandeirantes
-43.374005,-22.924205,maxheight,4.5,Estrada dos Bandeirantes
-43.373911,-22.924565,maxheight,4.5,Transcarioca
-43.373953,-22.924736,maxheight,4.5,Estrada dos Bandeirantes
-43.373771,-22.924751,maxheight,4.5,Transcarioca
-45.095592,-22.924756,maxweight,25,Rodovia João Martins Corrêa
-43.395381,-22.925315,maxheight,5,Rua Ipadu
-43.190002,-22.925471,maxheight,4.4,Túnel Santa Bárbara
-43.190065,-22.925511,maxheight,4.4,Túnel Santa Bárbara
-43.373641,-22.925790,maxheight,4.5,Estrada dos Bandeirantes
-43.396983,-22.925956,maxheight,4.5,TransOlímpica
-43.396463,-22.926851,maxheight,4.5,TransOlímpica
-47.894566,-22.926922,maxweight,3,Balsa São Sebastião da Pedra Grande
-43.171797,-22.926955,maxheight,3.85,Avenida Infante Dom Henrique
-43.396263,-22.928025,maxheight,4.5,TransOlímpica
-45.101332,-22.928414,maxweight,25,Rodovia João Martins Corrêa
-45.357600,-22.928542,maxheight,5,Rodovia Presidente Dutra
-43.395583,-22.928983,maxheight,4.5,TransOlímpica
-45.360794,-22.930357,maxheight,5,Rodovia Presidente Dutra
-48.448943,-22.930579,maxheight,3,
-48.448908,-22.931275,maxheight,3,
-48.448233,-22.932155,maxheight,3,
-48.448318,-22.932185,maxheight,3,
-43.173430,-22.932475,maxheight,3.85,Avenida Infante Dom Henrique
-43.173212,-22.932486,maxheight,3.85,Avenida Infante Dom Henrique
-43.099854,-22.933416,maxheight,2.4,
-43.090573,-22.934319,maxheight,4.6,Túnel João Sampaio
-43.090646,-22.934560,maxheight,4.6,Túnel Luís Antônio Pimentel
-44.401914,-22.935845,maxheight,5.9,Rodovia Rio-Santos
-45.372624,-22.936097,maxheight,7,Rodovia Presidente Dutra
-43.666848,-22.936192,maxheight,4.5,Estrada da Pedra
-43.349801,-22.938709,maxheight,4.5,Linha Amarela
-43.350031,-22.939185,maxheight,4.5,Linha Amarela
-43.350673,-22.939704,maxheight,4.5,Linha Amarela
-43.394750,-22.941271,maxheight,4.5,Transolímpica
-43.351970,-22.941478,maxheight,4.5,Linha Amarela
-46.988936,-22.942156,maxheight,2.5,Avenida Elza Berlato Ferreira
-43.394359,-22.942364,maxheight,4.5,
-43.394589,-22.942367,maxheight,4.5,
-46.984597,-22.944606,maxheight,2.5,Estrada Justo Luiz Pereira da Silva
-43.391856,-22.944652,maxheight,2.5,Rua da Creche
-43.353551,-22.945194,maxheight,4.5,Linha Amarela
-47.046263,-22.945323,maxweight,6,
-43.354713,-22.947094,maxheight,4.5,Linha Amarela
-43.390552,-22.948583,maxheight,4.5,
-43.356804,-22.951341,maxheight,4.5,Linha Amarela
-43.390110,-22.952313,maxheight,4.5,
-43.196467,-22.952734,maxheight,3.8,Rua Humaitá
-45.408638,-22.954175,maxheight,6,Rodovia Presidente Dutra
-43.197349,-22.954329,maxheight,3.8,Rua Humaitá
-45.408716,-22.954340,maxheight,6,Rodovia Presidente Dutra
-43.392253,-22.954881,maxheight,4.5,Estrada da Curicica
-47.042793,-22.955305,maxweight,6,Estrada da Coudelaria
-47.819963,-22.955890,maxweight,12,Ponte do Americano
-43.198317,-22.956104,maxheight,3.8,Rua Humaitá
-43.198505,-22.956463,maxheight,3.8,Rua Humaitá
-45.413888,-22.956936,maxheight,6,Rodovia Presidente Dutra
-43.198953,-22.957148,maxheight,3.8,Rua Humaitá
-43.393387,-22.957213,maxheight,4.5,Rua da Ventura
-43.199775,-22.958281,maxheight,3.8,Rua Humaitá
-46.542833,-22.958395,maxheight,2.2,
-46.543301,-22.958592,maxheight,2.2,Rua Doutor Tosta
-43.200525,-22.958990,maxheight,3.8,Rua Humaitá
-45.419042,-22.959477,maxheight,2.15,
-43.201757,-22.959588,maxheight,3.8,Rua Humaitá
-43.203012,-22.960107,maxheight,3.8,Rua Humaitá
-43.203659,-22.960214,maxheight,3.8,Rua Humaitá
-43.204239,-22.960282,maxheight,3.8,Rua Humaitá
-43.204139,-22.960345,maxheight,3.8,Rua Humaitá
-43.391860,-22.960495,maxheight,5,Estrada dos Bandeirantes
-43.204265,-22.960545,maxheight,3.8,
-43.391079,-22.960622,maxheight,5,Estrada dos Bandeirantes
-43.204058,-22.960721,maxheight,3.8,Rua Humaitá
-43.391546,-22.960730,maxheight,5,Estrada dos Bandeirantes
-43.204155,-22.960755,maxheight,3.8,Rua Francisco Veloso
-43.392235,-22.960773,maxheight,5,Estrada dos Bandeirantes
-43.204142,-22.960798,maxheight,3.8,Rua Professor Abelardo Lôbo
-43.393821,-22.960959,maxheight,5,Estrada dos Bandeirantes
-43.395125,-22.961268,maxheight,5,Estrada dos Bandeirantes
-43.204663,-22.961325,maxheight,3.8,Rua Professor Abelardo Lôbo
-43.396147,-22.961510,maxheight,5,Estrada dos Bandeirantes
-45.423269,-22.961539,maxheight,6,Rodovia Presidente Dutra
-43.208486,-22.962103,maxheight,3.8,Avenida Alexandre Ferreira
-47.010209,-22.963813,maxheight,2.8,
-48.811667,-22.965466,maxheight,5.2,
-45.131768,-22.971227,maxweight,25,Rodovia João Martins Corrêa
-43.413973,-22.972302,maxheight,5,Estrada dos Bandeirantes
-43.401923,-22.972930,maxheight,4.8,Avenida Embaixador Abelardo Bueno
-43.401248,-22.972932,maxheight,4.8,Avenida Embaixador Abelardo Bueno
-43.400457,-22.972981,maxheight,4.8,Avenida Embaixador Abelardo Bueno
-43.401829,-22.973078,maxheight,4.8,Avenida Embaixador Abelardo Bueno
-43.400493,-22.973080,maxheight,4.8,Avenida Embaixador Abelardo Bueno
-43.402987,-22.973379,maxheight,4.8,
-43.414340,-22.973662,maxheight,5,Estrada dos Bandeirantes
-43.404078,-22.974092,maxheight,4.8,
-43.415389,-22.975656,maxheight,5,Estrada dos Bandeirantes
-43.417394,-22.978021,maxheight,5,Estrada dos Bandeirantes
-43.417894,-22.978468,maxheight,5,Estrada dos Bandeirantes
-43.228747,-22.979107,maxheight,4.5,Avenida Padre Leonel Franca
-43.230438,-22.979202,maxheight,4.5,Avenida Padre Leonel Franca
-43.365648,-22.979376,maxheight,4.8,Avenida Ayrton Senna
-43.229847,-22.979431,maxheight,4.5,Avenida Padre Leonel Franca
-43.242211,-22.979574,maxheight,2.85,
-43.241648,-22.980009,maxheight,2.85,
-43.232379,-22.980694,maxheight,4.5,Túnel Acústico Rafael Mascarenhas
-43.232284,-22.980763,maxheight,4.5,Túnel Acústico Rafael Mascarenhas
-45.462813,-22.981396,maxheight,7.4,Rodovia Presidente Dutra
-45.463631,-22.981910,maxheight,6.4,Rodovia Presidente Dutra
-43.365617,-22.982321,maxheight,4.5,Transcarioca
-43.365745,-22.982323,maxheight,4.5,Transcarioca
-43.365895,-22.983001,maxheight,4.5,Avenida Ayrton Senna
-43.365402,-22.983945,maxheight,4.5,Avenida Ayrton Senna
-43.365301,-22.984348,maxheight,4.5,
-43.365549,-22.984530,maxheight,4.5,Avenida Ayrton Senna
-43.365403,-22.984696,maxheight,4.5,Avenida Ayrton Senna
-43.365406,-22.985420,maxheight,4.5,Avenida Ayrton Senna
-43.365423,-22.986093,maxheight,4.5,Avenida Ayrton Senna
-43.365935,-22.986136,maxheight,4.5,Avenida Ayrton Senna
-43.365675,-22.986350,maxheight,4.5,Transcarioca
-43.365839,-22.986352,maxheight,4.5,Transcarioca
-43.366113,-22.987345,maxheight,4.5,Avenida Ayrton Senna
-43.365605,-22.988288,maxheight,4.5,Avenida Ayrton Senna
-43.365836,-22.988888,maxheight,4.5,Transcarioca
-43.365743,-22.988895,maxheight,4.5,Transcarioca
-43.365840,-22.989158,maxheight,4.5,Transcarioca
-43.365746,-22.989164,maxheight,4.5,Transcarioca
-43.365633,-22.990029,maxheight,4.5,Avenida Ayrton Senna
-43.365498,-22.990761,maxheight,4.5,Avenida Ayrton Senna
-43.366014,-22.991247,maxheight,4.5,Avenida Ayrton Senna
-43.365660,-22.991856,maxheight,4.5,Avenida Ayrton Senna
-43.365917,-22.991948,maxheight,4.5,Transcarioca
-43.365681,-22.993925,maxheight,4.5,Avenida Ayrton Senna
-43.366230,-22.994829,maxheight,4.5,Avenida Ayrton Senna
-46.512988,-22.995195,maxheight,5.5,SP-008;BR-146;SPA-021/010
-43.365960,-22.995669,maxheight,4.5,Transcarioca
-43.365838,-22.995670,maxheight,4.5,Transcarioca
-43.366092,-22.996117,maxheight,4.5,Avenida Ayrton Senna
-45.641948,-22.996870,maxheight,4.1,
-43.354668,-22.997254,maxheight,4.5,
-43.365989,-22.997378,maxheight,4.5,Mergulhão Billy Blanco
-43.365420,-22.997468,maxheight,4.5,Mergulhão Billy Blanco
-43.365542,-22.997499,maxheight,4.5,Mergulhão Billy Blanco
-43.366457,-22.997501,maxheight,4.5,Mergulhão Billy Blanco
-43.354716,-22.997545,maxheight,4.5,
-43.355212,-22.997600,maxheight,4.5,Avenida Luís Carlos Prestes
-43.354771,-22.997962,maxheight,4.5,Avenida Luís Carlos Prestes
-46.985019,-22.997994,maxheight,2.9,Rua José Mamprim
-43.354715,-22.998862,maxheight,4.5,Avenida Luís Carlos Prestes
-43.354382,-22.999098,maxheight,4.5,Avenida Luís Carlos Prestes
-46.988941,-22.999514,maxheight,2.9,Rua José Angeli
-46.989339,-23.000040,maxheight,2.6,Rua Vitalino Pelegatti
-43.435529,-23.005050,maxheight,5,Avenida Salvador Allende
-45.065134,-23.005678,maxheight,25,Estrada Vicinal do Jaguarão
-43.389140,-23.005840,maxwidth,2,
-43.389164,-23.005846,maxwidth,2,
-43.389190,-23.005854,maxwidth,2,
-43.437159,-23.006442,maxheight,5,Avenida Salvador Allende
-43.282676,-23.007096,maxheight,4,Elevado do Joá
-47.145108,-23.008547,maxheight,2.3,
-46.984419,-23.008795,maxheight,3.8,
-43.302971,-23.009382,maxheight,3.9,Avenida Ministro Ivan Lins
-46.984151,-23.009398,maxheight,3.9,
-43.287784,-23.010133,maxheight,4,Elevado do Joá
-43.301413,-23.010793,maxheight,3.9,Avenida Ministro Ivan Lins
-43.301082,-23.010934,maxheight,3.7,Avenida Ministro Ivan Lins
-45.520874,-23.011230,maxheight,4,Túnel Engenheiro João Ortiz
-45.520783,-23.011623,maxheight,4,Avenida Manoel José de Siqueira Mattos
-46.982010,-23.011931,maxheight,2.2,Rua Felisbina Corazzari Matheus
-46.982575,-23.012034,maxheight,3,Rua Felisbina Corazzari Matheus
-43.299173,-23.012065,maxheight,3.7,Avenida Ministro Ivan Lins
-43.299614,-23.012148,maxheight,3.9,Avenida Ministro Ivan Lins
-43.296161,-23.012920,maxheight,3.9,Ponte da Joatinga
-43.297821,-23.013056,maxheight,3.7,Avenida Ministro Ivan Lins
-46.838367,-23.014744,maxheight,4.5,Rua Antônio Galvão de Camargo
-46.838357,-23.015031,maxheight,4.5,Rua Antônio Galvão de Camargo
-46.837918,-23.015062,maxheight,4.5,Avenida Guerino Grisotti
-46.837828,-23.015278,maxheight,4.5,Avenida Guerino Grisotti
-46.838232,-23.015287,maxheight,4.5,Rua Antônio Galvão de Camargo
-44.287792,-23.015349,maxweight,5,My Way
-46.981614,-23.017151,maxheight,2.2,Rua Nestor Geraldo
-44.530878,-23.017480,maxheight,5,Rua Aviador Santos Dumont
-46.838151,-23.018650,maxheight,4.5,Avenida Guerino Grisotti
-45.094845,-23.019444,maxweight,25,Estrada Vicinal do Jaguarão
-45.535295,-23.021569,maxheight,4.8,Túnel Emílio Amadei Beringhs Filho
-45.535486,-23.021701,maxheight,4.3,Túnel Emílio Amadei Beringhs Filho
-45.535793,-23.021969,maxheight,6.4,Rodovia Presidente Dutra
-45.536439,-23.022306,maxheight,6.4,Rodovia Presidente Dutra
-45.537693,-23.023207,maxheight,6.4,Rodovia Presidente Dutra
-46.981643,-23.023262,maxheight,4.6,Avenida Delfim
-45.565819,-23.024017,maxwidth,2.6,
-47.076060,-23.024052,maxheight,5.1,Estrada Vicinal José Bonifacio Coutinho Nogueira
-45.540576,-23.025356,maxheight,6.4,Rodovia Presidente Dutra
-45.144206,-23.026071,maxweight,25,Rodovia João Martins Corrêa
-45.571642,-23.026965,maxheight,8,Túnel Enginheiro Ulisses Souza Patto
-45.089605,-23.027384,maxheight,25,
-45.115032,-23.027409,maxweight,25,Estrada Vicinal do Jaguarão
-45.131978,-23.028886,maxweight,25,Estrada Vicinal do Jaguarão
-45.545625,-23.028942,maxheight,6.4,Rodovia Presidente Dutra
-45.547091,-23.029871,maxheight,5.2,Rodovia Presidente Dutra
-46.970502,-23.030478,maxheight,3.1,
-45.567567,-23.032030,maxheight,10,Avenida Professor Walter Thaumaturgo
-45.551077,-23.032811,maxheight,5.2,Rodovia Presidente Dutra
-45.583119,-23.036147,maxwidth,2,
-45.556577,-23.036634,maxheight,6.4,Rodovia Presidente Dutra
-45.556767,-23.036641,maxheight,6.4,Rodovia Presidente Dutra
-45.629703,-23.037692,maxheight,5.5,
-45.559189,-23.037887,maxheight,5.5,Rodovia Presidente Dutra
-44.561584,-23.038676,maxheight,5.5,Rodovia Rio Santos
-47.833517,-23.039943,maxheight,5.5,Rodovia Marechal Rondon
-45.566759,-23.040245,maxheight,5.6,Rodovia Presidente Dutra
-45.577112,-23.043044,maxheight,6.3,
-45.577327,-23.043231,maxheight,6.3,Rodovia Presidente Dutra
-45.582719,-23.044450,maxheight,5.4,Rodovia Presidente Dutra
-45.582335,-23.044455,maxheight,5.5,Rodovia Presidente Dutra
-46.963512,-23.045423,maxheight,3,
-45.590614,-23.046538,maxheight,6.4,Rodovia Presidente Dutra
-45.595820,-23.048059,maxheight,6.4,Rodovia Presidente Dutra
-47.829836,-23.048085,maxheight,3.2,Avenida Lázaro Pires de Mello
-45.599397,-23.049363,maxheight,3.6,
-45.162727,-23.051158,maxweight,25,Rodovia João Martins Corrêa
-45.610001,-23.054109,maxheight,5.3,
-45.612099,-23.055328,maxheight,6.5,Rodovia Presidente Dutra
-45.620380,-23.058919,maxheight,5.9,
-45.619775,-23.058969,maxheight,6.2,Rodovia Presidente Dutra
-45.619869,-23.059179,maxheight,5.9,Rodovia Presidente Dutra
-45.620559,-23.059938,maxheight,5.75,
-45.187716,-23.072342,maxweight,25,Rodovia João Martins Corrêa
-46.645463,-23.074782,maxheight,3,Rua Orquideas
-70.331273,-23.081342,maxheight,4.5,Ruta 1
-70.331247,-23.081775,maxheight,4.5,Ruta 1
-70.331512,-23.082456,maxheight,4.5,Ruta 1
-45.191948,-23.086104,maxweight,25,Avenida Major Soares
-45.190134,-23.090161,maxweight,25,Avenida Major Soares
-45.190337,-23.090581,maxweight,25,Rua Agostinho Ribeiro dos Santos
-45.612999,-23.091752,maxheight,5.5,Rodovia Governador Carvalho Pinto
-45.191994,-23.092308,maxweight,25,Avenida Albertino José Ferreira
-47.846455,-23.094599,maxweight,10,Estrada Municipal do Moinho
-45.682639,-23.096307,maxheight,5.2,Estrada Municipal de Caçapava Velha
-45.627889,-23.099695,maxheight,5.5,Rodovia Governador Carvalho Pinto
-45.632985,-23.103659,maxheight,5.5,Rodovia Governador Carvalho Pinto
-45.202146,-23.105197,maxweight,25,Rodovia Nelson de Oliveira Pinto
-45.701611,-23.109346,maxheight,6.4,Rodovia Presidente Dutra
-45.703969,-23.110642,maxheight,5.8,Rodovia Presidente Dutra
-45.703965,-23.110767,maxheight,6.4,Rodovia Presidente Dutra
-70.337734,-23.111004,maxheight,9.5,Ruta 1
-45.707464,-23.112592,maxheight,5.2,Túnel Prefeito Laurentino Marcondes
-45.708014,-23.112903,maxheight,5.2,
-45.211155,-23.116410,maxweight,25,Rodovia Nelson de Oliveira Pinto
-45.715096,-23.116468,maxheight,6.5,Rodovia Presidente Dutra
-46.573303,-23.116623,maxheight,5.8,Avenida Jerônimo de Camargo
-46.571853,-23.116655,maxheight,5.8,Avenida Jerônimo de Camargo
-45.715898,-23.116879,maxheight,6.5,Rodovia Presidente Dutra
-45.716375,-23.117261,maxheight,6.8,Rodovia Presidente Dutra
-46.574047,-23.120103,maxheight,6.1,Rodovia Fernão Dias
-45.511518,-23.125065,maxweight,25,Rodovia Oswaldo Cruz
-45.508156,-23.127694,maxweight,25,Rodovia Oswaldo Cruz
-45.504630,-23.130899,maxweight,25,Rodovia Oswaldo Cruz
-45.504080,-23.132079,maxweight,25,Rodovia Oswaldo Cruz
-46.576456,-23.132469,maxheight,6.1,Rodovia Fernão Dias
-45.503719,-23.132887,maxweight,25,Rodovia Oswaldo Cruz
-45.503565,-23.134168,maxweight,25,Rodovia Oswaldo Cruz
-46.576185,-23.134998,maxheight,6.1,Rodovia Fernão Dias
-45.503744,-23.135132,maxweight,25,Rodovia Oswaldo Cruz
-45.503613,-23.136264,maxweight,25,Rodovia Oswaldo Cruz
-46.575943,-23.137118,maxheight,6.1,Rodovia Fernão Dias
-48.446030,-23.137296,maxheight,5.4,
-45.502248,-23.138107,maxweight,25,Rodovia Oswaldo Cruz
-46.575520,-23.138716,maxheight,6,
-46.575614,-23.138804,maxheight,6,Rodovia Fernão Dias
-46.575717,-23.139079,maxheight,6.1,Rodovia Fernão Dias
-45.500854,-23.139306,maxweight,25,Rodovia Oswaldo Cruz
-45.500167,-23.139782,maxweight,25,Rodovia Oswaldo Cruz
-45.500251,-23.139820,maxweight,25,Rodovia Oswaldo Cruz
-45.499908,-23.139943,maxweight,25,Rodovia Oswaldo Cruz
-45.499522,-23.140215,maxweight,25,Rodovia Oswaldo Cruz
-45.240995,-23.141004,maxweight,25,Rodovia Nelson de Oliveira Pinto
-45.496823,-23.141173,maxweight,25,Rodovia Oswaldo Cruz
-45.494250,-23.142231,maxweight,25,Rodovia Oswaldo Cruz
-45.493693,-23.142983,maxweight,25,Rodovia Oswaldo Cruz
-45.493012,-23.144097,maxweight,25,Rodovia Oswaldo Cruz
-45.491837,-23.145229,maxweight,25,Rodovia Oswaldo Cruz
-46.574996,-23.146138,maxheight,6.1,Rodovia Fernão Dias
-45.490722,-23.146165,maxweight,25,Rodovia Oswaldo Cruz
-45.490079,-23.148645,maxweight,25,Rodovia Oswaldo Cruz
-45.778875,-23.148711,maxheight,6.1,
-45.778826,-23.148799,maxheight,6.3,Rodovia Presidente Dutra
-46.574586,-23.150027,maxheight,6.1,Rodovia Fernão Dias
-45.489961,-23.150666,maxweight,25,Rodovia Oswaldo Cruz
-45.489989,-23.151077,maxweight,25,Rodovia Oswaldo Cruz
-45.489974,-23.151664,maxweight,25,Rodovia Oswaldo Cruz
-46.574219,-23.151926,maxheight,6.1,Rodovia Fernão Dias
-45.489895,-23.151995,maxweight,25,Rodovia Oswaldo Cruz
-45.489763,-23.152273,maxweight,25,Rodovia Oswaldo Cruz
-45.489036,-23.153486,maxweight,25,Rodovia Oswaldo Cruz
-46.574081,-23.154917,maxheight,6.1,Rodovia Fernão Dias
-45.488078,-23.155395,maxweight,25,Rodovia Oswaldo Cruz
-46.573735,-23.156628,maxheight,6.1,Rodovia Fernão Dias
-46.573898,-23.156692,maxheight,6.1,Rodovia Fernão Dias
-45.487324,-23.157053,maxweight,25,Rodovia Oswaldo Cruz
-45.486558,-23.158276,maxweight,25,Rodovia Oswaldo Cruz
-45.485723,-23.159089,maxweight,25,Rodovia Oswaldo Cruz
-45.484242,-23.159887,maxweight,25,Rodovia Oswaldo Cruz
-45.481882,-23.160148,maxweight,25,Rodovia Oswaldo Cruz
-45.482563,-23.160231,maxweight,25,Rodovia Oswaldo Cruz
-45.482690,-23.160248,maxweight,25,Rodovia Oswaldo Cruz
-45.483011,-23.160277,maxweight,25,Rodovia Oswaldo Cruz
-45.480519,-23.160322,maxweight,25,Rodovia Oswaldo Cruz
-46.573513,-23.161041,maxheight,6.1,Rodovia Fernão Dias
-45.804516,-23.161124,maxheight,7.2,Rodovia Prefeito Edmir Vianna Moura
-45.804416,-23.161583,maxheight,8,Rodovia Presidente Dutra
-45.804314,-23.161676,maxheight,8,Rodovia Presidente Dutra
-46.573666,-23.163086,maxheight,5.9,Rodovia Fernão Dias
-46.575374,-23.167639,maxheight,6.7,Rodovia Fernão Dias
-46.575533,-23.168038,maxheight,6.7,
-46.575279,-23.168176,maxheight,6.2,
-46.576040,-23.169025,maxheight,6.6,
-45.270747,-23.169111,maxweight,25,Rodovia Nelson de Oliveira Pinto
-45.819164,-23.169118,maxheight,6.4,Rodovia Presidente Dutra
-45.820368,-23.169581,maxheight,6.3,Rodovia Presidente Dutra
-45.475367,-23.172030,maxweight,25,Rodovia Oswaldo Cruz
-46.264893,-23.172576,maxheight,5.2,
-46.577577,-23.173415,maxheight,6.2,Rodovia Fernão Dias
-46.578018,-23.174170,maxheight,6.6,Rodovia Fernão Dias
-45.840125,-23.179069,maxheight,6,Avenida Deputado Benedito Matarazzo
-45.839748,-23.179828,maxheight,6,Avenida Pedro Friggi
-45.841116,-23.179974,maxheight,6,Rodovia Presidente Dutra
-46.299034,-23.182321,maxheight,4.6,
-45.847071,-23.183113,maxheight,6,Rodovia Presidente Dutra
-45.859296,-23.184289,maxheight,2.4,
-45.469843,-23.184334,maxweight,25,Rodovia Oswaldo Cruz
-45.850797,-23.184819,maxheight,6.3,Rodovia Presidente Dutra
-45.467999,-23.185130,maxweight,25,Rodovia Oswaldo Cruz
-45.466615,-23.185219,maxweight,25,Rodovia Oswaldo Cruz
-46.200358,-23.185356,maxheight,4.3,
-45.465737,-23.185429,maxweight,25,Rodovia Oswaldo Cruz
-45.465709,-23.185503,maxweight,25,Rodovia Oswaldo Cruz
-45.465253,-23.185567,maxweight,25,Rodovia Oswaldo Cruz
-45.465347,-23.185710,maxweight,25,Rodovia Oswaldo Cruz
-45.465000,-23.185815,maxweight,25,Rodovia Oswaldo Cruz
-45.294925,-23.186447,maxweight,25,Rodovia Nelson de Oliveira Pinto
-46.583658,-23.188489,maxheight,6.2,Rodovia Fernão Dias
-46.584709,-23.191100,maxheight,6.2,Rodovia Fernão Dias
-45.867558,-23.193176,maxheight,5.9,Rodovia Presidente Dutra
-46.585568,-23.193236,maxheight,6.2,Rodovia Fernão Dias
-45.883889,-23.193461,maxheight,5.5,Avenida Senador Teotônio Vilela
-46.586073,-23.194457,maxheight,6.2,Rodovia Fernão Dias
-46.586472,-23.195134,maxheight,5.8,Rodovia Fernão Dias
-45.876326,-23.197477,maxheight,6.1,Avenida Deputado Benedito Matarazzo
-45.876518,-23.198043,maxheight,7.7,
-46.587995,-23.198844,maxheight,5.8,Rodovia Fernão Dias
-45.877440,-23.199800,maxheight,7.7,Rodovia Presidente Dutra
-45.879746,-23.201002,maxheight,7.7,Rodovia Presidente Dutra
-45.319542,-23.204099,maxweight,25,Rodovia Nelson de Oliveira Pinto
-45.320203,-23.204264,maxweight,25,Rodovia Nelson de Oliveira Pinto
-45.320686,-23.204588,maxweight,25,Rodovia Nelson de Oliveira Pinto
-45.885597,-23.206556,maxheight,6.3,Rodovia Presidente Dutra BR 116
-45.325418,-23.207438,maxweight,25,Rodovia Nelson de Oliveira Pinto
-45.886416,-23.207478,maxheight,6.3,
-46.591426,-23.207602,maxheight,6.1,Rodovia Fernão Dias
-45.887623,-23.208263,maxheight,6.9,Rodovia Presidente Dutra
-45.888123,-23.208409,maxheight,6.9,Rodovia Pres Dutrabr 116
-46.591879,-23.209100,maxheight,6.1,Rodovia Fernão Dias
-45.329949,-23.210329,maxweight,25,Rodovia Nelson de Oliveira Pinto
-45.329860,-23.210467,maxweight,25,Rodovia Nelson de Oliveira Pinto
-47.321157,-23.210838,maxheight,5.4,
-47.321605,-23.210987,maxheight,5.4,
-45.891701,-23.212454,maxheight,7.9,
-45.892193,-23.212713,maxheight,6.7,Rodovia Presidente Dutra
-45.889536,-23.213855,maxheight,8.3,Avenida Jorge Zarur
-45.890051,-23.213949,maxheight,7.9,Avenida Jorge Zarur
-45.895757,-23.215885,maxheight,6.4,Rodovia Presidente Dutra
-46.594772,-23.216740,maxheight,5.3,
-46.594776,-23.217317,maxheight,5.3,SP-008
-46.595554,-23.219677,maxheight,5.9,Rodovia Fernão Dias
-45.310992,-23.221601,maxweight,4,Avenida Celestino Campos Coelho
-45.902146,-23.221640,maxheight,6.1,Rodovia Presidente Dutra
-45.310777,-23.221790,maxweight,4,Rua Floresta
-45.311461,-23.222073,maxheight,3.2,Rua dos Presottos
-45.310213,-23.222077,maxweight,4,Praça José Maria Domingos
-45.310630,-23.222129,maxweight,4,Rua 31 de Março
-45.311005,-23.222244,maxweight,4,Praça Doutor Oswaldo Cruz
-45.311370,-23.222294,maxweight,4,Rua Barão do Paraitinga
-45.310367,-23.222404,maxweight,4,Rua Cônego Costa Bueno
-45.309574,-23.222540,maxweight,4,Rua Floresta
-45.311963,-23.222808,maxheight,3.3,Rua dos Presottos
-45.310208,-23.222870,maxweight,4,Rua Monsenhor Ignácio Gióia
-45.311807,-23.222874,maxweight,4,Rua Coronel Domingues de Castro
-45.311110,-23.223195,maxweight,4,Rua Coronel Domingues de Castro
-45.309717,-23.223324,maxweight,4,Rua Doutor Oswaldo Cruz
-45.311832,-23.223324,maxheight,3.2,Rua dos Presottos
-45.310687,-23.223830,maxweight,4,Rua Monsenhor Ignácio Giolia
-45.904900,-23.223945,maxheight,7.6,
-45.309479,-23.223968,maxweight,4,Rua Coronel Domingues de Castro
-45.905104,-23.224194,maxheight,7.6,Rodovia Presidente Dutra
-45.310330,-23.224441,maxweight,4,Rua Coronel Manoel Bento
-45.905167,-23.224733,maxheight,6.8,Rodovia Presidente Dutra
-45.904762,-23.224757,maxheight,7.1,Avenida Doutor Sebastião Henrique da Cunha Pontes
-45.905429,-23.225100,maxheight,6.7,Rodovia Presidente Dutra
-45.906623,-23.225494,maxheight,7.6,
-46.597882,-23.230368,maxheight,6,Rodovia Arão Sahm
-45.911536,-23.230389,maxheight,5.8,Rodovia Presidente Dutra
-45.877165,-23.230614,maxheight,80,Avenida Mário Covas
-45.916610,-23.235331,maxheight,6.2,Rodovia Presidente Dutra
-46.600636,-23.236398,maxheight,6,Rodovia Fernão Dias
-46.599534,-23.238832,maxheight,5.9,Rodovia Fernão Dias
-45.923530,-23.241464,maxheight,5.3,Rodovia Presidente Dutra
-46.595843,-23.244268,maxheight,5.9,Rodovia Fernão Dias
-46.596100,-23.244453,maxheight,5.9,Rodovia Fernão Dias
-45.927666,-23.245013,maxheight,5.3,Rodovia Presidente Dutra
-45.284858,-23.249137,maxweight,25,Rodovia Vereador Abílio M. de Campos
-45.284874,-23.249164,maxweight,25,Rodovia Vereador Abílio M. de Campos
-45.933886,-23.249227,maxheight,6.6,Rodovia Presidente Dutra
-45.285193,-23.249270,maxweight,25,Rodovia Vereador Abílio M. de Campos
-45.285482,-23.249285,maxweight,25,Rodovia Vereador Abílio M. de Campos
-51.047211,-23.249664,maxheight,5,Rodovia Engenheiro Ângelo Ferrário Lopes
-51.047348,-23.250030,maxheight,5,Rodovia Engenheiro Ângelo Ferrário Lopes
-51.047301,-23.250063,maxheight,5,Rodovia Engenheiro Ângelo Ferrário Lopes
-51.047490,-23.250413,maxheight,5,Rodovia Engenheiro Ângelo Ferrário Lopes
-45.288358,-23.251131,maxweight,25,Rodovia Vereador Abílio M. de Campos
-45.291795,-23.252715,maxweight,25,Rodovia Vereador Abílio M. de Campos
-45.292535,-23.252840,maxweight,25,Rodovia Vereador Abílio M. de Campos
-45.294625,-23.252955,maxweight,25,Rodovia Vereador Abílio M. de Campos
-45.265350,-23.253342,maxweight,25,Rodovia Vereador Abílio M. de Campos
-70.393741,-23.255145,maxheight,5,Ruta 1
-70.394007,-23.255728,maxheight,5,Ruta 1
-70.394257,-23.255882,maxheight,5,Ruta 1
-70.394283,-23.256141,maxheight,5,Ruta 1
-70.394629,-23.256420,maxheight,5,Ruta 1
-70.394811,-23.256682,maxheight,5,Ruta 1
-70.394688,-23.256748,maxheight,5,Ruta 1
-70.394935,-23.256863,maxheight,5,Ruta 1
-70.395317,-23.257431,maxheight,5,Ruta 1
-70.395199,-23.257506,maxheight,5,Ruta 1
-46.590884,-23.257934,maxheight,6,Rodovia Fernão Dias
-46.591142,-23.258165,maxheight,6,
-46.590727,-23.258223,maxheight,6,
-46.589737,-23.258975,maxheight,6.1,Rodovia Fernão Dias
-45.224994,-23.259747,maxweight,25,Rodovia Vereador Abílio M. de Campos
-45.244566,-23.259924,maxweight,25,Rodovia Vereador Abílio M. de Campos
-47.259841,-23.262137,maxweight,7,Estrada dos Romeiros
-45.243007,-23.262217,maxweight,25,Rodovia Vereador Abílio M. de Campos
-45.242137,-23.262340,maxweight,25,Rodovia Vereador Abílio M. de Campos
-45.235793,-23.262419,maxweight,25,Rodovia Vereador Abílio M. de Campos
-46.584445,-23.264739,maxheight,6.1,SP-008
-46.584511,-23.264905,maxheight,6.1,SP-008
-45.959749,-23.265654,maxheight,6.3,Rodovia Presidente Dutra
-45.960740,-23.266412,maxheight,6.4,Rodovia Presidente Dutra
-46.062452,-23.266458,maxheight,4.3,
-46.061692,-23.266679,maxheight,4.3,
-46.061895,-23.267346,maxheight,4.3,Estrada Hondo Japão
-46.583995,-23.268060,maxheight,6.1,Rodovia Fernão Dias
-46.584074,-23.268916,maxheight,6.2,Rodovia Fernão Dias
-45.965617,-23.269526,maxheight,5.5,Rodovia Presidente Dutra
-45.971800,-23.273503,maxheight,6.6,Rodovia Presidente Dutra
-46.586072,-23.275769,maxheight,7.1,Rodovia Fernão Dias
-45.842391,-23.276156,maxheight,5.5,Rodovia Governador Carvalho Pinto
-45.845323,-23.277799,maxheight,5.5,Rodovia Governador Carvalho Pinto
-46.048030,-23.286204,maxheight,4.8,
-46.048383,-23.286809,maxheight,4.8,Rodovia Dom Pedro I
-46.046759,-23.287337,maxheight,4.8,Rodovia Dom Pedro I
-51.094818,-23.291462,maxheight,5.5,Contorno Norte Adelino Schiavinato
-46.036708,-23.292028,maxheight,4.8,Rodovia Dom Pedro I
-51.095950,-23.292945,maxheight,5.5,Contorno Norte Adelino Schiavinato
-47.697079,-23.293431,maxweight,10,Rua José Roberto Vercellino
-51.192510,-23.296837,maxheight,5.5,Avenida Brasília
-51.192326,-23.296962,maxheight,5.5,Avenida Brasília
-51.197264,-23.297821,maxheight,5.5,Avenida Tiradentes
-51.196743,-23.297894,maxheight,5.5,Avenida Tiradentes
-51.197206,-23.297978,maxheight,5.5,Avenida Tiradentes
-51.194382,-23.298316,maxheight,5.5,Avenida Brasília
-51.323264,-23.299216,maxheight,5.5,BR-369
-46.022626,-23.301500,maxheight,5.9,Rodovia Presidente Dutra
-46.022606,-23.301692,maxheight,6.6,
-46.024452,-23.302231,maxheight,6.3,Rodovia Presidente Dutra
-45.959017,-23.303119,maxweight,4,Rua Doutor Waldemar Berardinelli
-45.960261,-23.303851,maxweight,4,Rua Doutor Waldemar Berardinelli
-70.418150,-23.305518,maxweight,45,Ruta 1
-46.036613,-23.305729,maxheight,6.5,Rodovia Presidente Dutra
-70.418030,-23.305766,maxweight,45,Ruta 1
-46.044773,-23.306885,maxheight,6.7,Rodovia Presidente Dutra
-46.045369,-23.306995,maxheight,6,
-46.046336,-23.307282,maxheight,6.3,Rodovia Presidente Dutra
-46.051325,-23.307566,maxheight,6.7,Rodovia Presidente Dutra
-46.046065,-23.307677,maxheight,6,
-46.053683,-23.307800,maxheight,6.7,Rodovia Presidente Dutra
-51.217528,-23.311044,maxheight,5.5,Rodovia Celso Garcia Cid
-46.077302,-23.315429,maxheight,4.5,
-46.076686,-23.315524,maxheight,4.5,SPA 172/060
-46.582393,-23.315601,maxheight,5.2,SP-008
-46.582429,-23.315830,maxheight,5.2,SP-008
-46.077776,-23.316135,maxheight,4.5,
-46.075932,-23.316328,maxheight,4.5,Rodovia Nicola Capucci
-46.582399,-23.317840,maxheight,6.4,Rodovia Fernão Dias
-46.582095,-23.317924,maxheight,7.9,
-46.084730,-23.318214,maxheight,6.1,Rodovia Presidente Dutra
-46.582688,-23.318933,maxheight,6.7,
-46.581876,-23.319568,maxheight,6.1,Rodovia Fernão Dias
-46.101299,-23.321621,maxheight,6.5,
-46.100994,-23.321647,maxheight,6.5,Rodovia Presidente Dutra
-46.101117,-23.321738,maxheight,6.5,Rodovia Presidente Dutra
-46.101117,-23.321807,maxheight,6.4,
-46.111062,-23.321874,maxheight,6.9,Rodovia Presidente Dutra
-47.431882,-23.323829,maxheight,2.5,Rua FM
-46.120170,-23.323948,maxheight,6.4,Rodovia Presidente Dutra
-46.121643,-23.324232,maxheight,6.4,Rodovia Presidente Dutra
-46.133771,-23.330430,maxheight,6.1,Rodovia Presidente Dutra
-46.134609,-23.330607,maxheight,6.3,
-46.135903,-23.331259,maxheight,4.4,
-46.137406,-23.331997,maxheight,4.4,
-46.136723,-23.332265,maxheight,6.1,
-46.138177,-23.332374,maxheight,4.4,
-46.137425,-23.332436,maxheight,6.1,Rodovia Presidente Dutra
-46.138382,-23.332478,maxheight,4.4,
-46.138967,-23.332773,maxheight,4.4,
-47.820482,-23.335704,maxweight,10,Rua Luiz André de Campos
-46.144314,-23.335811,maxheight,5,Rodovia Presidente Dutra
-46.145238,-23.336284,maxheight,5,Rodovia Presidente Dutra
-46.146932,-23.337160,maxheight,5,Rodovia Presidente Dutra
-47.828938,-23.338806,maxweight,10,Rua Caridade Terceira
-46.154376,-23.341073,maxheight,6.5,Rodovia Presidente Dutra
-46.154773,-23.341176,maxheight,6.5,Rodovia Presidente Dutra
-47.832762,-23.341840,maxweight,23,
-69.858338,-23.341922,maxheight,5,Ruta 5 Norte
-69.861451,-23.344065,maxheight,5,Ruta 5 Norte
-47.672812,-23.345383,maxheight,2,Avenida das Praias
-46.163891,-23.345933,maxheight,5,Rodovia Presidente Dutra
-46.566245,-23.346176,maxheight,6.9,Rodovia Fernão Dias
-69.865092,-23.346384,maxheight,5,Ruta 5 Norte
-46.164873,-23.346410,maxheight,5,Rodovia Presidente Dutra
-46.166000,-23.346968,maxheight,5,Rodovia Presidente Dutra
-51.172230,-23.347290,maxheight,5.5,Avenida Waldemar Spranger
-51.171934,-23.347370,maxheight,5.5,Avenida Waldemar Spranger
-69.866913,-23.347374,maxheight,5,Ruta 5 Norte
-69.870063,-23.349089,maxheight,5,Ruta 5 Norte
-51.167276,-23.349579,maxheight,5.5,Rodovia Celso Garcia Cid
-51.167350,-23.349663,maxheight,5.5,Rodovia Celso Garcia Cid
-46.558536,-23.349754,maxheight,6.9,Rodovia Fernão Dias
-69.872838,-23.350598,maxheight,5,Ruta 5 Norte
-69.874949,-23.351737,maxheight,5,Ruta 5 Norte
-46.181488,-23.352133,maxheight,6.6,
-46.181246,-23.352139,maxheight,6.4,
-46.199700,-23.352294,maxheight,5.5,Rodovia Presidente Dutra
-51.163594,-23.352377,maxheight,5.5,Rodovia Celso Garcia Cid
-46.199834,-23.352445,maxheight,5.8,Rodovia Presidente Dutra
-51.161250,-23.354380,maxheight,5.5,Rodovia Celso Garcia Cid
-47.840290,-23.356146,maxheight,2.7,Rua Moreira da Silva
-69.883825,-23.356487,maxheight,5,Ruta 5 Norte
-46.549510,-23.356790,maxheight,6.7,Tunel Mata Fria (somente ônibus e caminhões)
-46.549348,-23.356795,maxheight,7.3,Túnel Mata Fria
-46.549107,-23.356842,maxheight,8.2,Túnel Mata Fria
-46.064759,-23.357720,maxheight,4.7,Estrada Municipal José Marcellini
-46.211942,-23.358076,maxheight,5.3,Rodovia Presidente Dutra
-46.101983,-23.359475,maxheight,4.8,
-46.122965,-23.359531,maxheight,5.4,Avenida Francisca Lerário
-46.060209,-23.360573,maxheight,4.7,Estrada Municipal José Marcellini
-46.224828,-23.364312,maxheight,6.7,Rodovia Presidente Dutra
-46.225185,-23.364336,maxheight,6.5,
-69.900789,-23.364337,maxheight,5,Ruta 5 Norte
-70.430410,-23.364359,maxheight,5,Ruta 1
-70.430556,-23.365639,maxheight,5,Ruta 1
-70.430754,-23.365909,maxheight,5,Ruta 1
-70.430859,-23.366433,maxheight,5,Ruta 1
-46.752005,-23.367013,maxheight,5.8,Trevo Joaquim Evangelista Alvarenga
-46.751587,-23.367174,maxheight,5.2,Trevo Joaquim Evangelista Alvarenga
-46.751967,-23.367178,maxheight,5.2,Trevo Joaquim Evangelista Alvarenga
-46.751649,-23.367429,maxheight,5.2,Trevo Joaquim Evangelista Alvarenga
-69.910833,-23.368374,maxheight,5,Ruta 5 Norte
-69.912650,-23.369088,maxheight,5,Ruta 5 Norte
-69.917769,-23.372003,maxheight,5,Ruta 5 Norte
-47.531014,-23.372420,maxheight,5,
-51.412123,-23.373490,maxheight,4.95,Rodovia Hermínio Antônio Pennacchi
-51.413280,-23.373945,maxheight,4.95,Rodovia Hermínio Antônio Pennacchi
-51.421717,-23.374119,maxheight,4.95,Rodovia Hermínio Antônio Pennacchi
-51.433330,-23.374152,maxheight,4.95,Rodovia Hermínio Antônio Pennacchi
-51.432275,-23.374478,maxheight,4.95,Rodovia Hermínio Antônio Pennacchi
-46.140603,-23.374620,maxheight,5.1,Estrada Municipal João Evangelista dos Santos
-51.431723,-23.374644,maxheight,4.95,Rodovia Hermínio Antônio Pennacchi
-51.431257,-23.374793,maxheight,4.95,Rodovia Hermínio Antônio Pennacchi
-51.430131,-23.375122,maxheight,4.95,Rodovia Hermínio Antônio Pennacchi
-69.924879,-23.376310,maxheight,5,Ruta 5 Norte
-51.928983,-23.376714,maxheight,5.5,Contorno Norte
-51.928024,-23.376982,maxheight,5.5,Contorno Norte
-69.929034,-23.378753,maxheight,5,Ruta 5 Norte
-51.946706,-23.378848,maxheight,5.5,Contorno Norte
-51.947925,-23.379339,maxheight,5.5,Contorno Norte
-51.947892,-23.379409,maxheight,5.5,Contorno Norte
-69.930342,-23.379521,maxheight,5,Ruta 5 Norte
-51.949463,-23.379909,maxheight,5.5,Contorno Norte
-51.949435,-23.379970,maxheight,5.5,Contorno Norte
-51.912053,-23.380007,maxheight,5.5,
-51.912936,-23.380075,maxheight,5.5,Avenida Major Abelardo José da Cruz
-51.953470,-23.380118,maxheight,5.5,Contorno Norte
-51.951431,-23.380199,maxheight,5.5,Contorno Norte
-51.913309,-23.380239,maxheight,5.5,Avenida Major Abelardo José da Cruz
-51.953646,-23.380269,maxheight,5.5,Contorno Norte
-69.931573,-23.380324,maxheight,5,Ruta 5 Norte
-51.913910,-23.380425,maxheight,5.5,
-47.394382,-23.380765,maxheight,5.5,Estrada Mário Monteiro de Carvalho
-45.662696,-23.381448,maxheight,5.5,Rua Taubaté
-51.910334,-23.381745,maxheight,5.5,Contorno Norte
-69.934025,-23.381962,maxheight,5,Ruta 5 Norte
-51.908993,-23.382239,maxheight,5.5,Contorno Norte
-51.909039,-23.382324,maxheight,5.5,Contorno Norte
-51.908314,-23.382537,maxheight,5.5,Contorno Norte
-51.908384,-23.382604,maxheight,5.5,Contorno Norte
-51.454287,-23.382997,maxheight,5,Rodovia Antônio Mendes Vasconcelos
-51.453990,-23.382998,maxheight,5,Rodovia Antônio Mendes Vasconcelos
-51.961682,-23.383470,maxheight,5.5,Contorno Norte
-51.960335,-23.383573,maxheight,5.5,Contorno Norte
-46.265459,-23.384207,maxheight,6.9,Rodovia Presidente Dutra
-46.265402,-23.384325,maxheight,7.1,Rodovia Presidente Dutra
-51.903894,-23.384508,maxheight,5.5,Contorno Norte
-51.903965,-23.384596,maxheight,5.5,Contorno Norte
-51.899214,-23.386643,maxheight,5.5,Contorno Norte
-51.899278,-23.386744,maxheight,5.5,Contorno Norte
-51.897553,-23.387717,maxheight,5.5,Contorno Norte
-51.897626,-23.387805,maxheight,5.5,Contorno Norte
-51.895733,-23.389006,maxheight,5.5,Contorno Norte
-51.895835,-23.389075,maxheight,5.5,Contorno Norte
-51.969255,-23.389921,maxheight,5.5,Contorno Norte
-51.969158,-23.389997,maxheight,5.5,Contorno Norte
-51.893836,-23.390382,maxheight,5.5,Contorno Norte
-51.893923,-23.390467,maxheight,5.5,Contorno Norte
-46.279672,-23.390530,maxheight,6.3,Rodovia Presidente Dutra
-51.891471,-23.392066,maxheight,5.5,Contorno Norte
-46.571954,-23.393257,maxheight,6,Rodovia Fernão Dias
-51.887422,-23.394853,maxheight,5.5,Contorno Norte
-51.887463,-23.394940,maxheight,5.5,Contorno Norte
-46.573040,-23.395518,maxheight,6,Rodovia Fernão Dias
-46.573416,-23.396308,maxheight,8.7,Rodovia Fernão Dias
-46.574523,-23.396840,maxheight,6,Rodovia Fernão Dias
-51.883466,-23.397542,maxheight,5.5,Contorno Norte
-51.883326,-23.397775,maxheight,5.5,Contorno Norte
-46.575025,-23.398730,maxheight,8.7,Rodovia Fernão Dias
-53.766081,-23.399701,maxweight,45,PR-683
-69.968065,-23.403169,maxheight,5,Ruta 5 Norte
-46.330547,-23.403442,maxheight,6.3,Avenida Benedito Manoel dos Santos
-46.330829,-23.403550,maxheight,6.3,Avenida Benedito Manoel dos Santos
-46.578518,-23.404293,maxheight,6.8,Rodovia Fernão Dias
-51.880085,-23.404378,maxheight,5.5,Contorno Norte
-51.880169,-23.404485,maxheight,5.5,Contorno Norte
-47.294018,-23.407462,maxwidth,3,Repesagem
-70.438285,-23.410042,maxweight,45,Ruta 1
-46.581197,-23.410152,maxheight,5.6,Rodovia Fernão Dias
-70.438120,-23.410178,maxweight,45,Ruta 1
-51.879876,-23.410498,maxheight,5.5,Contorno Norte
-70.437904,-23.410944,maxweight,45,Ruta 1
-70.438020,-23.410975,maxweight,45,Ruta 1
-46.581559,-23.411080,maxheight,6.8,Rodovia Fernão Dias
-51.880104,-23.411129,maxheight,5.5,Contorno Norte
-51.880026,-23.411264,maxheight,5.5,Contorno Norte
-51.880236,-23.411856,maxheight,5.5,Contorno Norte
-51.880400,-23.411902,maxheight,5.5,Contorno Norte
-46.355270,-23.412008,maxheight,6.5,Rodovia Presidente Dutra
-51.880347,-23.412197,maxheight,5.5,Contorno Norte
-51.880895,-23.412997,maxheight,5.5,Contorno Norte
-51.880538,-23.413060,maxheight,5.5,Contorno Norte
-51.880814,-23.414007,maxheight,5.5,Contorno Norte
-51.881374,-23.414316,maxheight,5.5,Contorno Norte
-51.881113,-23.414576,maxheight,5.5,Contorno Norte
-46.580610,-23.415705,maxheight,7.2,Rodovia Fernão Dias
-51.881600,-23.415772,maxheight,5.5,Contorno Norte
-51.882315,-23.417248,maxheight,5.5,Contorno Norte
-46.202434,-23.417760,maxheight,4.7,
-46.378351,-23.417979,maxheight,5.5,Rodovia Presidente Dutra
-51.882396,-23.418003,maxheight,5.5,Contorno Norte
-46.203437,-23.418083,maxheight,4.7,Estrada Mauro Auricchio
-51.882997,-23.419736,maxheight,5.5,Contorno Norte
-51.883187,-23.419772,maxheight,5.5,Contorno Norte
-51.883558,-23.420857,maxheight,5.5,Contorno Norte
-51.883436,-23.420987,maxheight,5.5,Contorno Norte
-46.477994,-23.421658,maxheight,3.7,
-51.883927,-23.421919,maxheight,5.5,Contorno Norte
-51.883795,-23.421999,maxheight,5.5,Contorno Norte
-46.480805,-23.422307,maxheight,2.1,Acesso ao Terminal 3 do Aeroporto Internacional de Cumbica
-46.481971,-23.422345,maxheight,2.1,Acesso ao Terminal 3 do Aeroporto Internacional de Cumbica
-46.480455,-23.422408,maxheight,2.1,
-46.477526,-23.422425,maxheight,3.7,
-51.884122,-23.422426,maxheight,5.5,Contorno Norte
-46.480103,-23.422586,maxheight,2.1,
-46.479933,-23.422707,maxheight,2.1,
-45.111727,-23.422712,maxheight,3.8,Rua das Mangueiras
-45.112483,-23.422807,maxheight,3.8,Rua das Mangueiras
-46.482135,-23.422976,maxheight,2.1,
-46.479760,-23.422980,maxheight,2.1,Acesso de Embarque do Terminal 3 do Aeroporto Internacional de Cumbica
-51.884251,-23.423236,maxheight,5.5,Contorno Norte
-46.482034,-23.423292,maxheight,2.1,
-46.482023,-23.423354,maxheight,2.1,
-46.479520,-23.423437,maxheight,2.1,Acesso de Desembarque do Terminal 3 do Aeroporto Internacional de Cumbica
-51.884512,-23.423466,maxheight,5.5,Contorno Norte
-47.595204,-23.423477,maxheight,3.5,
-46.483410,-23.423502,maxheight,2.1,
-46.483482,-23.423510,maxheight,2.1,
-46.476637,-23.423656,maxheight,2.1,
-46.477064,-23.423672,maxheight,2.1,Acesso de Embarque a Veículos Leves do Terminal 3 do Aeroporto Internacional de Cumbica
-46.480507,-23.423702,maxheight,2.1,
-46.479226,-23.423733,maxheight,2.1,Acesso de Embarque do Terminal 3 do Aeroporto Internacional de Cumbica
-46.477923,-23.424012,maxheight,2.1,
-46.478729,-23.424116,maxheight,2.1,Acesso de Desembarque do Terminal 3 do Aeroporto Internacional de Cumbica
-46.478556,-23.424170,maxheight,2.1,Acesso de Embarque do Terminal 3 do Aeroporto Internacional de Cumbica
-46.480576,-23.424242,maxheight,2.1,
-46.481832,-23.424340,maxheight,2.1,
-46.483256,-23.424519,maxheight,2.1,
-46.483431,-23.424536,maxheight,2.1,
-46.481976,-23.424553,maxheight,2.1,
-46.484174,-23.424849,maxheight,2.1,
-70.003652,-23.425217,maxheight,5,Ruta 5 Norte
-51.885448,-23.425946,maxheight,5.5,Contorno Norte
-51.885428,-23.426347,maxheight,5.5,Contorno Norte
-46.406886,-23.426978,maxheight,5.3,Estrada Presidente Juscelino Kubitschek de Oliveira
-46.407036,-23.426985,maxheight,5.5,Estrada Presidente Juscelino Kubitschek de Oliveira
-46.405828,-23.427322,maxheight,5.5,
-70.007519,-23.427578,maxheight,5,Ruta 5 Norte
-46.408712,-23.427646,maxheight,5.8,Rodovia Presidente Dutra
-46.405543,-23.427796,maxheight,5.5,
-46.406084,-23.427879,maxheight,5.5,
-51.886225,-23.428007,maxheight,5.5,Contorno Norte
-46.410786,-23.428518,maxheight,5.8,Rodovia Presidente Dutra
-46.411090,-23.428773,maxheight,5.9,Rodovia Presidente Dutra
-70.009505,-23.428805,maxheight,5,Ruta 5 Norte
-46.411227,-23.428830,maxheight,5.9,Rodovia Presidente Dutra
-46.412024,-23.429163,maxheight,5.9,Rodovia Presidente Dutra
-46.412629,-23.429294,maxheight,5.8,Rodovia Presidente Dutra
-70.011460,-23.430008,maxheight,5,Ruta 5 Norte
-46.415868,-23.430940,maxheight,7.6,Rodovia Presidente Dutra
-46.417848,-23.431487,maxheight,7.3,Rodovia Presidente Dutra
-70.014180,-23.431698,maxheight,5,Ruta 5 Norte
-46.417635,-23.431811,maxheight,7.6,Via Lateral (Norte)
-46.418485,-23.432050,maxheight,7.6,Rodovia Presidente Dutra
-46.420418,-23.432572,maxheight,7.3,Rodovia Presidente Dutra
-46.421631,-23.433082,maxheight,7.3,Rodovia Presidente Dutra
-70.016979,-23.433444,maxheight,5,Ruta 5 Norte
-51.882948,-23.434430,maxheight,5.5,Rodovia do Café Governador Ney Braga
-46.425492,-23.434498,maxheight,6,
-46.425938,-23.434518,maxheight,6,
-46.424384,-23.434538,maxheight,5.8,
-46.426040,-23.434564,maxheight,6,
-46.425335,-23.434650,maxheight,5.6,Rodovia Presidente Dutra
-46.568545,-23.434666,maxheight,5.9,Rodovia Fernão Dias
-51.882778,-23.434666,maxheight,5.5,Rodovia do Café Governador Ney Braga
-70.019795,-23.435187,maxheight,5,Ruta 5 Norte
-46.428613,-23.436261,maxheight,8.2,Rodovia Presidente Dutra
-46.430232,-23.436577,maxheight,8.1,Via Marginal Rodovia Presidente Dutra
-46.429945,-23.436824,maxheight,8.2,Rodovia Presidente Dutra
-46.568177,-23.437227,maxheight,6.4,Rodovia Fernão Dias
-46.567975,-23.437406,maxheight,5.9,Rodovia Fernão Dias
-70.430299,-23.438633,maxheight,5,Ruta 1
-51.875497,-23.438782,maxheight,5.5,Rodovia do Café Governador Ney Braga
-51.875305,-23.439043,maxheight,5.5,Rodovia do Café Governador Ney Braga
-70.430009,-23.439091,maxheight,5,Ruta 1
-46.908346,-23.439407,maxheight,4.2,
-70.430040,-23.439552,maxheight,5,Ruta 1
-70.429749,-23.440009,maxheight,5,Ruta 1
-70.429853,-23.440215,maxheight,5,Ruta 1
-46.439335,-23.440259,maxheight,7.2,
-46.438273,-23.440335,maxheight,8.5,Rodovia Presidente Dutra
-46.439294,-23.440367,maxheight,7.2,
-46.439236,-23.440490,maxheight,7.4,
-70.429589,-23.440571,maxheight,5,Ruta 1
-46.439253,-23.440877,maxheight,9.9,
-46.566716,-23.440912,maxwidth,2,Rua São Gabriel
-51.871710,-23.441005,maxheight,5.5,Rodovia do Café Governador Ney Braga
-51.871847,-23.441059,maxheight,5.5,Rodovia do Café Governador Ney Braga
-51.257809,-23.441398,maxwidth,2,
-70.032647,-23.441943,maxheight,5,Ruta 5 Norte
-70.037064,-23.442698,maxheight,5,Ruta 5 Norte
-51.868153,-23.443099,maxheight,5.5,Rodovia do Café Governador Ney Braga
-51.868163,-23.443214,maxheight,5.5,Rodovia do Café Governador Ney Braga
-46.447042,-23.443618,maxheight,6,
-46.446975,-23.443744,maxheight,6,
-46.446850,-23.443786,maxheight,6.3,Rodovia Presidente Dutra
-46.447779,-23.443799,maxheight,5.4,
-46.446304,-23.443834,maxheight,6.4,Via Lateral (Norte)
-46.447530,-23.444357,maxheight,6.4,Via Lateral (Norte)
-46.447825,-23.444411,maxheight,6.2,Rodovia Presidente Dutra
-51.866030,-23.444459,maxheight,5.5,Rodovia do Café Governador Ney Braga
-46.448087,-23.444613,maxheight,6.4,Via Lateral (Norte)
-51.865386,-23.444717,maxheight,5.5,Rodovia do Café Governador Ney Braga
-46.448931,-23.444946,maxheight,6.4,Via Lateral (Norte)
-46.455411,-23.447115,maxheight,5.8,
-46.455286,-23.447220,maxheight,6,
-51.999554,-23.447238,maxheight,5.5,Rodovia Silvino Fernandes Dias
-51.999531,-23.447320,maxheight,5.5,Rodovia Silvino Fernandes Dias
-46.454822,-23.447344,maxheight,7.2,Rodovia Presidente Dutra
-70.045238,-23.447695,maxheight,5,Ruta 5 Norte
-70.049484,-23.448261,maxheight,5,Ruta 5 Norte
-46.458635,-23.448461,maxheight,6.7,Via Marginal Rodovia Presidente Dutra
-70.052446,-23.448803,maxheight,5,Ruta 5 Norte
-70.053935,-23.448836,maxheight,5,Ruta 5 Norte
-70.072819,-23.448985,maxheight,5,Ruta 5 Norte
-70.074373,-23.449094,maxheight,5,Ruta 5 Norte
-70.055160,-23.449116,maxheight,5,Ruta 5 Norte
-70.057066,-23.449223,maxheight,5,Ruta 5 Norte
-70.058220,-23.449466,maxheight,5,Ruta 5 Norte
-70.059468,-23.449530,maxheight,5,Ruta 5 Norte
-46.460882,-23.449566,maxheight,6.3,Rodovia Presidente Dutra
-70.059438,-23.449610,maxheight,5,Ruta 5 Norte
-70.060871,-23.449803,maxheight,5,Ruta 5 Norte
-70.066885,-23.449817,maxheight,5,Ruta 5 Norte
-46.490212,-23.449864,maxheight,2.8,
-70.062139,-23.449889,maxheight,5,Ruta 5 Norte
-46.461266,-23.450012,maxheight,6.2,Rodovia Presidente Dutra
-70.062497,-23.450029,maxheight,5,Ruta 5 Norte
-46.492545,-23.450050,maxheight,2.8,
-70.064797,-23.450098,maxheight,5,Ruta 5 Norte
-46.491037,-23.450165,maxheight,2.8,
-52.005672,-23.450336,maxheight,5.5,Rua Pioneira Maria Cavalcante Ruy
-52.005781,-23.450390,maxheight,5.5,Rua Pioneira Maria Cavalcante Ruy
-46.492589,-23.450392,maxheight,5.5,
-46.491820,-23.450539,maxheight,5.5,Rodovia Hélio Smidt
-46.491940,-23.450878,maxheight,5.5,Rodovia Hélio Smidt
-46.466026,-23.451568,maxheight,5.9,Rodovia Presidente Dutra (Local)
-46.466177,-23.451649,maxheight,5.9,
-46.466118,-23.451755,maxheight,5.6,
-46.466458,-23.452195,maxheight,5.9,Rodovia Presidente Dutra
-52.013761,-23.454086,maxheight,5.5,Rodovia Silvino Fernandes Dias
-52.013938,-23.454238,maxheight,5.5,Rodovia Silvino Fernandes Dias
-47.382425,-23.454632,maxheight,5.1,Avenida 3 de Março
-70.425621,-23.454775,maxheight,5,Ruta 1
-46.473895,-23.454861,maxheight,5.7,
-46.473830,-23.454987,maxheight,6.2,
-46.473867,-23.455265,maxheight,5.9,Rodovia Presidente Dutra
-70.425415,-23.455513,maxheight,5,Ruta 1
-46.570350,-23.458722,maxheight,6.4,Rua Cirene de Oliveira Laet
-46.570484,-23.458780,maxheight,6.4,Rua Cirene de Oliveira Laet
-46.483444,-23.458842,maxheight,6.7,
-46.571098,-23.458916,maxheight,6.4,Rua Cirene de Oliveira Laet
-46.483377,-23.458983,maxheight,6.4,
-46.571381,-23.459281,maxheight,6.4,Avenida Alberto Ferreira Lopes
-46.740127,-23.460739,maxheight,3.15,Avenida Doutor Felipe Pinel
-46.491218,-23.461327,maxheight,5.3,Rodovia Hélio Smidt
-46.491004,-23.461945,maxheight,5.3,Rodovia Hélio Smidt
-46.490345,-23.462383,maxheight,5.6,Rodovia Hélio Smidt
-46.490166,-23.463036,maxheight,5.6,Rodovia Hélio Smidt
-46.498495,-23.464495,maxheight,6.3,
-46.498450,-23.464592,maxheight,6.5,
-46.571225,-23.467008,maxheight,6,Marginal Fernão Dias
-46.571366,-23.467091,maxheight,6,Rodovia Fernão Dias
-46.571489,-23.467133,maxheight,6,Rodovia Fernão Dias
-46.571815,-23.467176,maxheight,5.3,Rua General Jerônimo Furtado
-46.571659,-23.467180,maxheight,5.3,Marginal Fernão Dias
-47.020981,-23.468062,maxheight,5.2,
-47.021813,-23.468566,maxheight,5.2,Estrada Senador José Ermírio de Moraes
-46.511607,-23.468986,maxheight,6,
-46.511561,-23.469082,maxheight,5.9,
-46.491465,-23.469607,maxheight,6,Rodovia Hélio Smidt
-46.513331,-23.469757,maxheight,5.9,
-46.513500,-23.469850,maxheight,6.5,Rodovia Presidente Dutra
-46.513286,-23.469881,maxheight,5.9,
-46.346421,-23.470039,maxheight,2.2,
-46.566373,-23.470461,maxheight,5.6,Marginal Fernão Dias
-46.566439,-23.470584,maxheight,6.4,Rodovia Fernão Dias
-46.566502,-23.470700,maxheight,6.4,Rodovia Fernão Dias
-46.566743,-23.470714,maxheight,5.6,Marginal Fernão Dias
-46.490389,-23.470765,maxheight,6,Saída Rodovia Ayrton Senna
-46.517865,-23.471127,maxheight,8.1,
-46.517726,-23.471226,maxheight,8.5,
-46.519018,-23.471672,maxheight,5.7,
-46.518921,-23.471793,maxheight,6.2,
-46.523419,-23.474602,maxheight,6,Rodovia Presidente Dutra
-46.547158,-23.474614,maxheight,2.2,
-46.561757,-23.474847,maxheight,6.8,Marginal Fernão Dias
-46.736211,-23.475255,maxheight,3.3,Rua Stefano Mauser
-46.525667,-23.475582,maxheight,7.2,
-46.525603,-23.475680,maxheight,5.9,
-46.525516,-23.475771,maxheight,6,
-46.526576,-23.476304,maxheight,7,Rodovia Presidente Dutra
-46.563036,-23.477068,maxheight,7.4,Rodovia Fernão Dias
-46.563115,-23.477248,maxheight,7.8,Rodovia Fernão Dias
-46.528750,-23.477554,maxheight,5.7,
-46.528672,-23.477656,maxheight,5.9,
-46.536939,-23.483058,maxheight,5.9,Rodovia Presidente Dutra
-46.897437,-23.483205,maxheight,4.5,Rua das Capitais
-46.538622,-23.484023,maxheight,6.3,
-46.538551,-23.484126,maxheight,6,
-47.468324,-23.484802,maxheight,5.2,Avenida Ipanema
-47.468572,-23.484866,maxheight,5.2,Rua Atanazio Soares
-46.540009,-23.484901,maxheight,6,Rodovia Presidente Dutra
-47.467936,-23.484968,maxheight,5.2,Avenida Ipanema
-46.608411,-23.486105,maxheight,4.9,Rua Professor Marcondes Domingues
-46.559331,-23.487018,maxheight,6.1,Marginal Fernão Dias
-46.559746,-23.487067,maxheight,5.8,Marginal Fernão Dias
-46.545282,-23.487130,maxheight,4,Avenida Carlos Ferreira Endres
-46.545200,-23.487338,maxheight,4,Avenida Carlos Ferreira Endres
-70.413837,-23.487493,maxheight,5,Ruta 1
-46.545459,-23.488601,maxheight,4,Avenida Guarulhos
-46.559596,-23.488706,maxheight,6.1,Rodovia Fernão Dias
-46.559457,-23.488769,maxheight,6.2,Rodovia Fernão Dias
-70.413076,-23.488968,maxheight,5,Ruta 1
-46.545654,-23.489447,maxheight,4,Avenida Guarulhos
-70.412504,-23.490071,maxheight,5,Ruta 1
-46.545947,-23.490367,maxheight,4,Rua Francisco Lombardi
-46.549497,-23.490798,maxheight,8,
-46.549370,-23.490912,maxheight,7.9,
-46.549282,-23.491026,maxheight,7.4,
-46.549521,-23.491339,maxheight,7.4,
-70.411847,-23.491432,maxheight,5,Ruta 1
-46.588980,-23.491439,maxweight,8,Rua das Promessas
-46.549434,-23.491443,maxheight,7.4,
-46.549453,-23.491453,maxheight,7.7,Rodovia Presidente Dutra
-46.550226,-23.491496,maxheight,7.1,Rodovia Presidente Dutra
-46.549355,-23.491519,maxheight,7.4,
-46.551879,-23.492651,maxheight,5.9,Rodovia Presidente Dutra
-46.552021,-23.492962,maxheight,5.8,
-70.411112,-23.493108,maxheight,5,Ruta 1
-46.551799,-23.493177,maxheight,5.7,Rodovia Presidente Dutra
-46.552228,-23.493272,maxheight,5.9,
-47.446596,-23.493286,maxheight,4.3,
-47.446950,-23.493490,maxheight,4.3,Avenida Dom Aguirre
-46.554139,-23.494274,maxheight,5.9,Rodovia Presidente Dutra
-47.442138,-23.494484,maxheight,4.2,Rua Padre Madureira
-46.554243,-23.494508,maxheight,5.1,Rodovia Presidente Dutra
-47.448909,-23.494940,maxheight,4.3,Avenida Dom Aguirre
-47.462399,-23.495240,maxheight,3.3,Rua Luiz Gama
-47.463199,-23.495270,maxheight,3.4,Rua Padre Luiz
-47.441891,-23.495368,maxheight,4.2,Rua Padre Madureira
-46.556010,-23.495599,maxheight,5.9,Rodovia Presidente Dutra
-46.559398,-23.495628,maxheight,5.7,Rodovia Fernão Dias
-47.458635,-23.495744,maxheight,2.1,
-47.441527,-23.496632,maxheight,4.2,Rua Padre Madureira
-46.559647,-23.496649,maxheight,4.8,Rodovia Fernão Dias
-47.450924,-23.496771,maxheight,4.3,Avenida Dom Aguirre
-70.409614,-23.496814,maxweight,45,Ruta 1
-70.409739,-23.496830,maxweight,45,Ruta 1
-47.451076,-23.497257,maxheight,4.3,Avenida Dom Aguirre
-47.460381,-23.497646,maxheight,2.1,
-47.441212,-23.497726,maxheight,4.2,Rua Padre Madureira
-46.559423,-23.497956,maxheight,5.3,Rodovia Fernão Dias
-47.451493,-23.498063,maxheight,4.3,Avenida Dom Aguirre
-46.559582,-23.498161,maxheight,4.9,
-46.461676,-23.498254,maxheight,2.6,
-46.559597,-23.498545,maxheight,4.8,Avenida Aricanduva (Pista Norte)
-46.559269,-23.498589,maxheight,6.1,
-46.848587,-23.499270,maxheight,2.4,
-46.559867,-23.500116,maxheight,4.9,
-46.559149,-23.500570,maxheight,5.3,Avenida Aricanduva (Pista Norte)
-46.560992,-23.500698,maxheight,4.9,
-46.563128,-23.501098,maxheight,6,Rodovia Presidente Dutra
-46.563013,-23.501253,maxheight,6,
-46.564249,-23.501264,maxheight,5.8,Rodovia Presidente Dutra
-47.452483,-23.501410,maxheight,4.3,Avenida Dom Aguirre
-46.559260,-23.501426,maxheight,6.4,Avenida Aricanduva (Pista Norte)
-46.564732,-23.501831,maxheight,5.8,
-47.452351,-23.502018,maxheight,4.3,Avenida Dom Aguirre
-46.564831,-23.502053,maxheight,5.9,
-46.564700,-23.502180,maxheight,6,
-47.452518,-23.502745,maxheight,4.3,Avenida Dom Aguirre
-47.370598,-23.502883,maxheight,5.2,Rua Rodolfo Garcia
-46.566657,-23.503650,maxheight,6.6,Rodovia Presidente Dutra
-47.452164,-23.504333,maxheight,4.3,Avenida Dom Aguirre
-46.568596,-23.504507,maxheight,6.6,Rodovia Presidente Dutra
-46.568019,-23.504643,maxheight,6.3,
-46.568359,-23.504692,maxheight,6.6,
-46.873538,-23.504841,maxheight,5.1,Rodovia Presidente Castelo Branco
-46.832207,-23.506118,maxheight,5.4,Avenida Piracema
-47.451872,-23.506591,maxheight,4.3,Avenida Dom Aguirre
-46.714801,-23.506636,maxheight,5,Avenida Raimundo Pereira de Magalhães
-46.714080,-23.506826,maxheight,5,Avenida Raimundo Pereira de Magalhães
-46.747674,-23.507365,maxheight,4.5,Passagem Subterrânea Chaquib Kalil
-46.714726,-23.507378,maxheight,4.5,Avenida Otaviano Alves de Lima
-51.730594,-23.507490,maxheight,5.5,Rodovia do Café Governador Ney Braga
-46.746657,-23.507506,maxheight,4.5,Rua Joaquim Oliveira Freitas
-46.714552,-23.507517,maxheight,4.6,Marginal Tietê (Central)
-46.571354,-23.507547,maxweight,5,Rua Tenente Amaro Felicíssimo da Silveira
-46.714510,-23.507627,maxheight,4.7,Marginal Tietê (Central)
-46.714373,-23.507738,maxheight,5.1,Marginal Tietê (Expressa)
-46.705734,-23.507866,maxheight,4.6,Avenida Otaviano Alves de Lima
-46.705776,-23.508014,maxheight,5.5,
-46.705775,-23.508056,maxheight,5.5,Marginal Tietê (Central)
-46.689428,-23.508144,maxheight,4.7,Avenida Otaviano Alves de Lima
-51.727901,-23.508198,maxheight,5.5,Rodovia do Café Governador Ney Braga
-46.705797,-23.508199,maxheight,5.9,Marginal Tietê (Expressa)
-46.689512,-23.508328,maxheight,4.7,Avenida Marginal Tietê (Central)
-46.154054,-23.508337,maxheight,2.4,
-46.689533,-23.508416,maxheight,4.6,Marginal Tietê (Central)
-46.689552,-23.508512,maxheight,4.7,Avenida Otaviano Alves de Lima
-46.689579,-23.508603,maxheight,4.7,Marginal Tietê (Expressa)
-46.714063,-23.508793,maxheight,4.6,Marginal Tietê (Expressa)
-47.553087,-23.508984,maxheight,3,
-46.738355,-23.508990,maxheight,4.5,Avenida Alexandre Colares
-47.557202,-23.509012,maxweight,2,
-46.713866,-23.509020,maxheight,4.8,Avenida Embaixador Macedo Soares (Central)
-47.557346,-23.509024,maxweight,2,
-47.552736,-23.509027,maxheight,3,
-46.738191,-23.509034,maxheight,4.5,Avenida Alexandre Colares
-46.712757,-23.509050,maxheight,4.9,Margina Tietê Central
-46.573135,-23.509099,maxheight,5.7,Rodovia Presidente Dutra
-46.713889,-23.509150,maxheight,4.7,Avenida Embaixador Macedo Soares (Local)
-46.705647,-23.509197,maxheight,5.1,Marginal Tietê (Expressa)
-46.695719,-23.509309,maxheight,3,
-46.705623,-23.509372,maxheight,4.9,Avenida Embaixador Macedo Soares (Central)
-51.721803,-23.509396,maxheight,5.5,Rodovia do Café Governador Ney Braga
-47.552762,-23.509441,maxheight,3,
-46.689799,-23.509520,maxheight,4.9,Marginal Tietê (Expressa)
-46.705587,-23.509525,maxheight,4.7,Avenida Embaixador Macedo Soares (Local)
-46.550725,-23.509555,maxheight,4.65,Avenida Guarulhos
-46.550783,-23.509593,maxheight,4.65,Avenida Guarulhos
-46.689831,-23.509735,maxheight,4.4,Avenida Embaixador Macedo Soares (Central)
-46.689848,-23.509992,maxheight,5.3,Avenida Embaixador Macedo Soares (Local)
-46.206215,-23.510025,maxheight,4,Avenida Doutor Edison Consolmagno
-51.719248,-23.510085,maxheight,5.5,Rodovia do Café Governador Ney Braga
-47.357173,-23.510172,maxheight,5.5,Avenida Bandeirantes
-47.357111,-23.510200,maxheight,5.5,Avenida Bandeirantes
-46.574203,-23.510219,maxheight,6.6,
-46.574150,-23.510264,maxheight,6.6,
-46.574058,-23.510330,maxheight,6.3,
-46.574086,-23.510541,maxheight,6.6,
-46.573949,-23.510658,maxheight,5.6,
-46.573805,-23.510756,maxheight,6.7,
-46.879994,-23.510976,maxheight,2.4,
-46.727604,-23.512159,maxheight,4.7,
-46.576200,-23.512331,maxheight,5.7,Rodovia Presidente Dutra
-46.818135,-23.513147,maxheight,5.5,Rua Jussara
-47.327544,-23.513299,maxheight,5.5,Rodovia Raposo Tavares
-46.672680,-23.513613,maxheight,5,Marginal Tietê (Central)
-46.671850,-23.513614,maxheight,5,Marginal Tietê (Expressa)
-46.577214,-23.513647,maxheight,5.8,Rodovia Presidente Dutra
-46.726326,-23.513675,maxheight,6.1,Avenida Otaviano Alves de Lima
-46.552063,-23.513699,maxheight,2.5,Rua do Túnel
-46.577122,-23.513707,maxheight,5.8,Rodovia Presidente Dutra
-46.726453,-23.513880,maxheight,5.9,Marginal Tietê (Central)
-46.726783,-23.513958,maxheight,6.1,Avenida Otaviano Alves de Lima
-46.577737,-23.513962,maxheight,5.8,
-46.577596,-23.514065,maxheight,5.7,
-46.726413,-23.514096,maxheight,6.1,Marginal Tietê (Expressa)
-46.577985,-23.514224,maxheight,5.7,Rodovia Presidente Dutra
-46.577635,-23.514254,maxheight,6,
-46.577506,-23.514363,maxheight,5.8,
-46.667096,-23.514662,maxheight,5,Avenida Marginal Tietê Expressa
-47.427249,-23.514859,maxheight,4.6,Avenida Coronel Nogueira Padilha
-47.427342,-23.514902,maxheight,4.9,Avenida Coronel Nogueira Padilha
-46.726197,-23.515110,maxheight,5.4,Marginal Tietê (Expressa)
-46.726144,-23.515254,maxheight,5.5,Marginal Tietê (Central)
-46.726181,-23.515437,maxheight,5.4,Avenida Embaixador Macedo Soares (Local)
-46.624717,-23.515875,maxweight,3,
-46.653880,-23.515926,maxheight,4.3,Avenida Assis Chateaubriand (Local)
-46.652925,-23.515951,maxheight,4.3,Avenida Assis Chateaubriand (Local)
-46.653399,-23.515978,maxheight,6.2,Avenida Assis Chateaubriand
-46.651192,-23.516009,maxweight,4.8,Avenida Assis Chateaubriand (Local)
-46.624723,-23.516105,maxweight,3,
-46.653822,-23.516120,maxheight,5.3,Avenida Otaviano Alves de Lima
-46.666770,-23.516145,maxheight,5.3,Avenida Marginal Tietê (Local)
-46.624637,-23.516192,maxheight,3,Rua Eudoro Lemos
-46.654843,-23.516229,maxheight,5.3,Marginal Tietê (Expressa)
-46.625262,-23.516242,maxheight,4.3,Avenida Cruzeiro do Sul
-46.625016,-23.516249,maxheight,4.3,Avenida Cruzeiro do Sul
-46.624727,-23.516255,maxweight,3,
-46.556698,-23.516269,maxheight,5.6,Marginal Tietê (Expressa)
-46.650717,-23.516300,maxheight,4.8,Avenida Assis Chateaubriand (Local)
-46.652842,-23.516320,maxheight,5.2,Marginal Tietê (Central)
-46.624731,-23.516404,maxweight,3,
-46.651246,-23.516409,maxheight,5.3,Avenida Assis Chateaubriand
-46.652288,-23.516433,maxheight,5.2,
-46.651165,-23.516494,maxheight,5.3,Avenida Assis Chateaubriand (Central)
-70.400466,-23.516495,maxheight,5,Ruta 1
-46.651749,-23.516564,maxheight,5.2,Avenida Assis Chateaubriand (Expressa)
-46.624735,-23.516569,maxheight,3,
-46.651893,-23.516616,maxheight,5.3,Marginal Tietê (Expressa)
-46.580579,-23.516924,maxheight,5.7,
-46.187884,-23.516990,maxheight,5.5,Passagem Subterrânea Engenheiro Osvaldo Crespo de Abreu
-46.187955,-23.517027,maxheight,5.5,Passagem Subterrânea Engenheiro Osvaldo Crespo de Abreu
-46.580432,-23.517047,maxheight,5.7,
-46.654872,-23.517242,maxheight,4.5,Marginal Tietê (Expressa)
-46.743877,-23.517256,maxheight,5.3,
-46.580384,-23.517380,maxheight,5.8,
-46.655201,-23.517416,maxheight,4.5,Marginal Tietê (Central)
-46.580763,-23.517526,maxheight,5.8,
-46.788432,-23.517544,maxheight,4.8,Avenida Getúlio Vargas
-46.624073,-23.517578,maxheight,3,Rua Eudoro Lemos
-46.788288,-23.517604,maxheight,4.8,Avenida Getúlio Vargas
-46.654549,-23.517663,maxheight,5.3,Avenida Presidente Castelo Branco (Local)
-46.653697,-23.517797,maxheight,5.3,Avenida Presidente Castelo Branco (Local)
-46.582838,-23.517922,maxheight,4,Rua Arari Leite
-46.814750,-23.518060,maxheight,5.5,Ramo D
-46.629990,-23.518136,maxheight,4.4,Avenida Assis Chateaubriand
-46.630027,-23.518260,maxheight,4.6,Avenida Assis Chateaubriand (Central)
-46.581909,-23.518305,maxheight,5.5,
-46.582166,-23.518330,maxweight,30,Rua Curuçá
-46.582230,-23.518368,maxheight,5.5,Avenida Bandeirantes do Sul
-46.625247,-23.518404,maxheight,4.6,Avenida Morvan Dias de Figueiredo (Local)
-46.630051,-23.518405,maxheight,5.2,Marginal Tietê (Central)
-46.582223,-23.518423,maxweight,30,Rua Curuçá
-46.625253,-23.518503,maxheight,4.6,Avenida Morvan Dias de Figueiredo (Local)
-46.581909,-23.518567,maxheight,5.5,Rodovia Presidente Dutra
-46.625239,-23.518598,maxheight,4.5,Marginal Tietê (Central)
-46.630086,-23.518605,maxheight,4.9,Marginal Tietê (Expressa)
-46.581834,-23.518626,maxheight,5.4,Rodovia Presidente Dutra
-46.837240,-23.518656,maxheight,5,
-46.625250,-23.518709,maxheight,4.4,
-46.581685,-23.518735,maxheight,5.1,Rodovia Presidente Dutra
-46.581600,-23.518819,maxheight,5.1,
-46.625254,-23.518854,maxheight,4.8,Marginal Tietê (Expressa)
-47.597212,-23.518870,maxheight,4.9,
-46.581483,-23.518881,maxheight,4.2,Rua Ciro Soares de Almeida
-47.597125,-23.518919,maxheight,4.9,
-46.630098,-23.519412,maxheight,4.5,Marginal Tietê (Expressa)
-70.398832,-23.519480,maxheight,5,Ruta 1
-46.582188,-23.519484,maxheight,4.2,
-46.625375,-23.519753,maxheight,4.8,Avenida Marginal Tietê (Expressa)
-46.625141,-23.519768,maxheight,4.8,Avenida Marginal Tietê (Expressa)
-46.630153,-23.519817,maxheight,4.8,Avenida Presidente Castelo Branco (Central)
-46.627729,-23.519834,maxheight,4.5,Avenida Presidente Castelo Branco (Central)
-46.630311,-23.519884,maxheight,4.8,Avenida Presidente Castelo Branco (Local)
-46.625381,-23.519917,maxheight,4.9,Avenida Presidente Castelo Branco (Central)
-46.625149,-23.519926,maxheight,4.9,Avenida Presidente Castelo Branco (Central)
-46.625387,-23.520043,maxheight,4.5,Avenida Presidente Castelo Branco (Local)
-46.625112,-23.520055,maxheight,4.5,Avenida Presidente Castelo Branco (Local)
-46.746302,-23.520229,maxheight,5.8,Avenida Embaixador Macedo Soares (Expressa)
-46.745701,-23.520264,maxheight,4,Rua Major Paladino
-46.711540,-23.520284,maxheight,3.2,Avenida Raimundo Pereira de Magalhães
-46.746030,-23.520292,maxheight,6.1,Avenida Embaixador Macedo Soares
-46.610677,-23.520381,maxheight,5.1,Marginal Tietê (Central)
-46.746246,-23.520382,maxheight,5.8,Avenida Marginal Tietê
-46.747799,-23.520412,maxheight,5.6,
-46.747647,-23.520414,maxheight,5.8,Avenida Marginal do Tietê Expressa
-46.747985,-23.520456,maxheight,6.4,Avenida Marginal Direita do Tietê
-46.748140,-23.520457,maxheight,4.5,
-51.669552,-23.520535,maxheight,1.2,
-46.775770,-23.520547,maxheight,4.8,Avenida Brasil
-46.775600,-23.520585,maxheight,4.8,Avenida Brasil
-51.669710,-23.520765,maxheight,1.2,
-70.398092,-23.520831,maxheight,5,Ruta 1
-46.597256,-23.520904,maxheight,2.2,Entrada Norte Carrefur
-70.397866,-23.520979,maxheight,5,Ruta 1
-46.597540,-23.521286,maxheight,2.2,
-46.195274,-23.521380,maxheight,4,Complexo Viário Tirreno da San Biagio
-46.195772,-23.521418,maxheight,4,Complexo Viário Tirreno da San Biagio
-46.584901,-23.521510,maxheight,5.8,
-46.584760,-23.521602,maxheight,5.9,
-46.630539,-23.521658,maxheight,5.5,Avenida Santos Dumont
-46.584873,-23.521737,maxheight,5.6,Rodovia Presidente Dutra
-46.584789,-23.521780,maxheight,5.9,
-46.584655,-23.521878,maxheight,5.6,
-46.599320,-23.522134,maxheight,2.2,
-46.558737,-23.522208,maxheight,4.6,Avenida Morvan Dias de Figueiredo
-46.558612,-23.522420,maxheight,5.3,Marginal Tietê Central
-46.625467,-23.522486,maxheight,4.4,Avenida Cruzeiro do Sul
-46.558493,-23.522572,maxheight,4.6,Avenida Morvan Dias de Figueiredo
-70.397131,-23.522581,maxheight,5,Ruta 1
-70.396979,-23.522599,maxheight,5,Ruta 1
-46.609376,-23.522835,maxheight,6,Marginal Tietê (Expressa)
-46.611156,-23.522957,maxweight,60,Ponte da Vila Guilherme
-46.611052,-23.522973,maxweight,60,Ponte da Vila Guilherme
-46.557923,-23.523328,maxheight,4.7,
-46.558160,-23.523407,maxheight,4.7,Marginal Tietê Expressa
-46.557947,-23.523560,maxheight,4.9,Avenida Condessa Elisabeth de Robiano
-46.600160,-23.523646,maxheight,2.2,
-46.599640,-23.523833,maxheight,2.2,
-46.599883,-23.523867,maxheight,2.2,
-46.790599,-23.524029,maxheight,4.7,
-70.396299,-23.524097,maxheight,5,Ruta 1
-46.586927,-23.524222,maxheight,6.3,Rodovia Presidente Dutra
-70.396057,-23.524276,maxheight,5,Ruta 1
-46.586907,-23.524347,maxheight,6.5,Rodovia Presidente Dutra
-46.586802,-23.524479,maxheight,6.5,Rodovia Presidente Dutra
-46.670697,-23.524592,maxheight,4.9,Avenida Antártica
-46.605892,-23.524603,maxheight,6,Marginal Tietê (Central)
-46.671106,-23.524847,maxheight,4.9,Rua Doutor Bento Teobaldo Ferraz
-46.671202,-23.524884,maxheight,4.9,Rua Gustav Willi Borghoff
-46.670799,-23.524920,maxheight,4.9,Rua Gustav Willi Borghoff
-46.741165,-23.524984,maxheight,4.4,Avenida Gastão Vidigal
-47.441376,-23.525103,maxheight,4.5,Rua Venezuela
-47.441141,-23.525124,maxheight,4.5,Rua Venezuela
-46.629138,-23.525203,maxheight,4.8,Avenida do Estado
-46.741135,-23.525275,maxheight,4.6,Avenida Cardeal Santiago Luís Copello
-46.741109,-23.525425,maxheight,4.7,Avenida Cardeal Santiago Luís Copello
-46.629787,-23.525494,maxheight,5,Avenida do Estado
-46.660360,-23.525511,maxheight,4.4,
-46.671590,-23.525592,maxheight,5,Avenida Auro Soares de Moura Andrade
-70.395453,-23.525639,maxheight,5,Ruta 1
-46.629594,-23.525689,maxheight,5,Avenida do Estado
-46.670971,-23.525718,maxheight,5,Avenida Mário de Andrade
-47.441243,-23.525728,maxheight,4.5,
-46.671791,-23.525760,maxheight,5,Avenida Auro Soares de Moura Andrade
-46.660442,-23.525813,maxheight,4.9,Rua da Várzea
-46.672009,-23.525971,maxheight,5,Rua Julio Gonzales
-46.671951,-23.526145,maxheight,5,Rua Pedro Machado
-46.553318,-23.526301,maxheight,4.2,Rua Vereador Cid Galvão da Silva
-46.553255,-23.526393,maxheight,4.2,Rua Vereador Cid Galvão da Silva
-46.660579,-23.526393,maxheight,5.1,Rua Barra Funda
-46.596103,-23.526480,maxheight,5,Avenida Morvan Dias de Figueiredo (Local)
-46.596162,-23.526584,maxheight,4.5,Avenida Morvan Dias de Figueiredo (Local)
-47.450360,-23.526661,maxheight,5.3,Avenida Comendador Pereira Inacio
-46.596232,-23.526682,maxheight,4.7,Marginal Tietê (Central)
-46.672466,-23.526761,maxheight,5,Rua Pedro Machado
-46.672856,-23.526825,maxheight,5.4,Avenida Francisco Matarazzo
-46.672886,-23.526931,maxheight,5.4,Avenida Francisco Matarazzo
-47.450260,-23.527002,maxheight,5.3,Avenida Comendador Pereira Inacio
-46.673103,-23.527069,maxheight,3.9,Praça Tomás Morus
-46.673380,-23.527213,maxheight,3,
-46.596723,-23.527248,maxheight,6,Marginal Tietê Expressa
-46.596771,-23.527323,maxheight,6.1,Avenida Morvan Dias de Figueiredo (Expressa)
-46.740365,-23.527349,maxheight,4.6,Avenida Mofarrej
-46.740155,-23.527649,maxheight,4.5,
-46.585321,-23.527681,maxheight,5.9,Avenida Morvan Dias de Figueiredo (Local)
-46.585279,-23.527839,maxheight,5.7,Marginal Tietê (Central)
-70.394404,-23.527880,maxheight,5,Ruta 1
-46.585257,-23.527924,maxheight,5.7,Marginal Tietê (Expressa)
-46.597448,-23.528192,maxheight,4.6,Marginal Tietê (Central)
-46.590085,-23.528321,maxheight,4.5,Avenida Morvan Dias de Figueiredo (Local)
-46.727666,-23.528416,maxheight,2,Rua Ivan Curvelo  153
-46.590244,-23.528445,maxheight,4.9,Marginal Tietê (Central)
-46.588790,-23.528475,maxheight,4.9,Avenida Morvan Dias de Figueiredo (Local)
-46.588927,-23.528704,maxheight,6.2,Avenida Morvan Dias de Figueiredo (Central)
-46.584877,-23.528771,maxheight,4.4,Marginal Tietê (Expressa)
-46.584830,-23.528862,maxheight,5.4,Marginal Tietê (Central)
-46.588845,-23.528862,maxheight,6.2,Marginal Tietê (Expressa)
-46.584790,-23.528967,maxheight,4.4,Avenida Condessa Elisabeth de Robiano
-47.135410,-23.529054,maxheight,4,Avenida Antonino Dias Bastos
-47.135267,-23.529081,maxheight,4,Avenida Antonino Dias Bastos
-46.590656,-23.529276,maxheight,4.8,Marginal Tietê (Expressa)
-46.586227,-23.529324,maxheight,4.4,Avenida Condessa Elisabeth de Robiano
-46.553358,-23.529362,maxheight,4.2,Avenida Celso Garcia
-46.587917,-23.529536,maxheight,5.4,Marginal Tietê (Expressa)
-46.642131,-23.530012,maxheight,4.4,Rua Silva Pinto
-46.972293,-23.530988,maxheight,5,Rua Doutor José Alexandre Crosgnac
-46.335213,-23.531319,maxheight,10,Rodoanel Mário Covas
-46.553348,-23.531414,maxheight,4.5,Rua Manuel Graça
-70.393404,-23.531468,maxheight,5,Ruta 1
-46.553368,-23.531481,maxheight,4.5,Rua Alfredo de Franco
-47.477625,-23.531827,maxheight,5.5,Rodovia Raposo Tavares (Marginal)
-46.663017,-23.531925,maxheight,4.9,Avenida Francisco Matarazzo
-46.660943,-23.531950,maxheight,3.8,Avenida Pacaembu
-47.477596,-23.531953,maxheight,5.5,Rodovia Raposo Tavares
-46.661036,-23.531963,maxheight,3.8,Avenida Pacaembu
-46.662025,-23.532030,maxheight,4.9,Avenida Francisco Matarazzo
-46.662977,-23.532030,maxheight,4.8,Avenida Francisco Matarazzo
-46.661956,-23.532175,maxheight,4.8,Avenida Francisco Matarazzo
-47.477539,-23.532181,maxheight,5.5,Rodovia Raposo Tavares (Marginal)
-70.393409,-23.532654,maxheight,5,Ruta 1
-46.218877,-23.533504,maxweight,10,Avenida Valentina Mello Freire Borenstein
-70.393127,-23.534164,maxheight,5,Ruta 1
-47.504981,-23.534959,maxheight,4.5,Avenida Doutor Luiz Mendes de Almeida
-70.230478,-23.535004,maxheight,5,Ruta 5 Norte
-47.504905,-23.535010,maxheight,4.5,Avenida Doutor Luiz Mendes de Almeida
-70.393033,-23.535061,maxheight,5,Ruta 1
-46.628780,-23.535311,maxheight,3,
-47.505109,-23.535389,maxheight,5.2,Avenida Doutor Luiz Mendes de Almeida
-70.230563,-23.535456,maxheight,5,Ruta 5 Norte
-70.392969,-23.535665,maxheight,5,Ruta 1
-46.304983,-23.535886,maxheight,5.2,Acesso a Rua Prudente de Moraes
-46.633525,-23.536173,maxheight,5.4,Avenida Prestes Maia
-46.633389,-23.536218,maxheight,5,
-46.633683,-23.536296,maxheight,5.1,Avenida Prestes Maia
-47.505629,-23.536441,maxheight,5.2,Rua Josephina Belini
-70.392869,-23.536617,maxheight,5,Ruta 1
-46.556836,-23.536736,maxheight,4.5,Avenida Conde de Frontin
-46.628083,-23.537050,maxheight,3.8,Rua da Cantareira
-46.628148,-23.537206,maxheight,3.8,Rua da Cantareira
-46.626734,-23.537406,maxheight,4.4,Avenida do Estado
-46.626335,-23.537510,maxheight,4.3,Avenida do Estado
-46.648907,-23.538157,maxheight,3.8,Rua Roberto Piva
-46.648765,-23.538535,maxheight,3.8,Rua Roberto Piva
-70.392643,-23.538787,maxheight,5,Ruta 1
-46.633932,-23.539225,maxheight,5.3,Avenida Prestes Maia
-46.633831,-23.539232,maxheight,5.3,Avenida Prestes Maia
-46.571436,-23.539346,maxheight,5.5,Rua Melo Freire
-46.571399,-23.539470,maxheight,4.6,Rua Melo Freire
-46.485173,-23.539613,maxheight,4.7,Tunel Águia de Haia
-46.740250,-23.539648,maxheight,5.4,Marginal Pinheiros (Expressa)
-46.485185,-23.539658,maxheight,4.7,Tunel Águia de Haia
-46.263458,-23.539798,maxheight,4.3,Avenida José Porcelli
-46.632827,-23.540702,maxheight,3.8,Rua Carlos de Sousa Nazaré
-46.464990,-23.540886,maxheight,5.4,Túnel Jornalista Odon Pereira
-46.464939,-23.540980,maxheight,5.4,Túnel Jornalista Odon Pereira
-46.634281,-23.541305,maxheight,5.2,Avenida Prestes Maia
-46.263604,-23.541368,maxheight,4.3,Avenida José Porcelli
-46.263466,-23.541384,maxheight,4.3,
-46.634395,-23.541445,maxheight,5.2,Avenida Prestes Maia
-46.634493,-23.541449,maxheight,5.2,Rua Capitão Mor Jerônimo Leitão
-46.634306,-23.541711,maxheight,5.3,Avenida Prestes Maia
-70.392383,-23.541763,maxheight,5.1,Ruta 1
-46.636137,-23.542344,maxheight,7,Rua Brigadeiro Tobias
-46.635460,-23.542762,maxheight,7,Avenida Prestes Maia
-46.636335,-23.542816,maxheight,7,Rua Brigadeiro Tobias
-70.392217,-23.543056,maxheight,5.1,Ruta 1
-46.627032,-23.543473,maxheight,4.2,Avenida Mercúrio
-46.228843,-23.543989,maxheight,4,
-70.392008,-23.544101,maxheight,5.1,Avenida Edmundo Pérez Zujovic
-70.392105,-23.544102,maxheight,5.1,Avenida Edmundo Pérez Zujovic
-46.593334,-23.544255,maxheight,4.7,Avenida Alcântara Machado
-46.593320,-23.544436,maxheight,4.7,Avenida Alcântara Machado
-46.593250,-23.544557,maxheight,4.7,Avenida Alcântara Machado
-46.593406,-23.544588,maxheight,4.3,Avenida Alcântara Machado
-46.605274,-23.544696,maxheight,4.3,Rua Visconde de Parnaíba
-46.733651,-23.544816,maxheight,5.4,Avenida Doutora Ruth Cardoso
-46.605284,-23.544823,maxheight,4.3,Rua Visconde de Parnaíba
-70.392384,-23.545091,maxheight,5.1,Avenida Edmundo Pérez Zujovic
-70.392302,-23.545119,maxheight,5.1,Avenida Edmundo Pérez Zujovic
-46.636501,-23.545133,maxheight,4.2,Túnel São João Paulo II
-46.636837,-23.545143,maxheight,4.2,Túnel São João Paulo II
-45.232895,-23.546015,maxweight,12,Rodovia Governador Mário Covas
-46.735024,-23.546089,maxheight,5.4,Marginal Pinheiros (Expressa)
-70.393453,-23.546423,maxheight,5.1,Avenida Edmundo Pérez Zujovic
-70.393325,-23.546441,maxheight,5.1,Avenida Edmundo Pérez Zujovic
-46.647643,-23.546560,maxheight,4.4,Rua Amaral Gurgel
-46.735523,-23.546614,maxheight,5.4,Marginal Pinheiros (Local)
-46.735680,-23.546758,maxheight,5,
-46.647816,-23.546761,maxheight,4.4,
-46.637681,-23.546882,maxheight,4.2,Túnel São João Paulo II
-46.377567,-23.547115,maxheight,3.1,Rua José Moreno
-46.647407,-23.547404,maxheight,4.5,Rua Amaral Gurgel
-46.647497,-23.547475,maxheight,4.4,Avenida Radial Leste-Oeste
-46.603201,-23.547601,maxheight,4,Rua Pires do Rio
-46.603155,-23.547658,maxheight,4,Rua Pires do Rio
-46.647193,-23.547949,maxheight,4.5,Rua Amaral Gurgel
-46.602885,-23.548014,maxheight,4.2,Avenida Alcântara Machado
-46.647265,-23.548046,maxheight,4.4,Avenida Radial Leste-Oeste
-46.602823,-23.548097,maxheight,4.1,Avenida Alcântara Machado
-46.647350,-23.548172,maxheight,4.4,
-46.602769,-23.548248,maxheight,4,Avenida Alcântara Machado
-46.626179,-23.548260,maxheight,4,Rua da Figueira
-46.602740,-23.548280,maxheight,4,Avenida Alcântara Machado
-46.646889,-23.548423,maxheight,4.3,
-46.666181,-23.548566,maxheight,4.4,Rua Desembargador Paulo Passaláqua
-46.646441,-23.548741,maxheight,4.3,
-46.602015,-23.548790,maxheight,4.3,Rua Bresser
-46.638850,-23.548801,maxheight,4.4,Parque Anhangabau
-46.646881,-23.548846,maxheight,4.5,Avenida Radial Leste-Oeste
-46.638957,-23.548866,maxheight,4.4,Parque Anhangabau
-46.602052,-23.548990,maxheight,3.7,Rua João Caetano
-46.646549,-23.549174,maxheight,4.3,
-46.646898,-23.549188,maxheight,4.4,Avenida Radial Leste-Oeste
-46.638521,-23.549426,maxheight,5,Praça da Bandeira
-46.638630,-23.549455,maxheight,5,Avenida Vinte e Três de Maio
-46.844917,-23.549501,maxheight,4.15,
-46.646625,-23.549702,maxheight,4.5,Avenida Radial Leste-Oeste
-46.845676,-23.549851,maxheight,4.15,
-46.639009,-23.550071,maxheight,4.8,
-46.646520,-23.550143,maxheight,4.5,Avenida Radial Leste-Oeste
-46.646626,-23.550165,maxheight,4.4,Avenida Radial Leste-Oeste
-46.639074,-23.550227,maxheight,4,Praça da Bandeira
-46.664496,-23.550467,maxheight,2.35,Portão 23
-46.628906,-23.550625,maxheight,5.4,Rua Frederico Alvarenga
-46.644539,-23.550666,maxheight,4.4,Avenida Nove de Julho
-46.644464,-23.550758,maxheight,4.5,Avenida Nove de Julho
-46.646360,-23.550845,maxheight,4.1,Rua Avanhandava
-46.629178,-23.550849,maxheight,5.4,Rua dos Carmelitas
-46.665522,-23.551097,maxweight,4.4,Rua Desembargador Paulo Passaláqua
-46.665307,-23.551464,maxheight,4.4,
-46.306699,-23.551633,maxweight,10,Rua Francisco Felisberto Filho
-46.304949,-23.551779,maxweight,10,Rua Francisco Felisberto Filho
-46.609873,-23.551860,maxheight,4.8,Avenida Alcântara Machado
-46.625356,-23.551860,maxheight,4.6,Viaduto 31 de Março
-46.609809,-23.551930,maxheight,4.8,Avenida Alcântara Machado
-46.621796,-23.551939,maxheight,4.6,Avenida Alcântara Machado
-46.621789,-23.552031,maxheight,4.6,Avenida Alcântara Machado
-46.834996,-23.552032,maxheight,2.4,
-46.609699,-23.552071,maxheight,4.4,Avenida Alcântara Machado
-46.645932,-23.552188,maxheight,4.3,Rua Santo Antônio
-46.621836,-23.552191,maxheight,4.6,Avenida Alcântara Machado
-46.621832,-23.552252,maxheight,4.6,Avenida Alcântara Machado
-46.609688,-23.552342,maxheight,4.1,Rua dos Trilhos
-46.318424,-23.552374,maxweight,10,Rua Regina Cabalau Mendonça
-46.598478,-23.552467,maxheight,3,
-46.645726,-23.552544,maxheight,4.6,Rua João Passalaqua
-46.615879,-23.552738,maxheight,4.4,
-46.615670,-23.552797,maxheight,4.4,Rua Piratininga
-46.615350,-23.552817,maxheight,4.3,
-46.611863,-23.552872,maxheight,4.7,Rua Palmorino Mônaco
-46.612010,-23.552917,maxweight,4.7,Rua Palmorino Mônaco
-46.835087,-23.552921,maxheight,2.4,
-46.613674,-23.552964,maxheight,3.8,Rua André de Leão
-46.627049,-23.552965,maxheight,4.9,Viaduto 31 de Março
-46.626377,-23.553033,maxheight,5,Avenida do Estado
-46.626972,-23.553076,maxheight,4.9,Viaduto 31 de Março
-46.626161,-23.553110,maxheight,5,
-46.626311,-23.553404,maxheight,4.9,Viaduto 31 de Março
-46.625766,-23.554081,maxheight,4.6,Praça Ministro Francisco Sá Carneiro
-46.384432,-23.554198,maxheight,3.8,Rua Pascoal Lobosco
-46.626784,-23.554302,maxheight,4.5,Praça Ministro Francisco Sá Carneiro
-46.626836,-23.554377,maxheight,4.5,Viaduto Governador Roberto Abreu Sodré
-46.627136,-23.554393,maxheight,4.5,Rua Almirante Mauriti
-46.643035,-23.554986,maxheight,4.3,Rua Major Diogo
-46.663055,-23.555548,maxheight,4.1,Túnel José Roberto Fanganiello Melhem
-46.639910,-23.555661,maxheight,4.4,Avenida Radial Leste-Oeste
-46.639377,-23.555754,maxheight,4.4,Avenida Radial Leste-Oeste
-46.662736,-23.555802,maxheight,4.1,Túnel José Roberto Fanganiello Melhem
-46.639939,-23.555813,maxheight,4.4,Avenida Radial Leste-Oeste
-46.637709,-23.556132,maxheight,4.7,Avenida Vinte e Três de Maio
-46.662493,-23.556143,maxheight,4.1,Túnel José Roberto Fanganiello Melhem
-46.637439,-23.556178,maxheight,4.9,Avenida Vinte e Três de Maio
-46.662147,-23.556326,maxheight,4.1,Túnel José Roberto Fanganiello Melhem
-46.632772,-23.556411,maxheight,4.4,Avenida Radial Leste-Oeste
-46.632742,-23.556548,maxheight,4.4,
-46.633031,-23.556555,maxheight,4.4,Viaduto Shuhei Uetsuka
-46.636899,-23.556590,maxheight,4.4,
-46.661470,-23.556880,maxheight,4.1,Túnel José Roberto Fanganiello Melhem
-46.661575,-23.556983,maxheight,4.1,Túnel José Roberto Fanganiello Melhem
-46.711044,-23.557485,maxheight,4.5,Avenida Doutora Ruth Cardoso
-46.667251,-23.557584,maxheight,4.9,Avenida Rebouças
-46.711103,-23.557600,maxheight,5.6,Avenida das Nações Unidas
-46.667555,-23.557749,maxheight,4.9,Avenida Doutor Eneas Carvalho de Aguiar
-46.711229,-23.557779,maxheight,5.8,Marginal Pinheiros (Expressa)
-46.667293,-23.557955,maxheight,5.2,Avenida Rebouças
-46.679440,-23.558022,maxweight,2.8,
-46.679514,-23.558066,maxweight,2.8,
-46.679676,-23.558163,maxweight,2.8,
-46.712418,-23.558830,maxheight,4.8,Marginal Pinheiros (Expressa)
-46.712500,-23.558874,maxheight,4.5,Marginal Pinheiros (Local)
-46.712051,-23.559233,maxheight,4.5,
-46.712338,-23.559247,maxheight,4.5,Praça Alberto Rangel
-46.654573,-23.559519,maxheight,4.6,Avenida Nove de Julho
-46.712283,-23.559676,maxheight,4.5,Praça Alberto Rangel
-46.654487,-23.559727,maxheight,4.7,Avenida Nove de Julho
-46.655161,-23.560350,maxheight,4.7,Avenida Nove de Julho
-46.685648,-23.562431,maxheight,4.9,Rua Mateus Grou
-46.640330,-23.562747,maxheight,5.5,Avenida Vinte e Três de Maio
-46.640016,-23.562792,maxheight,5.3,Avenida Vinte e Três de Maio
-46.651289,-23.563271,maxweight,4,
-46.504222,-23.564147,maxheight,4.5,Avenida Principal
-46.504194,-23.564278,maxheight,4.5,Avenida Principal
-46.657611,-23.565451,maxheight,4.7,Avenida Nove de Julho
-48.021068,-23.565906,maxheight,4.5,Avenida Oswaldo Lima Duarte
-48.021182,-23.565937,maxheight,4.5,Avenida Oswaldo Lima Duarte
-46.702303,-23.567272,maxheight,4.5,Avenida Doutora Ruth Cardoso
-46.641147,-23.570518,maxheight,5.7,Avenida Vinte e Três de Maio
-46.702533,-23.571159,maxheight,4.5,Marginal Pinheiros (Local)
-46.696258,-23.571576,maxheight,5.5,Avenida Eusébio Matoso
-46.696218,-23.571706,maxheight,5.5,Avenida Eusébio Matoso
-46.698668,-23.571868,maxheight,5.7,Avenida Eusébio Matoso
-46.699260,-23.572072,maxheight,5.6,Avenida Eusébio Matoso
-46.699461,-23.572109,maxheight,5.6,Avenida Eusébio Matoso
-46.700228,-23.572145,maxheight,4.5,Avenida Doutora Ruth Cardoso
-46.700427,-23.572148,maxheight,4.7,Marginal Pinheiros (Expressa)
-46.701709,-23.572281,maxheight,4.5,Marginal Pinheiros (Local)
-46.701387,-23.572302,maxheight,5.1,Marginal Pinheiros (Expressa)
-46.701476,-23.572571,maxheight,4.5,Marginal Pinheiros (Local)
-46.423991,-23.572939,maxweight,4536,Rua Vitória
-46.698317,-23.573339,maxheight,5.3,Avenida Doutora Ruth Cardoso
-46.698306,-23.573417,maxheight,5.3,
-46.698196,-23.573788,maxheight,5.4,Marginal Pinheiros (Expressa)
-46.641602,-23.575225,maxheight,5.7,Avenida Vinte e Três de Maio
-46.641537,-23.575332,maxheight,6,Avenida Vinte e Três de Maio
-46.721018,-23.576172,maxheight,4.1,Rua Domingos Barbieri
-46.707329,-23.576522,maxheight,2.4,
-48.036933,-23.576747,maxheight,3.6,Rua Antônio Alves Martins
-48.043557,-23.578973,maxheight,2.7,Rua Doutor Fernando Costa
-45.472031,-23.579144,maxheight,6.5,Retorno dos Tamoios
-45.471931,-23.579225,maxheight,6.5,Rodovia dos Tamoios
-48.043536,-23.579371,maxheight,2.7,
-46.649791,-23.581120,maxheight,4.4,Avenida Vinte e Três de Maio
-46.649676,-23.581235,maxheight,4.5,Avenida Vinte e Três de Maio
-48.074828,-23.581510,maxheight,3.5,Avenida Waldomiro de Carvalho
-46.597790,-23.582373,maxheight,5.2,Avenida Presidente Wilson
-65.396501,-23.582694,maxheight,4,
-46.670256,-23.583562,maxheight,3.7,Túnel Takeharu Akagawa
-46.670177,-23.583564,maxheight,3.7,Túnel Takeharu Akagawa
-46.653467,-23.584670,maxheight,4.3,Avenida Vinte e Três de Maio
-46.738142,-23.584811,maxheight,5.5,
-46.653358,-23.584821,maxheight,4.1,Avenida Vinte e Três de Maio
-46.738450,-23.584955,maxheight,5.5,
-46.669732,-23.585152,maxheight,4.4,Complexo Viário Tribunal de Justiça do Estado de São Paulo
-48.049788,-23.585364,maxheight,3.6,Rua Gertrudes Domingos Lauriano
-46.698105,-23.585680,maxheight,3.5,Túnel Presidente Jânio Quadros
-46.659466,-23.585691,maxheight,4,Complexo Viário Ayrton Senna
-46.671348,-23.585894,maxheight,4.4,Complexo Viário Tribunal de Justiça do Estado de São Paulo
-46.698102,-23.586375,maxheight,3.5,Túnel Presidente Jânio Quadros
-46.672518,-23.586450,maxheight,4.4,Complexo Viário Tribunal de Justiça do Estado de São Paulo
-46.690610,-23.586684,maxheight,4.5,Avenida das Nações Unidas
-46.690493,-23.586688,maxheight,4.9,Avenida das Nações Unidas
-46.692088,-23.586695,maxheight,5.1,Marginal Pinheiros (Expressa)
-46.690753,-23.586730,maxheight,4.5,Marginal Pinheiros (Expressa)
-46.692306,-23.586759,maxheight,5.1,Marginal Pinheiros (Local)
-46.652943,-23.586762,maxheight,4.8,Avenida Vinte e Três de Maio
-46.653079,-23.586866,maxheight,4.7,Avenida Vinte e Três de Maio
-46.658385,-23.587277,maxheight,4,Complexo Viário Ayrton Senna
-48.109272,-23.587342,maxheight,5.5,
-46.590727,-23.587360,maxheight,4.3,Avenida Doutor Francisco Mesquita
-51.572174,-23.587436,maxheight,5,Avenida Brasil
-46.593007,-23.587582,maxheight,4.5,Avenida Professor Luiz Ignácio Anhaia Mello
-51.572084,-23.587585,maxheight,5,Avenida Brasil
-46.592968,-23.587754,maxheight,4.5,Avenida Doutor Francisco Mesquita
-46.595063,-23.587874,maxheight,5,Avenida Presidente Wilson
-46.594897,-23.588099,maxheight,5,Avenida Presidente Wilson
-46.594711,-23.588366,maxheight,5,Avenida Presidente Wilson
-46.693028,-23.588527,maxheight,3.5,Túnel Presidente Jânio Quadros
-46.652224,-23.588653,maxheight,4.1,Avenida Vinte e Três de Maio
-46.691234,-23.589002,maxheight,4.5,Marginal Pinheiros (Expressa)
-46.651593,-23.589171,maxheight,4.5,Avenida Pedro Álvares Cabral
-46.651760,-23.589285,maxheight,4.7,Avenida Vinte e Três de Maio
-46.651577,-23.589325,maxheight,4.5,
-46.681396,-23.589415,maxheight,2.4,
-46.828693,-23.589776,maxheight,2.2,Habib's
-46.829337,-23.590144,maxweight,23,
-46.691353,-23.590345,maxheight,3.5,Túnel Sebastião Camargo
-46.687395,-23.591122,maxheight,3.5,Túnel Presidente Jânio Quadros
-46.694686,-23.591165,maxheight,3.5,Túnel Sebastião Camargo
-46.687425,-23.591190,maxheight,3.5,Túnel Sebastião Camargo
-48.103164,-23.593046,maxheight,5.5,
-46.650691,-23.594080,maxheight,4.7,Avenida Rubem Berta
-46.650824,-23.596452,maxheight,4.7,Avenida Rubem Berta
-46.650687,-23.596460,maxheight,5.4,Avenida Rubem Berta
-48.016261,-23.596735,maxheight,5.5,Rodovia Raposo Tavares
-46.691376,-23.596892,maxheight,5.3,Avenida Engenheiro Luís Carlos Berrini
-46.690861,-23.596993,maxheight,4.7,Rua Ulisséia
-48.031756,-23.597584,maxheight,5.5,
-46.650916,-23.597702,maxheight,4.4,Avenida Rubem Berta
-46.650791,-23.597710,maxheight,4.4,Avenida Rubem Berta
-47.537916,-23.597818,maxheight,5.5,
-47.538021,-23.597956,maxheight,5.5,
-46.914716,-23.602664,maxheight,2.2,
-46.925988,-23.605332,maxheight,4.5,Avenida Ovídio Antônio Passos
-48.054708,-23.606928,maxheight,5.5,Rodovia Raposo Tavares
-46.652766,-23.607786,maxheight,4.5,Avenida Rubem Berta
-46.652685,-23.607859,maxheight,4.7,Avenida Rubem Berta
-46.676518,-23.608296,maxheight,4.2,
-46.753219,-23.608763,maxheight,3,
-46.676777,-23.608856,maxheight,4.5,
-46.775412,-23.611854,maxheight,2.2,Acesso Shopping Taboão
-46.670652,-23.612541,maxheight,4.2,
-46.670926,-23.612865,maxheight,4.5,Avenida dos Bandeirantes
-46.671246,-23.612906,maxheight,4.4,Avenida dos Bandeirantes
-46.780155,-23.613154,maxheight,5.5,Avenida Taboão da Serra
-46.671295,-23.613225,maxheight,4.5,
-46.657947,-23.613291,maxheight,5.1,Avenida Moreira Guimarães
-46.657847,-23.613363,maxheight,4.5,Avenida Moreira Guimarães
-46.698605,-23.613523,maxheight,5.5,Avenida das Nações Unidas
-46.782654,-23.613921,maxheight,5.5,Avenida Taboão da Serra
-46.698912,-23.613957,maxheight,5.5,Marginal Pinheiros (Expressa)
-46.783025,-23.614149,maxheight,5.5,Avenida Taboão da Serra
-48.085242,-23.615238,maxheight,5.6,Rodovia Raposo Tavares
-48.085344,-23.615302,maxheight,5.6,Rodovia Raposo Tavares
-46.787822,-23.615507,maxheight,5.5,Avenida Taboão da Serra
-46.788354,-23.615873,maxheight,5.5,Avenida Taboão da Serra
-46.660593,-23.615971,maxheight,4.8,
-46.660523,-23.616028,maxheight,4.8,Avenida Moreira Guimarães
-46.660438,-23.616087,maxheight,4.5,Avenida Moreira Guimarães
-46.562196,-23.616142,maxheight,2.4,
-46.562196,-23.616186,maxheight,2.4,
-46.791552,-23.616782,maxheight,5.5,Avenida Taboão da Serra
-46.792629,-23.616886,maxheight,5.5,Avenida Taboão da Serra
-46.792951,-23.617074,maxheight,5.5,Avenida Taboão da Serra
-46.661520,-23.617125,maxheight,4.3,
-46.661600,-23.617393,maxheight,5.6,Avenida dos Bandeirantes
-46.795334,-23.617494,maxheight,5.5,Avenida Taboão da Serra
-46.661521,-23.617604,maxheight,5.6,Avenida dos Bandeirantes
-46.661837,-23.617666,maxheight,4.3,
-46.802148,-23.617877,maxheight,5.5,Avenida Taboão da Serra
-46.805320,-23.617946,maxheight,5.5,Rodovia Régis Bittencourt
-46.799003,-23.617976,maxheight,5.5,Rodovia Régis Bittencourt
-46.798146,-23.617999,maxheight,5.5,Avenida Taboão da Serra
-46.805989,-23.618037,maxheight,5.5,Avenida Taboão da Serra
-46.801407,-23.618083,maxheight,5.5,Avenida Taboão da Serra
-46.701935,-23.618106,maxheight,5.5,
-46.806947,-23.618188,maxheight,5.5,Avenida Taboão da Serra
-46.702091,-23.618235,maxheight,5.5,Marginal Pinheiros (Local)
-46.807777,-23.618348,maxheight,5.5,Avenida Taboão da Serra
-46.699351,-23.618371,maxheight,5,
-46.808376,-23.618544,maxheight,5.5,Avenida Taboão da Serra
-46.808770,-23.618695,maxheight,5.5,Avenida Taboão da Serra
-46.682427,-23.618813,maxheight,3.5,
-46.809487,-23.619190,maxheight,5.5,Avenida Taboão da Serra
-46.700196,-23.620171,maxheight,5,Avenida das Nações Unidas
-46.811618,-23.620493,maxheight,5.5,Rodovia Régis Bittencourt
-46.701546,-23.621772,maxheight,5.6,Marginal Pinheiros (Expressa)
-46.679459,-23.621843,maxheight,7.5,Avenida Vereador José Diniz
-46.679370,-23.621914,maxheight,7.5,Avenida Vereador José Diniz
-46.601041,-23.622075,maxheight,4.7,Praça Anchieta
-46.814666,-23.624187,maxheight,5.5,Rodovia Régis Bittencourt
-46.815596,-23.624241,maxheight,5,Rodovia Régis Bittencourt
-46.700070,-23.624275,maxheight,6.2,Avenida Doutor Chucri Zaidan
-46.700316,-23.624337,maxheight,6.2,Avenida Doutor Chucri Zaidan
-46.661671,-23.625280,maxheight,4.7,
-48.105186,-23.625412,maxheight,2.5,Rua Lazaridis
-46.540196,-23.626397,maxheight,5.3,Avenida dos Estados
-46.661674,-23.626534,maxheight,6.1,Avenida Washington Luís
-46.661392,-23.626997,maxheight,4.7,Túnel Paulo Autran
-46.662062,-23.627855,maxheight,5,Avenida Washington Luís
-46.662019,-23.628024,maxheight,4.7,Avenida Washington Luís
-46.712199,-23.628423,maxheight,5.2,Avenida das Nações Unidas
-46.715545,-23.628653,maxheight,6,Marginal Pinheiros (Local)
-46.715401,-23.628756,maxheight,6,Marginal Pinheiros (Expressa)
-46.641120,-23.628847,maxheight,5.1,Rua Brasópolis
-46.629533,-23.629015,maxheight,5.6,
-46.629714,-23.629047,maxheight,6,Rodovia dos Imigrantes
-46.629975,-23.629049,maxheight,5.4,Rodovia dos Imigrantes
-46.539260,-23.629131,maxheight,5.3,Avenida dos Estados
-46.630255,-23.629231,maxheight,5.3,
-46.666615,-23.629323,maxheight,6.3,Avenida Washington Luís
-46.629544,-23.629338,maxheight,5.6,
-46.629587,-23.629341,maxheight,5.6,
-46.629751,-23.629361,maxheight,6,Rodovia dos Imigrantes
-46.630013,-23.629361,maxheight,5.4,Rodovia dos Imigrantes
-46.820188,-23.629683,maxheight,5.5,Rodovia Régis Bittencourt
-46.713529,-23.629858,maxheight,5.2,Avenida das Nações Unidas
-46.820320,-23.629984,maxheight,5.5,Rodovia Régis Bittencourt
-46.717478,-23.630227,maxheight,2.4,
-46.645837,-23.630611,maxheight,5.2,Avenida Afonso D'Escragnolle Taunay
-46.737664,-23.630836,maxheight,2.1,
-46.821281,-23.631126,maxheight,5.5,Rodovia Régis Bittencourt
-46.737727,-23.631329,maxheight,2.1,
-46.737359,-23.631776,maxheight,2.1,
-46.737042,-23.632160,maxheight,2.1,
-46.737055,-23.632225,maxheight,2.1,
-46.700365,-23.632286,maxheight,2.8,
-46.690524,-23.633256,maxheight,2.4,
-46.823486,-23.633341,maxheight,5.5,Rodovia Régis Bittencourt
-46.827502,-23.634335,maxheight,5.5,Rodovia Régis Bittencourt
-46.499756,-23.635445,maxheight,10,
-46.828775,-23.635530,maxheight,6.1,Rodovia Régis Bittencourt
-46.564244,-23.635901,maxheight,2.4,
-46.564296,-23.635905,maxheight,2.4,
-46.564084,-23.635936,maxheight,2.4,
-47.826487,-23.636664,maxheight,2.4,
-46.833205,-23.636783,maxheight,6.1,Rodovia Régis Bittencourt
-46.535061,-23.636798,maxheight,5.3,Avenida dos Estados
-46.662150,-23.637827,maxheight,5.9,Avenida Jornalista Roberto Marinho
-46.407762,-23.638190,maxheight,3.2,Estrada de Sapopemba
-46.662232,-23.638275,maxheight,6,Avenida Tulio Teodoro de Campos
-46.662711,-23.638420,maxheight,6,Avenida Tulio Teodoro de Campos
-46.662340,-23.638429,maxheight,6,Avenida Tulio Teodoro de Campos
-46.834451,-23.638502,maxheight,5.5,Rodovia Régis Bittencourt
-46.662538,-23.638508,maxheight,6,
-46.662601,-23.638632,maxheight,6,Avenida Tulio Teodoro de Campos
-46.662464,-23.638648,maxheight,6,Avenida Tulio Teodoro de Campos
-47.573989,-23.638707,maxheight,5.5,
-47.573884,-23.638751,maxheight,5.5,
-46.835017,-23.638765,maxheight,6.1,Rodovia Régis Bittencourt
-46.533951,-23.639605,maxheight,5.3,Avenida dos Estados
-46.835529,-23.639874,maxheight,5.5,Rodovia Régis Bittencourt
-52.628524,-23.640402,maxheight,5,
-52.628534,-23.640479,maxheight,5,
-46.532971,-23.642095,maxheight,5.3,Avenida dos Estados
-46.733760,-23.643255,maxheight,1.9,
-46.839727,-23.644111,maxheight,5.5,
-46.726740,-23.644410,maxheight,4.5,Ponte João Dias
-46.728402,-23.644441,maxheight,4.5,
-46.703326,-23.645112,maxheight,2.8,
-46.703232,-23.645158,maxheight,2.8,
-46.842352,-23.647065,maxheight,5.5,Rodovia Régis Bittencourt
-46.639618,-23.647403,maxheight,2.3,
-46.639735,-23.647552,maxheight,2.3,
-46.639923,-23.647563,maxheight,2.3,
-46.582009,-23.648043,maxheight,3.2,Complexo Viário Plácido Quinzane
-46.581877,-23.648325,maxheight,4.6,Avenida do Taboão
-46.851759,-23.648365,maxheight,4,
-46.581928,-23.648408,maxheight,4.9,Avenida do Taboão
-46.546375,-23.648623,maxheight,5.5,Avenida Prestes Maia
-46.525077,-23.649256,maxheight,5.5,Avenida dos Estados
-46.546958,-23.649307,maxheight,5.5,Avenida Prestes Maia
-46.524419,-23.649653,maxheight,5.5,Avenida dos Estados
-46.523795,-23.650048,maxheight,5.5,Avenida dos Estados
-46.523677,-23.650177,maxheight,4,
-46.525880,-23.650751,maxheight,4,
-46.525825,-23.650803,maxheight,4,Rua Augusto Ruschi
-46.526284,-23.650810,maxheight,4,Rua João Pires Gago
-46.525913,-23.650978,maxheight,4,Rua João Pires Gago
-46.525751,-23.650992,maxheight,4,Rua Augusto Ruschi
-46.547842,-23.651110,maxheight,5.5,Avenida Prestes Maia
-46.525870,-23.651120,maxheight,4,Rua Augusto Ruschi
-46.525607,-23.651126,maxheight,4,
-46.525805,-23.651261,maxheight,4,Rua Augusto Ruschi
-46.525909,-23.651326,maxheight,4,Rua Augusto Ruschi
-46.524865,-23.651743,maxheight,4,Avenida Henri Sannejouand
-46.845527,-23.651783,maxheight,5.5,Rodovia Régis Bittencourt
-46.526415,-23.652045,maxheight,4,Rua Augusto Ruschi
-46.548677,-23.652911,maxheight,5.5,Avenida Prestes Maia
-46.526461,-23.652964,maxheight,4,Rua Visconde de Taunay
-46.848590,-23.653927,maxheight,5.6,Rodovia Régis Bittencourt
-46.532611,-23.653954,maxheight,2.4,
-46.534484,-23.655340,maxheight,4.25,
-46.551311,-23.656081,maxheight,5.5,Avenida Prestes Maia
-46.533264,-23.656608,maxheight,2.3,
-46.534616,-23.657371,maxheight,4.25,
-46.534178,-23.657725,maxheight,4.25,
-46.552322,-23.657726,maxheight,5.5,Avenida Prestes Maia
-46.533008,-23.658258,maxheight,4.4,Avenida Edson Danillo Dotto
-46.531427,-23.658951,maxheight,4.4,Avenida Edson Danillo Dotto
-46.531464,-23.659014,maxheight,4.2,Avenida Edson Danillo Dotto
-46.554290,-23.659463,maxheight,5.5,Avenida Prestes Maia
-46.529999,-23.659486,maxheight,4.3,Avenida Ramiro Colleoni
-46.530156,-23.659572,maxheight,4.2,
-46.850728,-23.659717,maxheight,5.5,
-46.529456,-23.659734,maxheight,2.7,
-46.529672,-23.659751,maxheight,4.3,Avenida Ramiro Colleoni
-46.529307,-23.659838,maxheight,2.7,Rua Prefeito Justino Paixão
-46.529858,-23.659864,maxheight,4.3,Avenida Ramiro Colleoni
-46.529463,-23.659980,maxheight,2.7,
-46.528903,-23.660019,maxheight,2.7,Rua Prefeito Justino Paixão
-46.529655,-23.660052,maxheight,4.3,Avenida Ramiro Colleoni
-46.529872,-23.660096,maxheight,4.3,Avenida Ramiro Colleoni
-46.851332,-23.660140,maxheight,5.5,
-46.529548,-23.660155,maxheight,4.3,
-46.633077,-23.660411,maxheight,3.5,
-46.528310,-23.660569,maxheight,4.5,Avenida Edson Danilo Dotto
-46.528374,-23.660626,maxheight,4.9,Avenida Edson Danilo Dotto
-46.560020,-23.660721,maxheight,2,Túnel Rua Tietê
-46.633442,-23.660841,maxheight,3.5,Rua Xavier Paes
-46.560492,-23.661185,maxheight,2,Túnel Rua Rio Feio
-46.527523,-23.661241,maxheight,4.5,Avenida Edson Danilo Dotto
-46.527581,-23.661299,maxheight,4.9,Avenida Edson Danilo Dotto
-46.852320,-23.661505,maxheight,5.5,Rodovia Régis Bittencourt
-46.526822,-23.661837,maxheight,4.5,Avenida Edson Danilo Dotto
-46.526881,-23.661894,maxheight,4.9,Avenida Edson Danilo Dotto
-46.526440,-23.662163,maxheight,4.5,Avenida Edson Danilo Dotto
-46.526501,-23.662220,maxheight,4.9,Avenida Edson Danilo Dotto
-52.606228,-23.662530,maxheight,5,Avenida Maranhão
-52.606379,-23.662571,maxheight,5,Avenida Maranhão
-46.525817,-23.662696,maxheight,4.5,Avenida Edson Danilo Dotto
-46.525871,-23.662753,maxheight,4.9,Avenida Edson Danilo Dotto
-46.471929,-23.663324,maxheight,5.5,Avenida João Ramalho
-46.525053,-23.663348,maxheight,4.5,Avenida Edson Danilo Dotto
-46.469388,-23.664038,maxheight,5.5,
-46.469586,-23.664098,maxheight,5.5,
-46.511174,-23.664261,maxheight,5.5,Avenida Santos Dumont
-46.512134,-23.664337,maxheight,5.5,Avenida Santos Dumont
-46.468594,-23.664411,maxheight,5.5,
-46.510588,-23.664447,maxheight,5.5,Avenida Santos Dumont
-46.523551,-23.664608,maxheight,4.5,Avenida Edson Danilo Dotto
-46.470680,-23.664834,maxheight,5.5,Avenida Papa João XXIII
-46.586586,-23.664942,maxheight,5.5,Avenida Trinta e Um de Março
-46.522973,-23.665273,maxheight,4.7,Rua Coronel Alfredo Fláquer
-46.433627,-23.665275,maxheight,2.4,
-46.522120,-23.665775,maxheight,4.7,Rua Coronel Alfredo Fláquer
-46.584346,-23.665972,maxheight,5.5,Avenida Trinta e Um de Março
-46.573150,-23.666044,maxheight,5.1,Avenida Lions
-46.469646,-23.666057,maxheight,5.5,
-46.469803,-23.666081,maxheight,5.5,
-46.573755,-23.666358,maxheight,5.1,Avenida Lions
-46.583566,-23.666533,maxheight,5.5,Avenida Trinta e Um de Março
-46.583006,-23.666591,maxheight,5.5,Avenida Trinta e Um de Março
-46.469517,-23.666758,maxheight,5.5,Avenida Papa João XXIII
-46.534251,-23.667263,maxheight,2.4,
-46.534360,-23.667330,maxheight,2.1,
-46.469139,-23.668124,maxheight,5.5,Avenida Papa João XXIII
-46.469397,-23.670389,maxheight,5.2,Avenida Clarisse de Jesus Lázaro Bedeschi
-46.855221,-23.670782,maxheight,5.5,Rodovia Régis Bittencourt
-46.469691,-23.681796,maxheight,5.2,
-46.469772,-23.681849,maxheight,5.2,
-46.469761,-23.682620,maxheight,5.2,
-46.469897,-23.682656,maxheight,5.2,
-65.445291,-23.683660,maxweight,6,
-46.859707,-23.684065,maxheight,5,Rodovia Régis Bittencourt
-46.611317,-23.684754,maxheight,6,Avenida Fábio Eduardo Ramos Esquível
-46.611849,-23.685236,maxheight,6,Avenida Fábio Eduardo Ramos Esquível
-46.616259,-23.685375,maxheight,2.4,
-46.565364,-23.687266,maxheight,5.1,Rodovia Anchieta Marginal Esquerda
-46.564121,-23.689940,maxheight,5.1,
-46.590379,-23.690769,maxheight,2.4,
-46.563511,-23.693703,maxheight,5.3,Rodovia Anchieta
-46.091923,-23.695012,maxweight,23,
-46.714658,-23.695877,maxheight,2.4,
-46.553249,-23.698179,maxheight,2.3,
-70.400907,-23.698303,maxheight,5,Ruta 28
-70.403790,-23.698325,maxheight,5,Ruta 28
-70.405544,-23.698560,maxheight,5,Ruta 28
-70.404966,-23.698562,maxheight,5,Ruta 28
-70.405791,-23.698728,maxheight,5,Ruta 28
-70.406431,-23.698739,maxheight,5,Avenida de la Minería
-70.406156,-23.698801,maxheight,5,Avenida de la Minería
-46.553235,-23.698815,maxheight,2.3,
-70.407142,-23.698882,maxheight,5,Avenida de la Minería
-70.406747,-23.698919,maxheight,5,Avenida de la Minería
-70.407641,-23.698982,maxheight,5,Avenida de la Minería
-45.431187,-23.699003,maxwidth,12,Rua Benedito Messias
-70.407983,-23.699050,maxheight,5,Avenida de la Minería
-70.408053,-23.699178,maxheight,5,Avenida de la Minería
-70.408694,-23.699188,maxheight,5,Avenida de la Minería
-46.553114,-23.699289,maxheight,2.3,
-70.409385,-23.699324,maxheight,5,Avenida de la Minería
-45.430742,-23.699381,maxwidth,12,Rua Paulo Ferreira
-70.409294,-23.699426,maxheight,5,Avenida de la Minería
-70.410132,-23.699476,maxheight,5,Avenida de la Minería
-70.410128,-23.699593,maxheight,5,Avenida de la Minería
-70.399574,-23.699673,maxheight,5,Ruta 28
-70.410748,-23.699717,maxheight,5,Avenida de la Minería
-70.411923,-23.699721,maxheight,5,Avenida de la Minería
-70.411042,-23.699773,maxheight,5,Avenida de la Minería
-70.411534,-23.699850,maxheight,5,Avenida de la Minería
-70.412268,-23.699932,maxheight,5,Avenida de la Minería
-70.396457,-23.700402,maxheight,5,Ruta 28
-70.394038,-23.701967,maxheight,5,Ruta 28
-46.551375,-23.703943,maxheight,2.1,
-46.551466,-23.703950,maxheight,2.1,
-46.430283,-23.705661,maxheight,4.3,
-46.424783,-23.705674,maxheight,4.5,Avenida Capitão José Galo
-46.430830,-23.705679,maxheight,4.3,
-46.550718,-23.706162,maxheight,2,
-46.875066,-23.707878,maxheight,5.8,Rodovia Régis Bittencourt
-46.552140,-23.708183,maxheight,2.2,Ragazzo
-46.561218,-23.711302,maxheight,5.3,Rodovia Anchieta
-46.573247,-23.711647,maxheight,3.2,
-46.551828,-23.712193,maxheight,2.5,
-46.709729,-23.712650,maxheight,2.4,
-46.559941,-23.712728,maxheight,5.1,Via Anchieta Marginal Norte
-46.558168,-23.717693,maxheight,4.3,
-46.555571,-23.717700,maxheight,4.2,Rua Antônio Luís Valério
-46.557963,-23.717775,maxheight,4.3,
-46.558380,-23.717905,maxheight,4.2,Rua Joaquim Nabuco
-46.559033,-23.718354,maxheight,4.2,Avenida João Firmino
-46.558743,-23.718663,maxheight,4.2,
-46.555955,-23.719570,maxheight,4.8,Rua Manuel Corazza
-46.554459,-23.721073,maxheight,4.8,Rua Manuel Corazza
-46.553797,-23.721135,maxheight,12,Avenida Presidente João Café Filho
-46.554137,-23.721317,maxheight,4.3,
-46.555119,-23.721326,maxheight,5.8,Rodovia Anchieta
-46.404859,-23.721434,maxheight,3.4,
-46.404747,-23.721561,maxheight,3.4,
-46.405167,-23.721592,maxheight,3.4,
-46.404926,-23.721610,maxheight,3.4,
-46.404867,-23.721662,maxheight,3.4,
-46.554608,-23.721742,maxheight,12,Avenida Presidente João Café Filho
-46.404990,-23.721862,maxheight,3.4,
-46.549913,-23.721865,maxheight,2.2,
-46.548788,-23.722063,maxheight,3.2,
-46.553805,-23.722396,maxheight,5.2,Rodovia Anchieta
-46.548928,-23.722401,maxheight,3.2,
-46.554047,-23.722602,maxheight,12,Rodovia Anchieta
-46.550155,-23.722778,maxheight,5,Avenida Rotary
-46.543226,-23.722867,maxheight,2.2,
-46.542640,-23.722919,maxheight,2.2,
-46.549475,-23.722922,maxheight,5,
-46.550074,-23.723017,maxheight,5,
-46.553176,-23.723093,maxheight,5.2,Rodovia Anchieta
-46.549758,-23.723108,maxheight,4.1,Avenida Rotary
-46.550133,-23.723284,maxheight,4.1,
-46.552068,-23.723379,maxheight,5.2,
-46.550624,-23.723597,maxheight,4.1,Avenida Rotary
-46.552444,-23.723654,maxheight,5.2,Rodovia Anchieta
-46.550038,-23.723761,maxheight,4.1,
-46.552343,-23.724240,maxheight,5.8,Rodovia Anchieta
-46.551259,-23.724980,maxheight,5.2,Rodovia Anchieta
-46.551640,-23.725014,maxheight,5.8,Rodovia Anchieta
-46.551045,-23.725351,maxheight,5.2,Rodovia Anchieta
-46.551087,-23.725638,maxheight,5.8,Rodovia Anchieta
-46.551062,-23.725749,maxheight,5.8,Rodovia Anchieta
-46.550559,-23.726418,maxheight,5.8,Rodovia Anchieta
-45.434359,-23.727941,maxheight,6.5,Avenida Dario Leite Carrijo
-45.448150,-23.730659,maxheight,6.5,Avenida Dario Leite Carrijo
-45.446712,-23.730842,maxheight,6.5,Avenida Dario Leite Carrijo
-46.895327,-23.733278,maxheight,5.5,Rodovia Régis Bittencourt
-45.453501,-23.733880,maxheight,6.5,Avenida Dario Leite Carrijo
-46.895708,-23.734496,maxheight,5.5,Rodovia Régis Bittencourt
-46.897810,-23.739106,maxheight,5.5,Rodovia Régis Bittencourt
-46.554103,-23.739500,maxheight,2.2,
-46.899787,-23.743472,maxheight,5.5,Rodovia Régis Bittencourt
-46.596869,-23.750315,maxheight,4,Rua Santa Martins
-46.597422,-23.750538,maxheight,4,Rua José de Sousa Lima
-46.903111,-23.753698,maxheight,5.5,Rodovia Régis Bittencourt
-53.276339,-23.754955,maxheight,5,Avenida Amsterdã
-53.276311,-23.755060,maxheight,5,Avenida Amsterdã
-46.453030,-23.756460,maxheight,5.2,Rodovia Índio Tibiriçá
-46.455556,-23.758240,maxheight,5.2,Rodovia Índio Tibiriçá
-45.758573,-23.759921,maxweight,40,Avenida Magno Passos Bittencourt
-53.314197,-23.761067,maxheight,6,
-53.314373,-23.761162,maxheight,6,
-46.716932,-23.764910,maxheight,2.4,
-45.728610,-23.766593,maxweight,40,Rua Gerônimo Bento Pereira
-46.534125,-23.767277,maxheight,3.5,
-46.534233,-23.768731,maxheight,3,
-46.534524,-23.768752,maxheight,3,
-46.534644,-23.769110,maxheight,3,
-46.534700,-23.769324,maxheight,3,
-46.711754,-23.770069,maxheight,8.9,
-46.711677,-23.770070,maxheight,8.9,
-46.711768,-23.770826,maxheight,6,
-46.711687,-23.770828,maxheight,6,
-45.688240,-23.771435,maxweight,45,Avenida Debie Luiza Derani
-46.711779,-23.771548,maxheight,5.8,
-46.711683,-23.771551,maxheight,5.8,
-45.606675,-23.773699,maxheight,4.8,Estrada do Cascalho
-70.315984,-23.774510,maxheight,5,Ruta 5 Norte
-70.315862,-23.774622,maxheight,5,Ruta 5 Norte
-70.316439,-23.775622,maxheight,5,Ruta 5 Norte
-70.316304,-23.775658,maxheight,5,Ruta 5 Norte
-46.614010,-23.775710,maxheight,5,
-70.316698,-23.776733,maxheight,5,Ruta 5 Norte
-70.316872,-23.776795,maxheight,5,Ruta 5 Norte
-46.615181,-23.776815,maxheight,5,Retorno Operacional
-46.614483,-23.776934,maxheight,5,
-70.317061,-23.777840,maxheight,5,Ruta 5 Norte
-70.317231,-23.777906,maxheight,5,Ruta 5 Norte
-70.317198,-23.778425,maxheight,5,Ruta 5 Norte
-46.915886,-23.778652,maxheight,5.5,
-70.317372,-23.779239,maxheight,5,Ruta 5 Norte
-70.317279,-23.779659,maxheight,5,Ruta 5 Norte
-70.317422,-23.780689,maxheight,5,Ruta 5 Norte
-46.914126,-23.787610,maxheight,5.9,Rodovia Régis Bittencourt
-46.057992,-23.796427,maxheight,5.5,Rodovia Dom Paulo Rolim Loureiro
-46.917880,-23.802031,maxheight,5.5,Rodovia Régis Bittencourt
-46.495932,-23.802318,maxweight,25,Rodovia Caminho do Mar
-52.256649,-23.804160,maxheight,5.5,Rodovia Avelino Piacentini
-52.257219,-23.804218,maxheight,5.5,Rodovia Avelino Piacentini
-45.397999,-23.808874,maxweight,40,Avenida Antônio Januário do Nascimento
-46.920358,-23.808952,maxheight,5.5,Rodovia Régis Bittencourt
-45.397988,-23.808973,maxweight,40,Avenida Antônio Januário do Nascimento
-45.398268,-23.809077,maxweight,40,Avenida Antônio Januário do Nascimento
-45.397432,-23.809263,maxweight,40,Avenida Antônio Januário do Nascimento
-46.921869,-23.811764,maxheight,7.5,Rodovia Régis Bittencourt
-46.508078,-23.815282,maxheight,5.1,Rodovia Anchieta
-46.508171,-23.815298,maxheight,5.1,Rodovia Anchieta
-45.376280,-23.818193,maxweight,40,Avenida Princesa Isabel
-45.376295,-23.818324,maxweight,40,Avenida Princesa Isabel
-45.376342,-23.818555,maxweight,40,Avenida Princesa Isabel
-46.924764,-23.819257,maxheight,7.5,Estrada João Antônio Despézio
-46.924880,-23.821797,maxheight,5.5,Rodovia Régis Bittencourt
-46.934837,-23.844333,maxheight,5.5,Rodovia Régis Bittencourt
-46.938876,-23.851208,maxheight,5.5,Rodovia Régis Bittencourt
-46.939353,-23.851631,maxheight,5.5,
-46.975048,-23.884342,maxheight,5.5,Rodovia Régis Bittencourt
-46.975919,-23.884952,maxheight,5.5,
-46.976366,-23.885799,maxheight,5.5,Rodovia Régis Bittencourt
-46.784055,-23.886356,maxheight,4.7,Estrada Henrique Schunck
-46.498243,-23.886779,maxheight,5.5,Túnel Francesco Grosso
-46.491427,-23.889408,maxheight,5.3,Rodovia Anchieta
-46.501536,-23.889544,maxheight,5.5,Túnel José Geraldo Rodrigues de Alckmin
-46.485313,-23.889576,maxheight,5.5,Túnel Plínio Marcos
-46.985279,-23.895073,maxheight,6,Rodovia Régis Bittencourt
-46.488710,-23.895873,maxheight,5.3,Rodovia Anchieta
-46.712144,-23.906097,maxheight,4.7,Estrada Engenheiro Marsilac
-46.519225,-23.907715,maxheight,5.5,Túnel Irineu Meireles
-46.530477,-23.918718,maxheight,5.5,Túnel Jair Rodrigues
-46.990673,-23.919313,maxheight,5.5,
-46.992154,-23.921846,maxheight,5.5,Rodovia Régis Bittencourt
-46.991961,-23.921880,maxheight,5.5,Rodovia Régis Bittencourt
-46.993812,-23.924895,maxheight,5.5,Rodovia Régis Bittencourt
-47.002542,-23.928512,maxheight,5.5,Rodovia Régis Bittencourt
-46.355215,-23.930018,maxheight,6.8,Avenida Martins Fontes
-46.355347,-23.930053,maxheight,6.8,Avenida Martins Fontes
-47.003003,-23.930442,maxheight,5.5,Rodovia Régis Bittencourt
-46.332066,-23.930608,maxheight,5.5,Avenida Xavier da Silveira
-54.289283,-23.931422,maxheight,4,Travessa Adelino Dias
-46.328757,-23.932048,maxheight,5,Rua Tuiuti
-46.326744,-23.932088,maxheight,5.5,Avenida Xavier da Silveira
-47.025469,-23.934874,maxheight,5.5,Rodovia Régis Bittencourt
-47.024263,-23.935061,maxheight,5.5,Rodovia Régis Bittencourt
-47.065819,-23.936694,maxheight,5.5,
-47.078482,-23.937065,maxheight,5.7,Rodovia Régis Bittencourt
-47.081740,-23.937136,maxheight,5.5,Rodovia Régis Bittencourt
-47.065212,-23.938060,maxheight,5.5,Rodovia Régis Bittencourt
-46.383348,-23.963887,maxheight,4.5,Avenida Martins Fontes
-46.388731,-23.974567,maxweight,12,Ponte Pênsil
-46.388827,-23.975465,maxweight,12,Ponte Pênsil
-46.388920,-23.976333,maxweight,12,Ponte Pênsil
-47.141870,-23.977584,maxheight,5.5,Rodovia Régis Bittencourt
-46.248280,-23.979935,maxheight,4.3,Túnel Juscelino Kubitschek
-47.145285,-23.980264,maxheight,5.5,Rodovia Régis Bittencourt
-46.265441,-23.984082,maxweight,6,
-48.347976,-23.984478,maxheight,5.3,Avenida Amazonas
-48.347895,-23.984504,maxheight,5.3,Avenida Amazonas
-46.293646,-23.986495,maxheight,5,Gaveta Entreposto
-46.293870,-23.986856,maxheight,5,Gaveta Sul - Stos
-46.294446,-23.987513,maxheight,5,Velho de Santos
-46.294331,-23.987619,maxheight,5,Velho de Santos
-46.289073,-23.988151,maxheight,5,Gaveta Iate Clube - GJA
-46.289150,-23.988259,maxheight,5,Gaveta Central - GJA
-46.289211,-23.988376,maxheight,5,Gaveta do CCO - GJA
-46.400700,-23.989468,maxheight,4,Viaduto do Sol
-46.407989,-23.995450,maxheight,3.8,
-46.409672,-23.996790,maxheight,3.8,
-46.482960,-24.022037,maxheight,4.3,
-46.483173,-24.022144,maxheight,4.3,
-46.483369,-24.022233,maxheight,4.3,
-46.498983,-24.027568,maxheight,4.3,Rua Valter José Alves
-46.498876,-24.027667,maxheight,4.3,
-46.498848,-24.027687,maxheight,4.3,Rua Valter José Alves
-46.498878,-24.027780,maxheight,4.3,
-52.370609,-24.044241,maxweight,16,
-65.378535,-24.162539,maxheight,4.15,
-66.322540,-24.230717,maxheight,5.1,Ruta Nacional 51
-50.886492,-24.275395,maxheight,5.5,
-53.838283,-24.282670,maxweight,4,Avenida Independência
-53.838248,-24.282778,maxweight,4,Avenida Independência
-53.840044,-24.282883,maxweight,4,Avenida Presidente Kennedy
-53.839134,-24.282899,maxweight,4,Avenida Independência
-53.840166,-24.282916,maxweight,4,Avenida Presidente Kennedy
-53.839098,-24.283008,maxweight,4,Avenida Independência
-53.839694,-24.283050,maxweight,4,Avenida Independência
-53.839657,-24.283160,maxweight,4,Avenida Independência
-53.840357,-24.283230,maxweight,4,Avenida Independência
-53.840320,-24.283340,maxweight,4,Avenida Independência
-53.839851,-24.283477,maxweight,4,Avenida Presidente Kennedy
-53.840905,-24.283498,maxweight,4,Avenida Independência
-53.839973,-24.283514,maxweight,4,Avenida Presidente Kennedy
-53.841763,-24.283735,maxweight,4,Avenida Independência
-53.839801,-24.284043,maxweight,4,Avenida Presidente Kennedy
-53.842863,-24.284043,maxweight,4,Avenida Independência
-53.843738,-24.284170,maxweight,4,Avenida Independência
-53.843993,-24.284358,maxweight,4,Avenida Independência
-53.839512,-24.284529,maxweight,4,Avenida Presidente Kennedy
-53.845119,-24.284670,maxweight,4,Avenida Independência
-53.839539,-24.284846,maxweight,4,Avenida Presidente Kennedy
-53.846197,-24.284965,maxweight,4,Avenida Independência
-52.096882,-24.285175,maxheight,3,
-53.839204,-24.285880,maxweight,4,Avenida Presidente Kennedy
-53.838579,-24.287404,maxweight,4,Avenida Presidente Kennedy
-53.838533,-24.287948,maxweight,4,Avenida Presidente Kennedy
-47.025142,-24.366281,maxheight,5,Rua Manoel Raimundo ant. Rua 3 Garça Vermelha
-47.851732,-24.483830,maxheight,5,Rua Pico do Itatins
-54.059022,-24.558014,maxheight,3.5,
-54.058876,-24.558189,maxheight,3.5,
-54.059096,-24.558257,maxheight,3.5,
-53.268086,-24.743839,maxheight,5,BR-369
-53.268700,-24.743971,maxheight,5,BR-369
-53.269482,-24.744114,maxheight,5,BR-369
-65.401956,-24.780011,maxheight,2.9,Salida de Emergencia
-65.402196,-24.780072,maxheight,2.9,
-65.402766,-24.780209,maxheight,2.9,A
-65.402614,-24.780220,maxheight,2.9,B
-65.402450,-24.780232,maxheight,2.9,C
-65.402297,-24.780244,maxheight,2.9,D
-65.402137,-24.780256,maxheight,2.9,E
-65.402590,-24.780259,maxheight,2.1,Salida Estacionamiento Subterráneo
-65.401975,-24.780268,maxheight,2.9,F
-65.401811,-24.780280,maxheight,2.9,G
-65.401653,-24.780292,maxheight,2.9,H
-65.402855,-24.780417,maxheight,2.1,Acceso Estacionamiento Subterráneo
-65.402223,-24.780429,maxheight,2.9,
-53.288288,-24.793111,maxheight,5.5,BR-369
-53.288385,-24.793112,maxheight,5.5,BR-369
-53.415579,-24.963759,maxheight,5.6,BR-277
-53.418208,-24.963885,maxheight,5.6,BR-277
-53.413079,-24.964006,maxheight,5.6,BR-277
-53.411295,-24.964169,maxheight,5.6,BR-277
-53.409260,-24.964225,maxheight,6.2,BR-277
-53.409815,-24.964343,maxheight,6.2,BR-277
-53.406469,-24.964348,maxheight,5.5,
-53.404847,-24.964658,maxheight,5.5,BR-369
-53.421067,-24.964983,maxheight,5.6,BR-277
-53.404981,-24.965263,maxheight,6.2,BR-369
-53.423307,-24.966160,maxheight,5.6,BR-277
-65.580834,-24.979011,maxheight,3.25,Martín M. de Güemes
-53.451703,-24.979657,maxheight,6.5,BR-277
-53.454521,-24.980716,maxheight,6.5,BR-277
-53.550445,-25.023729,maxheight,5.5,BR-277
-53.550328,-25.023831,maxheight,5.5,BR-277
-53.622128,-25.051044,maxheight,5.7,BR-277
-53.622968,-25.051188,maxheight,5.7,BR-277
-53.626217,-25.051540,maxheight,5.7,BR-277
-48.858746,-25.147744,maxheight,5.5,Rodovia Régis Bittencourt
-48.904024,-25.218230,maxheight,5.5,Rodovia Régis Bittencourt
-50.052005,-25.222772,maxheight,4.5,
-57.547777,-25.269075,maxweight,10,Avenida Primer Presidente
-57.546300,-25.269881,maxweight,10,Avenida Primer Presidente
-57.562705,-25.270115,maxweight,10,Avenida Santísima Trinidad
-57.548535,-25.270787,maxweight,10,Aspirante Gilberto Arana
-57.561672,-25.270796,maxweight,10,Avenida Santísima Trinidad
-57.560354,-25.271666,maxweight,10,Avenida Santísima Trinidad
-57.558958,-25.272592,maxweight,10,Avenida Santísima Trinidad
-57.558408,-25.272957,maxweight,10,Avenida Santísima Trinidad
-57.545339,-25.273927,maxheight,5,Avenida Madame Elisa Alicia Lynch
-57.545454,-25.273951,maxheight,5,Avenida Madame Elisa Alicia Lynch
-57.549610,-25.274075,maxweight,10,Salvador del Mundo
-57.556294,-25.274360,maxweight,10,Avenida Santísima Trinidad
-57.545156,-25.274794,maxheight,5,Avenida Madame Elisa Alicia Lynch
-57.545275,-25.275290,maxheight,5,Avenida Madame Elisa Alicia Lynch
-57.545174,-25.275426,maxheight,5,Avenida Madame Elisa Alicia Lynch
-57.554391,-25.275607,maxweight,10,Avenida Santísima Trinidad
-57.553898,-25.275792,maxweight,10,Avenida Santísima Trinidad
-57.552745,-25.276398,maxweight,10,Avenida Santísima Trinidad
-57.545523,-25.276568,maxheight,5,Avenida Madame Elisa Alicia Lynch
-57.545426,-25.276588,maxheight,5,Avenida Madame Elisa Alicia Lynch
-57.551981,-25.276874,maxweight,10,Avenida Santísima Trinidad
-57.551872,-25.276950,maxweight,10,Avenida Santísima Trinidad
-48.933946,-25.289145,maxheight,5.5,Rodovia Régis Bittencourt
-48.933705,-25.289254,maxheight,5.5,Rodovia Régis Bittencourt
-57.550274,-25.293460,maxheight,4.5,Doctor Eusebio Lillo Robles
-57.611438,-25.297213,maxheight,120,
-57.611557,-25.297602,maxheight,160,
-57.611033,-25.298123,maxwidth,300,Acá Vera
-57.612398,-25.299182,maxheight,26,
-57.611360,-25.299225,maxheight,300,
-57.610745,-25.299586,maxheight,130,
-57.611197,-25.299709,maxheight,300,
-57.611136,-25.299942,maxheight,600,
-57.611261,-25.299949,maxheight,600,
-57.611271,-25.300385,maxheight,600,
-57.613771,-25.302426,maxheight,5.4,Avenida General Máximo Santos
-57.613864,-25.302728,maxheight,5.4,Avenida General Máximo Santos
-57.614038,-25.303079,maxheight,5.4,Avenida General Máximo Santos
-57.614162,-25.303481,maxheight,5.4,Avenida General Máximo Santos
-57.614103,-25.303499,maxheight,5.4,Avenida General Máximo Santos
-48.945496,-25.305654,maxweight,8.5,Estrada da Graciosa
-48.945642,-25.305793,maxweight,8.5,Estrada da Graciosa
-48.945159,-25.305984,maxweight,8.5,Estrada da Graciosa
-48.945225,-25.306052,maxweight,8.5,Estrada da Graciosa
-48.945073,-25.306061,maxweight,8.5,Estrada da Graciosa
-48.945001,-25.306126,maxweight,8.5,Estrada da Graciosa
-48.945051,-25.306176,maxweight,8.5,Estrada da Graciosa
-48.944838,-25.306284,maxweight,8.5,Estrada da Graciosa
-48.944858,-25.306307,maxweight,8.5,Estrada da Graciosa
-48.944682,-25.306429,maxweight,8.5,Estrada da Graciosa
-48.944158,-25.306867,maxweight,8.5,Estrada da Graciosa
-48.941744,-25.308372,maxweight,8.5,Estrada da Graciosa
-48.937405,-25.310011,maxweight,8.5,Estrada da Graciosa
-48.934919,-25.310579,maxweight,8.5,Estrada da Graciosa
-48.933319,-25.311652,maxweight,8.5,Estrada da Graciosa
-48.930159,-25.315172,maxweight,8.5,Estrada da Graciosa
-48.927430,-25.319270,maxweight,8.5,Estrada da Graciosa
-48.919791,-25.325633,maxweight,8.5,Estrada da Graciosa
-48.913103,-25.330486,maxweight,8.5,Estrada da Graciosa
-48.910187,-25.331793,maxweight,8.5,Estrada da Graciosa
-48.901433,-25.331906,maxweight,8.5,Estrada da Graciosa
-48.906023,-25.332961,maxweight,8.5,Estrada da Graciosa
-48.906819,-25.333014,maxweight,8.5,Estrada da Graciosa
-57.519650,-25.333978,maxheight,4.1,sendero vial senador doctor Jose Decoud
-48.898389,-25.334008,maxweight,8.5,Estrada da Graciosa
-48.896424,-25.336783,maxweight,8.5,Estrada da Graciosa
-57.584983,-25.339267,maxheight,5.2,Avenida Doctor Fernando de la Mora
-57.584840,-25.339435,maxheight,5.2,Ruta Nacional Mariscal López (Acceso Sur)
-57.584909,-25.339502,maxheight,5.2,Ruta Nacional Mariscal López (Acceso Sur)
-48.894814,-25.339685,maxweight,8.5,Estrada da Graciosa
-48.894767,-25.340124,maxweight,8.5,Estrada da Graciosa
-48.894763,-25.340552,maxweight,8.5,Estrada da Graciosa
-48.894571,-25.340672,maxweight,8.5,Estrada da Graciosa
-48.894244,-25.341041,maxweight,8.5,Estrada da Graciosa
-48.892759,-25.343131,maxweight,8.5,Estrada da Graciosa
-48.886298,-25.346695,maxweight,8.5,Estrada da Graciosa
-48.883964,-25.348402,maxweight,8.5,Estrada da Graciosa
-48.887392,-25.348929,maxweight,8.5,Estrada da Graciosa
-48.881666,-25.350160,maxweight,8.5,Estrada da Graciosa
-48.879295,-25.357588,maxweight,8.5,Estrada da Graciosa
-57.626254,-25.359321,maxheight,5,Avenida 1° de marzo
-48.874519,-25.364910,maxweight,8.5,Estrada da Graciosa
-48.874566,-25.365058,maxweight,8.5,Estrada da Graciosa
-48.874625,-25.365242,maxweight,8.5,Estrada da Graciosa
-49.115550,-25.369445,maxheight,6.6,Rodovia Régis Bittencourt
-49.118166,-25.369829,maxheight,6.6,Rodovia Régis Bittencourt
-49.128713,-25.371533,maxheight,4,Rua Luiz Berlesi
-48.869551,-25.373304,maxweight,8.5,Estrada da Graciosa
-51.447946,-25.377041,maxheight,5,Avenida Deputado Cezar Silvestri
-55.707988,-25.378646,maxheight,3.7,
-48.864263,-25.381412,maxweight,8.5,Estrada da Graciosa
-51.455837,-25.384090,maxheight,5,Avenida Deputado Cezar Silvestri
-48.862586,-25.384646,maxweight,8.5,Estrada da Graciosa
-48.860951,-25.387903,maxweight,8.5,Estrada da Graciosa
-51.460280,-25.388078,maxheight,5,Avenida Deputado Cezar Silvestri
-48.860738,-25.388253,maxweight,8.5,Estrada da Graciosa
-48.860568,-25.388550,maxweight,8.5,Estrada da Graciosa
-48.860530,-25.388698,maxweight,8.5,
-48.860405,-25.388808,maxweight,8.5,Estrada da Graciosa
-48.860346,-25.388901,maxweight,8.5,Estrada da Graciosa
-49.189829,-25.389191,maxheight,5.2,
-49.190847,-25.389194,maxheight,4.5,
-51.485802,-25.393987,maxheight,3.6,
-51.492066,-25.394035,maxheight,4.5,Alameda Don Ricardo
-48.841143,-25.405637,maxweight,8.5,Estrada da Graciosa
-51.556115,-25.410145,maxheight,5.5,BR-277;BR-373
-49.266588,-25.414382,maxheight,4,
-49.222019,-25.414898,maxheight,4.5,Rua Fúlvio José Alice
-49.275434,-25.427253,maxwidth,3,
-49.241063,-25.427725,maxheight,5,Rua Raphael Papa
-49.323663,-25.431029,maxheight,5,Marginal BR-277
-49.233050,-25.431585,maxweight,10,Rua Maria Ficinska
-48.803675,-25.432626,maxweight,8.5,Estrada da Graciosa
-49.184436,-25.433287,maxheight,5.5,Rodovia João Leopoldo Jacomel
-49.184452,-25.433371,maxheight,5.5,Rodovia João Leopoldo Jacomel
-49.233410,-25.436122,maxheight,5.5,Rua Governador Agamenon Magalhães
-49.234647,-25.436342,maxheight,5.5,Rua Governador Agamenon Magalhães
-49.263610,-25.436423,maxheight,3.6,Rua João Negrão
-49.263577,-25.436488,maxheight,3.6,Rua João Negrão
-49.235378,-25.436510,maxheight,5.5,Rua Governador Agamenon Magalhães
-49.263210,-25.437224,maxheight,3.6,Rua João Negrão
-49.091649,-25.439416,maxwidth,1,
-49.241621,-25.442798,maxwidth,1,
-49.240826,-25.443999,maxwidth,1,
-49.502693,-25.444195,maxheight,6.9,Rodovia do Café Governador Ney Braga
-49.249648,-25.444457,maxheight,4.7,Rua Chile
-49.249248,-25.444538,maxheight,4.7,Rua Pergentina Silva Soares
-49.142095,-25.444666,maxheight,5.5,Rodovia João Leopoldo Jacomel
-49.141236,-25.444695,maxheight,5.5,Rodovia João Leopoldo Jacomel
-49.495462,-25.445349,maxheight,6.9,Rodovia do Café Governador Ney Braga
-49.247108,-25.446666,maxheight,5,Rua Alberto Twardowski
-49.247522,-25.446797,maxheight,5,Rua Alberto Twardowski
-49.247862,-25.446897,maxheight,5,Rua Guabirotuba
-49.248380,-25.447021,maxheight,5,Rua Guabirotuba
-49.129090,-25.448805,maxheight,5.5,Rodovia João Leopoldo Jacomel
-49.129127,-25.448913,maxheight,5.5,Rodovia João Leopoldo Jacomel
-49.227994,-25.450592,maxheight,4,
-51.960094,-25.459739,maxheight,5.2,BR-277
-49.574593,-25.460972,maxweight,100,Rodovia do Café Governador Ney Braga
-49.574749,-25.460999,maxweight,100,Rodovia do Café Governador Ney Braga
-49.575504,-25.461108,maxheight,4,Rodovia do Café Governador Ney Braga
-49.576001,-25.461175,maxweight,100,Rodovia Engenheiro Adolar Schultze
-49.088554,-25.461495,maxheight,5.7,Rodovia João Leopoldo Jacomel
-49.089123,-25.461727,maxheight,5.7,Rodovia João Leopoldo Jacomel
-49.217916,-25.463139,maxheight,6,Rodovia do Café Governador Ney Braga
-49.574679,-25.466097,maxweight,50,Avenida Fritz Erwin Schmidt
-49.575290,-25.466952,maxweight,100,Rodovia Engenheiro Adolar Schultze
-49.210114,-25.472953,maxheight,4,Avenida Jornalista Aderbal Gaertner Stresser
-49.209732,-25.472954,maxheight,4,Avenida Jornalista Aderbal Gaertner Stresser
-49.209841,-25.472999,maxheight,4,Avenida Jornalista Aderbal Gaertner Stresser
-49.210305,-25.473037,maxheight,4,Avenida Jornalista Aderbal Gaertner Stresser
-49.210022,-25.473077,maxheight,4,Avenida Jornalista Aderbal Gaertner Stresser
-49.204526,-25.476686,maxheight,6,Rodovia do Café Governador Ney Braga
-54.621207,-25.479305,maxheight,5,Av. Paraná
-54.619845,-25.481022,maxheight,5,Av. Paraná
-54.615243,-25.487765,maxheight,5,Av. Paraná
-54.650614,-25.503378,maxheight,5,Juan Martincich
-54.650479,-25.503391,maxheight,5,Juan Martincich
-57.565279,-25.505212,maxheight,4,Dr. Gaspar Rodriguez de Francia
-57.563383,-25.505735,maxheight,4,
-57.561276,-25.506303,maxheight,4,
-54.639875,-25.506402,maxheight,5,Avenida San Blás
-54.638644,-25.506848,maxheight,5,Avenida San Blás
-54.640206,-25.506873,maxheight,5,Monseñor Rodríguez
-54.638630,-25.506988,maxheight,5,Ruta Nacional Mariscal Estigarribia
-54.638674,-25.507094,maxheight,5,Ruta Nacional Mariscal Estigarribia
-54.637413,-25.507161,maxheight,5,Avenida San Blás
-54.638734,-25.507204,maxheight,5,Monseñor Rodríguez
-54.637586,-25.507665,maxheight,5,Monseñor Rodríguez
-54.605674,-25.509514,maxheight,5.4,Ruta Nacional Mariscal Estigarribia
-48.509839,-25.510617,maxweight,12,
-49.199958,-25.517942,maxheight,4.4,Rua Arlindo João da Costa
-49.296031,-25.523909,maxheight,4.5,Rua Marechal Octávio Saldanha Mazza
-49.255339,-25.531232,maxheight,30,Rua dos Pioneiros
-49.174844,-25.535511,maxheight,4.3,Avenida Rocha Pombo
-49.174493,-25.535827,maxheight,4.3,Avenida Rocha Pombo
-49.174214,-25.536077,maxheight,4.3,Avenida Rocha Pombo
-49.174001,-25.536268,maxheight,4.3,Avenida Rocha Pombo
-49.173789,-25.536458,maxheight,4.3,Avenida Rocha Pombo
-49.173513,-25.536706,maxheight,4.3,Avenida Rocha Pombo
-49.173259,-25.536939,maxheight,4.3,Avenida Rocha Pombo
-49.173002,-25.537175,maxheight,4.3,Avenida Rocha Pombo
-49.198409,-25.547419,maxwidth,0.8,
-49.187787,-25.550794,maxheight,5.5,Alameda Arpo
-49.188074,-25.550900,maxheight,5.5,Rua Professor João Clímaco de Carvalho
-49.305792,-25.554795,maxheight,5.5,Rua Hasdrúbal Bellegard
-49.305812,-25.554900,maxheight,5.5,Rua Hasdrúbal Bellegard
-49.186421,-25.555092,maxheight,40,Marginal Norte da BR-376
-49.186231,-25.556307,maxheight,40,Marginal Sul da BR-376
-48.565171,-25.556677,maxheight,5.5,
-49.185543,-25.557589,maxheight,40,Marginal Norte da BR-376
-49.185389,-25.558674,maxheight,6.5,
-49.185174,-25.559018,maxheight,6.5,
-49.184823,-25.560505,maxheight,40,Marginal Sul da BR-376
-49.183934,-25.562120,maxheight,40,Marginal Norte da BR-376
-49.182874,-25.565298,maxheight,40,Marginal Norte da BR-376
-49.180498,-25.566903,maxheight,40,102A
-49.181838,-25.569029,maxheight,5.3,Rodovia Henrique Herwig
-49.181713,-25.569040,maxheight,5.3,Rodovia Henrique Herwig
-49.220830,-25.576046,maxheight,6,Pátio Trans Piá
-48.571740,-25.578500,maxheight,6,Rodovia Engenheiro Argus Thá Heyn
-48.569921,-25.581291,maxheight,6,Rodovia Engenheiro Argus Thá Heyn
-48.567444,-25.585518,maxheight,6,Rodovia Engenheiro Argus Thá Heyn
-53.977739,-25.601909,maxheight,5.2,Ruta Provincial 19
-53.970334,-25.601997,maxweight,45,Puente Internacional Comandante Andresito
-53.969760,-25.602211,maxweight,45,Ponte Internacional sobre o Rio Santo Antônio
-53.563004,-25.604176,maxheight,5.5,Rodovia Deputado Arnaldo Faivro Busato
-49.179123,-25.637773,maxheight,8,
-49.180643,-25.639581,maxheight,8,
-54.455744,-25.686943,maxheight,5.2,Acceso a las Cataratas del Iguazú
-54.455617,-25.686971,maxheight,5.2,Acceso a las Cataratas del Iguazú
-49.134059,-25.728358,maxheight,6,Rodovia Henrique Herwig
-53.979653,-25.864507,maxheight,5.2,Ruta Nacional 101
-48.859582,-26.051405,maxheight,5.9,Rodovia Governador Mário Covas
-48.859484,-26.051434,maxheight,5.9,Rodovia Governador Mário Covas
-53.731354,-26.056515,maxheight,5.2,Vuelta de Obligado
-48.859877,-26.059810,maxheight,5.9,Rodovia Governador Mário Covas
-48.859928,-26.060375,maxheight,5.9,Rodovia Governador Mário Covas
-48.860122,-26.062556,maxheight,5.9,Rodovia Governador Mário Covas
-48.860120,-26.063598,maxheight,5.9,Rodovia Governador Mário Covas
-48.860446,-26.066207,maxheight,5.9,Rodovia Governador Mário Covas
-48.860358,-26.066289,maxheight,5.9,Rodovia Governador Mário Covas
-48.860194,-26.066565,maxheight,6.3,
-48.869838,-26.102406,maxwidth,3.2,
-49.788780,-26.119211,maxheight,6,
-49.812405,-26.139085,maxheight,5.5,BR-116
-49.813435,-26.139798,maxheight,5.5,BR-116
-48.902858,-26.140637,maxheight,4.6,
-48.907930,-26.146742,maxheight,6,Rodovia Governador Mário Covas
-48.908902,-26.148112,maxheight,6,Rodovia Governador Mário Covas
-48.909111,-26.148661,maxheight,6,Rodovia Governador Mário Covas
-49.826570,-26.148859,maxheight,5.9,BR-116
-48.909200,-26.149259,maxheight,6,Rodovia Governador Mário Covas
-48.909139,-26.149854,maxheight,6,Rodovia Governador Mário Covas
-48.909060,-26.150284,maxheight,6,Rodovia Governador Mário Covas
-49.831200,-26.152058,maxheight,5.9,BR-116
-48.908322,-26.153912,maxheight,6,Rodovia Governador Mário Covas
-48.907537,-26.158166,maxheight,6,Rodovia Governador Mário Covas
-48.907444,-26.159709,maxheight,6,Rodovia Governador Mário Covas
-48.907416,-26.160901,maxheight,6,Rodovia Governador Mário Covas
-48.907356,-26.163547,maxheight,6,Rodovia Governador Mário Covas
-48.907224,-26.166192,maxheight,6.5,Marginal da BR-101
-48.961021,-26.168711,maxweight,5,Estrada João Fleith
-48.952705,-26.175936,maxweight,45,Rodovia Vereador Arno Krelling
-49.001292,-26.176164,maxweight,45,Estrada Dona Francisca
-48.909689,-26.181526,maxheight,4.7,
-48.938148,-26.185110,maxweight,45,Rodovia Vereador Arno Krelling
-48.911214,-26.186321,maxheight,6.1,Rodovia Governador Mário Covas
-48.911843,-26.188543,maxheight,6.1,
-48.911686,-26.188875,maxheight,6.1,Rodovia Governador Mário Covas
-48.931933,-26.190031,maxweight,45,Rodovia Vereador Arno Krelling
-48.928970,-26.191986,maxweight,45,Rodovia Vereador Arno Krelling
-58.156037,-26.195229,maxheight,2.7,
-48.921965,-26.197079,maxweight,45,Rodovia Vereador Arno Krelling
-51.089550,-26.197263,maxheight,4.2,
-49.261662,-26.199336,maxweight,5,Rua Coronel Bueno Franco
-48.915548,-26.201872,maxweight,45,Rodovia Vereador Arno Krelling
-48.913680,-26.203049,maxheight,5.5,SC-418
-48.913799,-26.203189,maxheight,5.5,SC-418
-51.097872,-26.216512,maxwidth,2,
-51.080829,-26.229152,maxwidth,23,Rua Coronel Amazonas
-51.080868,-26.229169,maxwidth,23,Rua Coronel Amazonas
-48.817574,-26.234638,maxheight,5.5,Rua Tuiuti
-48.817867,-26.234707,maxheight,5.5,Rua Tuiuti
-51.085057,-26.248566,maxweight,23,Avenida dos Ferroviários
-48.904668,-26.256568,maxheight,5.5,Rua Hans Dieter Schmidt
-48.904649,-26.256633,maxheight,5.4,Rua Hans Dieter Schmidt
-48.904981,-26.256640,maxheight,5.4,Rodovia Rodolfo Jahn
-48.884108,-26.296325,maxheight,5.2,Rua XV de Novembro
-48.883963,-26.296626,maxheight,5.3,Rua XV de Novembro
-48.849295,-26.300508,maxweight,5,Rua XV de Novembro
-48.881143,-26.305053,maxheight,6.6,Rodovia Governador Mário Covas
-48.881205,-26.305132,maxheight,6.3,Rodovia Governador Mário Covas
-48.880803,-26.305566,maxheight,6.6,Rodovia Governador Mário Covas
-48.880846,-26.305672,maxheight,6.3,Rodovia Governador Mário Covas
-48.846048,-26.305873,maxheight,4.2,Avenida Juscelino Kubitschek
-48.879862,-26.307321,maxheight,7,Avenida Victor Schöpping
-48.879111,-26.307833,maxheight,6.3,Avenida Brigadeiro Eduardo Gomes
-48.878605,-26.308402,maxheight,6.6,Rodovia Governador Mário Covas
-48.878295,-26.308712,maxheight,6.3,Rodovia Governador Mário Covas
-48.826757,-26.310214,maxweight,5,Avenida Ministro Luiz Galotti
-48.876257,-26.311148,maxheight,6.3,Rodovia Governador Mário Covas
-48.875469,-26.311775,maxheight,6.3,Rodovia Governador Mário Covas
-48.871763,-26.318521,maxheight,5.2,
-48.871905,-26.318633,maxheight,5.2,
-48.871618,-26.318656,maxheight,5.2,
-48.871739,-26.318766,maxheight,5.2,
-48.841077,-26.319817,maxweight,5,Rua Waldemaro Scholz Maia
-70.620907,-26.341607,maxweight,45,Ruta 5 Norte
-48.857421,-26.348547,maxheight,4.6,
-48.857135,-26.348575,maxheight,4.6,
-48.714022,-26.366970,maxweight,16,Rua João Martinho Corrêa
-48.690764,-26.381382,maxwidth,12,Rua Maria Marques da Silva Ribeiro
-48.845622,-26.386102,maxheight,5.5,Rodovia Governador Mário Covas
-48.845302,-26.386285,maxheight,5.5,Rodovia Governador Mário Covas
-48.839317,-26.398925,maxheight,6,
-50.156535,-26.399058,maxweight,7,Avenida Papa João XXIII
-50.156373,-26.399733,maxweight,7,Avenida Papa João XXIII
-54.753563,-26.402442,maxheight,5,
-50.150009,-26.403310,maxweight,7,Rua Tenente Ary Rauen
-50.150083,-26.403412,maxweight,7,Rua Tenente Ary Rauen
-50.147980,-26.404529,maxweight,7,Rua Tenente Ary Rauen
-50.148034,-26.404616,maxweight,7,Rua Tenente Ary Rauen
-54.663541,-26.405086,maxheight,1.5,
-50.144044,-26.406356,maxweight,7,Rua Tenente Ary Rauen
-50.144079,-26.406432,maxweight,7,Rua Tenente Ary Rauen
-50.139881,-26.407967,maxweight,7,Rua Tenente Ary Rauen
-50.137900,-26.408595,maxweight,7,Rua Tenente Ary Rauen
-50.136064,-26.409362,maxweight,7,Rua Tenente Ary Rauen
-48.833978,-26.416971,maxheight,2.3,
-49.237239,-26.430033,maxweight,6,Rua Jorge Lacerda
-48.806925,-26.437513,maxheight,5.7,Rodovia Governador Mário Covas
-48.806060,-26.437599,maxheight,5.7,Rodovia Governador Mário Covas
-48.806301,-26.437638,maxheight,5.7,Rodovia Governador Mário Covas
-48.805839,-26.437732,maxheight,5.7,Rodovia Governador Mário Covas
-48.764483,-26.455414,maxheight,5.7,
-49.031671,-26.476062,maxheight,2.8,
-49.000880,-26.479005,maxheight,6,
-49.001294,-26.479128,maxheight,6,
-49.113760,-26.481480,maxweight,23,Rua Cabo João Alves
-49.090940,-26.493809,maxweight,5,Rua Acre
-49.085375,-26.509294,maxweight,23,Rua Adolfo Antônio Emmendoerfer
-49.082774,-26.513195,maxweight,23,Rua Adolfo Antônio Emmendoerfer
-48.714163,-26.513453,maxweight,30,Avenida Nossa Senhora das Graças
-49.081410,-26.515863,maxweight,23,Rua Adolfo Antônio Emmendoerfer
-49.079196,-26.520152,maxweight,23,Rua Adolfo Antônio Emmendoerfer
-48.716456,-26.522855,maxheight,5,
-48.714928,-26.524006,maxweight,30,Avenida Nossa Senhora das Graças
-49.076424,-26.525866,maxweight,23,Rua Adolfo Antônio Emmendoerfer
-48.713915,-26.549353,maxheight,5.1,Rua Maringá
-48.976822,-26.572483,maxweight,45,Rodovia Guilherme Jensen
-48.722279,-26.591642,maxheight,5.9,Rodovia Governador Mário Covas
-48.721948,-26.591663,maxheight,5.5,Rodovia Governador Mário Covas
-48.722037,-26.592915,maxheight,5.5,Rodovia Governador Mário Covas
-49.007783,-26.606805,maxweight,45,Rodovia Guilherme Jensen
-53.734162,-26.613154,maxweight,30,Ponte Internacional Peperi-Guaçu
-48.687766,-26.645044,maxheight,2.9,Rua Ormélio Gonçalves
-48.687738,-26.645090,maxheight,2.9,Rua Ormélio Gonçalves
-49.153666,-26.688857,maxweight,1,Rua Richard Passold
-49.162148,-26.697790,maxweight,10,Rua Alwin Jandre
-49.161583,-26.697813,maxweight,10,Rua Alwin Jandre
-49.161059,-26.697873,maxweight,10,Rua Alwin Jandre
-48.909969,-26.710384,maxweight,10,Rua Júlio Grothe
-48.914327,-26.711274,maxweight,10,Rua Professor Simão Hess
-48.702556,-26.715122,maxheight,5.2,
-49.170440,-26.717210,maxheight,5,Rua Luiz Abry
-49.170492,-26.717524,maxheight,5,Rua Luiz Abry
-49.170508,-26.717624,maxheight,5,Rua Luiz Abry
-48.863811,-26.725805,maxweight,10,Rua Antônio Schmitt
-49.129399,-26.732944,maxweight,10,Rua Doutor Wunderwald
-49.174955,-26.734689,maxheight,2.8,
-49.173977,-26.738069,maxheight,3.5,Rua Hermann Weege
-49.173684,-26.738462,maxheight,3.5,Rua Hermann Weege
-49.178233,-26.738985,maxheight,4.6,Avenida 21 de Janeiro
-49.178137,-26.739119,maxheight,4.6,Avenida 21 de Janeiro
-49.178935,-26.753100,maxheight,5,Rua Hermann Guenther
-49.169840,-26.762277,maxweight,45,Rua XV de Novembro
-53.500356,-26.762677,maxweight,57,SC-163
-48.686448,-26.764589,maxheight,5.4,
-53.501743,-26.767544,maxweight,57,SC-163
-53.503805,-26.772252,maxweight,57,SC-163
-51.261048,-26.775031,maxweight,16,Rua Sérgio João Bertotto
-51.019859,-26.776851,maxheight,2.7,Rua José Boiteux
-50.990782,-26.784914,maxheight,5,
-50.990319,-26.784961,maxheight,5,
-51.002569,-26.790457,maxheight,4.5,Rua Henriqueta Tedesco
-51.002530,-26.790548,maxheight,4.5,Rodovia Comendador Primo Tedesco
-51.017313,-26.793018,maxweight,36,Rodovia Municipal Honorino Moro
-49.104128,-26.793662,maxweight,9,Rua Thekla Georg
-48.679379,-26.798468,maxheight,5.8,
-65.270795,-26.803194,maxheight,3,
-55.022394,-26.804703,maxheight,4,Avenida San Martín
-48.644668,-26.804976,maxheight,4.7,Estrada Geral Santa Lídia
-48.679800,-26.805200,maxheight,5.5,Rodovia Governador Mário Covas
-48.680319,-26.806006,maxheight,6.2,Rodovia Governador Mário Covas
-55.024214,-26.806737,maxweight,4,Avenida San Martín
-49.089702,-26.811358,maxweight,4,
-49.088337,-26.813737,maxweight,45,Rua Felippe Jensen
-53.513376,-26.815060,maxweight,57,Rodovia Aurélio Francisco Marconatto
-49.271141,-26.815207,maxweight,14,Rua Nicarágua
-53.514333,-26.815430,maxweight,57,Rodovia Aurélio Francisco Marconatto
-49.270861,-26.815612,maxweight,14,Rua Marechal Deodoro da Fonseca
-53.515254,-26.815778,maxweight,57,Rodovia Aurélio Francisco Marconatto
-49.273149,-26.816050,maxweight,14,Rua Nicarágua
-49.270742,-26.816081,maxweight,14,Rua Japão
-49.270624,-26.816093,maxweight,14,Rua Marechal Deodoro da Fonseca
-53.515593,-26.816133,maxweight,57,Rodovia Aurélio Francisco Marconatto
-49.270695,-26.816178,maxweight,14,Rua Japão
-49.270997,-26.816251,maxweight,14,Rua Japão
-53.515816,-26.816461,maxweight,57,Rodovia Aurélio Francisco Marconatto
-49.270443,-26.816483,maxweight,14,Rua Marechal Deodoro da Fonseca
-49.270285,-26.816908,maxweight,14,Rua Marechal Deodoro da Fonseca
-49.270261,-26.817099,maxweight,14,Rua Marechal Deodoro da Fonseca
-49.272982,-26.817142,maxweight,14,Rua Japão
-49.275049,-26.817433,maxweight,14,Rua Nicarágua
-49.270477,-26.818327,maxweight,14,Rua Marechal Deodoro da Fonseca
-53.517047,-26.818356,maxweight,57,Rodovia Aurélio Francisco Marconatto
-49.278045,-26.819883,maxweight,14,Avenida 7 de Setembro
-49.279291,-26.820151,maxweight,14,Rua Ruy Barbosa
-49.279168,-26.820159,maxweight,14,Avenida Getúlio Vargas
-53.518404,-26.820230,maxweight,57,Rodovia Aurélio Francisco Marconatto
-53.523799,-26.820276,maxweight,57,Rodovia Aurélio Francisco Marconatto
-53.518769,-26.820376,maxweight,57,Rodovia Aurélio Francisco Marconatto
-49.277695,-26.820475,maxweight,14,Avenida 7 de Setembro
-49.280294,-26.820656,maxweight,14,Rua Ruy Barbosa
-49.278870,-26.820668,maxweight,14,Avenida Getúlio Vargas
-48.684903,-26.820965,maxheight,6.3,Rodovia Governador Mário Covas
-48.684792,-26.821088,maxheight,6.1,Rodovia Governador Mário Covas
-49.278563,-26.821190,maxweight,14,Avenida Getúlio Vargas
-49.343959,-26.821209,maxweight,20,Rua Kaspereit
-49.278213,-26.821778,maxweight,14,Avenida Getúlio Vargas
-49.276879,-26.821841,maxweight,14,Avenida 7 de Setembro
-49.270727,-26.821997,maxweight,14,Rua Marechal Deodoro da Fonseca
-49.277895,-26.822311,maxweight,14,Avenida Getúlio Vargas
-49.277602,-26.822803,maxweight,14,Avenida Getúlio Vargas
-49.290187,-26.823113,maxweight,14,Rua Ruy Barbosa
-49.087738,-26.823425,maxweight,45,Rua Carlos Pagel
-53.533895,-26.824226,maxweight,57,Rodovia Aurélio Francisco Marconatto
-49.271140,-26.824531,maxweight,14,Rua Honduras
-49.280189,-26.824619,maxheight,3.5,Rua Professor Julius Scheidemantel
-49.271051,-26.824638,maxweight,14,Rua Marechal Deodoro da Fonseca
-49.271190,-26.824673,maxweight,14,Rua Honduras
-49.271825,-26.824704,maxweight,14,Rua Honduras
-49.271165,-26.825044,maxweight,14,Rua Marechal Deodoro da Fonseca
-49.281760,-26.825223,maxheight,3.5,
-49.271209,-26.825416,maxweight,14,Rua Marechal Deodoro da Fonseca
-49.299242,-26.825978,maxweight,14,Rua Ruy Barbosa
-49.299240,-26.826053,maxweight,14,Rua Ruy Barbosa
-49.294955,-26.827238,maxweight,14,Rua Marechal Floriano Peixoto
-49.294964,-26.827343,maxweight,14,Rua Marechal Floriano Peixoto
-49.268124,-26.827532,maxweight,14,Avenida Nereu Ramos
-49.286104,-26.827880,maxweight,14,Rua Marechal Floriano Peixoto
-49.276420,-26.828596,maxweight,14,Rua Marechal Floriano Peixoto
-49.275354,-26.828600,maxweight,14,Rua Marechal Floriano Peixoto
-49.275163,-26.828674,maxweight,14,Rua Blumenau
-65.216364,-26.828712,maxheight,3.5,24 de Setiembre de 1812
-65.216337,-26.828787,maxheight,3.5,24 de Setiembre de 1812
-49.274886,-26.828864,maxweight,14,Rua Blumenau
-49.274642,-26.829158,maxweight,14,Rua Blumenau
-53.543657,-26.829190,maxweight,57,Rodovia Aurélio Francisco Marconatto
-49.265031,-26.829590,maxweight,14,Avenida Nereu Ramos
-49.264485,-26.830256,maxweight,14,Avenida Nereu Ramos
-53.552707,-26.831757,maxweight,57,Rodovia Aurélio Francisco Marconatto
-53.559368,-26.833207,maxweight,57,Rodovia Aurélio Francisco Marconatto
-48.733239,-26.833214,maxheight,5.5,Rodovia Ingo Hering
-49.273007,-26.833487,maxweight,14,Rua Blumenau
-53.563303,-26.833783,maxweight,57,Rodovia Aurélio Francisco Marconatto
-48.740471,-26.833851,maxheight,5.5,Rodovia Ingo Hering
-48.738912,-26.834732,maxheight,5.5,
-53.569571,-26.835066,maxweight,57,Rodovia Aurélio Francisco Marconatto
-53.574788,-26.837512,maxweight,57,Rodovia Aurélio Francisco Marconatto
-49.273260,-26.837743,maxweight,14,Rua Blumenau
-49.273308,-26.837895,maxweight,14,Rua Blumenau
-53.575419,-26.840705,maxweight,57,Rodovia Aurélio Francisco Marconatto
-48.715849,-26.841213,maxheight,6.3,Rodovia Governador Mário Covas
-48.716209,-26.841689,maxheight,6.4,Rodovia Governador Mário Covas
-53.575260,-26.842684,maxweight,57,Rodovia Aurélio Francisco Marconatto
-53.575915,-26.842714,maxheight,3.5,Avenida Assis Brasil
-53.575291,-26.843217,maxweight,57,Rodovia Aurélio Francisco Marconatto
-53.648206,-26.843722,maxwidth,1,
-53.648226,-26.843814,maxwidth,3,
-53.575401,-26.843861,maxweight,57,Rodovia Aurélio Francisco Marconatto
-48.721066,-26.845834,maxheight,5.4,Rodovia Governador Mário Covas
-48.722017,-26.846747,maxheight,5,Marginal da BR-101
-53.576241,-26.846785,maxweight,57,Rodovia Aurélio Francisco Marconatto
-48.722437,-26.846871,maxheight,5.3,Rodovia Governador Mário Covas
-48.724197,-26.848228,maxheight,5.8,Marginal da BR-101
-48.724604,-26.848603,maxheight,5.8,Marginal da BR-101
-49.153324,-26.848783,maxheight,5.5,Rua Werner Duwe
-48.723954,-26.849262,maxheight,5.6,Rodovia Governador Mário Covas
-48.724747,-26.849628,maxheight,4.8,Marginal da BR-101
-48.724789,-26.849693,maxheight,5.6,Rodovia Governador Mário Covas
-49.152662,-26.849698,maxheight,5.5,Rua Werner Duwe
-53.577145,-26.849775,maxweight,57,Rodovia Aurélio Francisco Marconatto
-49.151765,-26.850623,maxweight,45,Rua Werner Duwe
-48.726816,-26.853055,maxheight,5.3,Rodovia Governador Mário Covas
-49.126936,-26.853938,maxweight,9,Rua Oscar Holz
-49.126876,-26.853980,maxweight,9,Rua Oscar Holz
-49.034320,-26.855580,maxheight,3.7,Rua Albertina dos Santos Deschamps
-49.126490,-26.859022,maxweight,9,Rua Oscar Holz
-49.055168,-26.859876,maxheight,3.5,Rua Samuel Morse
-49.123392,-26.859909,maxweight,15,Rua Berta Mette
-53.576973,-26.860396,maxweight,57,Rodovia Aurélio Francisco Marconatto
-49.122010,-26.860413,maxweight,15,Rua Francisca Krenkel
-49.121888,-26.861148,maxweight,15,
-49.122004,-26.861148,maxweight,15,
-49.080948,-26.861179,maxheight,5.5,Rua 1º de Janeiro
-49.069215,-26.861515,maxheight,5.5,Rodovia Ingo Hering
-49.082032,-26.861572,maxheight,5.5,Rodovia Ingo Hering
-49.081938,-26.861653,maxheight,5.5,Rodovia Ingo Hering
-49.121930,-26.861787,maxweight,15,Rua Francisca Krenkel
-49.051141,-26.861967,maxweight,4,
-49.070319,-26.862199,maxheight,6,
-49.068885,-26.862413,maxheight,6,
-49.085515,-26.862559,maxheight,5.5,Marginal da BR-470
-49.086208,-26.862603,maxheight,5.5,Rodovia Ingo Hering
-49.121917,-26.862669,maxweight,15,Rua Francisca Krenkel
-49.090772,-26.862729,maxheight,5.5,Rodovia Ingo Hering
-49.085501,-26.862815,maxheight,5.5,Rodovia Ingo Hering
-49.089500,-26.862818,maxheight,5.5,Rodovia Ingo Hering
-49.091500,-26.862958,maxheight,2.4,
-49.091500,-26.863063,maxheight,2.4,
-49.121864,-26.863123,maxweight,15,
-49.121978,-26.863123,maxweight,15,
-49.121932,-26.864363,maxweight,15,Rua Francisca Krenkel
-49.071088,-26.865369,maxheight,6,Via Expressa Paul Fritz Kuehnrich
-49.071715,-26.867490,maxheight,6,Via Expressa Paul Fritz Kuehnrich
-49.072223,-26.867882,maxheight,6,Via Expressa Paul Fritz Kuehnrich
-48.729923,-26.869546,maxheight,3.4,
-49.072322,-26.870175,maxheight,4,
-49.244301,-26.872015,maxweight,10,Rua Viçosa
-49.090843,-26.872139,maxheight,3,Rua 30 de Agosto
-49.073340,-26.873663,maxweight,9,Rua 25 de Agosto
-49.067615,-26.874730,maxheight,4,Rua Fritz Koegler
-53.575383,-26.875087,maxweight,57,Rodovia Aurélio Francisco Marconatto
-49.078169,-26.875146,maxweight,9,Rua 25 de Agosto
-49.080568,-26.876053,maxweight,9,Rua 25 de Agosto
-49.068041,-26.876630,maxheight,6,Via Expressa Paul Fritz Kuehnrich
-49.068361,-26.877402,maxheight,6,Via Expressa Paul Fritz Kuehnrich
-48.694761,-26.877594,maxweight,25,Rua José Luiz Marcelino
-48.696822,-26.878894,maxweight,25,Rua Luiz José Medeiros
-48.700226,-26.879733,maxweight,25,Ponte Mauri Francisco dos Santos
-49.069644,-26.879782,maxheight,3.5,Rua Bruno Hoeltgebaum
-48.839696,-26.880126,maxheight,5.5,Rodovia Ingo Hering
-48.838975,-26.880270,maxheight,5.5,Rodovia Ingo Hering
-49.068548,-26.880479,maxheight,2.9,
-49.068628,-26.880776,maxheight,2.9,
-52.369862,-26.880968,maxweight,10,
-48.724977,-26.881314,maxheight,6,Rodovia Governador Mário Covas
-48.719887,-26.881390,maxweight,25,Rua Giuzepina Cogo Casini
-48.837655,-26.881437,maxheight,5.5,
-52.381081,-26.882089,maxweight,10,Avenida Brasil
-52.405504,-26.882255,maxweight,10,Rua Victor Konder
-48.693362,-26.882483,maxweight,25,Rua Eugênio Pezzini
-52.384625,-26.883055,maxweight,10,
-52.402817,-26.883105,maxheight,5.5,Rodovia Ulysses Guimarães
-52.402727,-26.883116,maxheight,5.5,Rodovia Ulysses Guimarães
-49.246521,-26.883240,maxheight,5.5,
-48.696994,-26.883470,maxweight,25,Rua Luiz José Medeiros
-48.693421,-26.883625,maxweight,25,Rua Eugênio Pezzini
-53.574327,-26.883693,maxweight,57,Rodovia Aurélio Francisco Marconatto
-52.401356,-26.883717,maxweight,10,
-49.247246,-26.883719,maxheight,5.5,
-48.699840,-26.883739,maxweight,25,Rua Luiz da Silva
-52.387231,-26.883831,maxheight,5.3,Rodovia Ulysses Guimarães
-49.097478,-26.883874,maxweight,9,Rua Pelotas
-52.389336,-26.884173,maxheight,5.3,Rodovia Ulysses Guimarães
-52.408861,-26.884199,maxheight,5.3,Rodovia Ulysses Guimarães
-52.409116,-26.884326,maxheight,5.3,Rodovia Ulysses Guimarães
-52.389586,-26.884341,maxheight,5.3,Rodovia Ulysses Guimarães
-52.400571,-26.884379,maxheight,2.6,
-52.393442,-26.884600,maxweight,10,
-49.083425,-26.884759,maxheight,10,Rua Leopoldo Kirsten
-48.723501,-26.885076,maxheight,6,Rodovia Governador Mário Covas
-49.095103,-26.885078,maxweight,9,Rua Oswaldo Day
-52.414341,-26.885565,maxheight,5,
-52.414574,-26.885578,maxheight,5,
-49.098068,-26.885579,maxweight,9,Rua Pelotas
-48.749309,-26.885679,maxweight,10,Avenida Paulo Cantídio da Silva
-48.872812,-26.886211,maxheight,5.5,Rodovia Ingo Hering
-48.874153,-26.886214,maxheight,5.5,
-48.695609,-26.886369,maxweight,25,Rua Professora Yolanda Pinto Cabral
-49.140353,-26.886405,maxheight,2.4,Rua Arnold Hemmer
-48.737509,-26.886470,maxweight,10,Marginal da SC-412
-48.698153,-26.886490,maxweight,25,Avenida Independência
-49.141122,-26.886554,maxheight,4.5,Rua Arnold Hemmer
-48.697165,-26.886619,maxweight,25,Rua Antônio de Souza
-49.069805,-26.886732,maxheight,5.5,Via Expressa Paul Fritz Kuehnrich
-49.069704,-26.886735,maxheight,5.5,Via Expressa Paul Fritz Kuehnrich
-48.692869,-26.886833,maxweight,25,Rua São Cristóvão
-48.657600,-26.887026,maxweight,10,Rua Pedro Francisco de Souza
-49.069573,-26.887456,maxheight,5.5,Rua Vereador Herbert Schweigert
-48.722185,-26.887544,maxheight,6.7,Marginal da BR-101
-48.700082,-26.887701,maxweight,25,Rua Gustavo Bernedet
-48.876231,-26.887756,maxheight,5.5,Rodovia Ingo Hering
-48.722510,-26.887776,maxheight,6.6,
-48.649796,-26.887863,maxweight,10,Rua José Alcebíades Laurentino
-48.653777,-26.887899,maxweight,10,Rua José Alcebíades Laurentino
-48.722595,-26.887943,maxheight,6.6,Marginal da BR-101
-48.874758,-26.888193,maxheight,5.5,
-48.697943,-26.888332,maxweight,25,Avenida Independência
-48.694251,-26.888898,maxweight,25,Rua Santo Agostinho
-48.695469,-26.889181,maxweight,25,Rua Laudelina Dionísio
-48.693611,-26.889246,maxweight,25,Rua Odílio Garcia
-49.239680,-26.889518,maxweight,10,Rua Áustria
-49.111198,-26.889529,maxwidth,3,
-48.721596,-26.889670,maxheight,5.7,
-49.111014,-26.889679,maxwidth,3,
-49.111638,-26.889712,maxwidth,4,
-48.721225,-26.890049,maxheight,5.4,Avenida Doutor Reinaldo Schmithausen
-48.650286,-26.890169,maxweight,10,Rua Comandante Jaime Carlos Tramontini Gomes
-48.721404,-26.890383,maxheight,5.3,Avenida Doutor Reinaldo Schmithausen
-48.705924,-26.890497,maxweight,25,Rua Enedina d'Ávila Ferreira
-51.077027,-26.890583,maxweight,24,Rodovia Saul Brandalise
-48.721018,-26.890851,maxheight,5.9,
-49.237402,-26.891064,maxweight,8,Avenida Carlos Schroeder
-49.097109,-26.891782,maxweight,4,Rua Doutor Paulo Aldinger
-49.105387,-26.892207,maxweight,4,Rua Theodoro Lueders
-49.085939,-26.892483,maxheight,4.8,Rua Engenheiro Paul Werner
-49.237909,-26.892787,maxheight,2.1,Ponte Engenheiro Emílio Baumgart
-49.237110,-26.893017,maxheight,2.1,Ponte Engenheiro Emílio Baumgart
-48.700445,-26.893504,maxweight,25,Rua Gustavo Bernedet
-48.720138,-26.893611,maxheight,6.55,Marginal da BR-101
-48.822506,-26.893706,maxheight,5,Rua 21 de Junho
-48.719844,-26.894277,maxheight,6.55,Marginal da BR-101
-48.719335,-26.894423,maxheight,6.6,Marginal da BR-101
-49.097462,-26.894478,maxweight,4,Rua Doutor Hugo Straube
-52.993003,-26.894749,maxweight,45,SC-160
-48.823476,-26.894882,maxheight,5,Rua 21 de Junho
-48.823445,-26.894903,maxheight,5,Rua 21 de Junho
-48.719231,-26.895057,maxheight,6,Rodovia Governador Mário Covas
-53.578318,-26.895262,maxweight,57,Rodovia Aurélio Francisco Marconatto
-48.694010,-26.896418,maxweight,10,Ponte Tancredo Neves
-51.075925,-26.896425,maxweight,24,Rua Sergipe
-48.693784,-26.896729,maxweight,10,Ponte Tancredo Neves
-48.693556,-26.897042,maxweight,10,Ponte Tancredo Neves
-48.693474,-26.897184,maxweight,10,Ponte Tancredo Neves
-48.693559,-26.897189,maxweight,10,Ponte Tancredo Neves
-48.994672,-26.897929,maxweight,4,Rua Anfilóquio Nunes Pires
-49.259404,-26.897950,maxweight,10,Rua Brusque
-48.994771,-26.897997,maxweight,4,Rua Anfilóquio Nunes Pires
-48.994385,-26.898366,maxweight,4,Rua Anfilóquio Nunes Pires
-48.717954,-26.898505,maxheight,6,Rodovia Governador Mário Covas
-48.993925,-26.898835,maxweight,4,Rua Anfilóquio Nunes Pires
-49.077493,-26.898849,maxheight,2.5,
-48.700795,-26.899314,maxweight,25,Rua Gustavo Bernedet
-48.717746,-26.899344,maxheight,6.55,Marginal da BR-101
-48.993291,-26.899478,maxweight,4,Rua Anfilóquio Nunes Pires
-48.700815,-26.899648,maxweight,25,Rua Gustavo Bernedet
-48.717257,-26.899974,maxheight,2.2,
-48.992736,-26.900038,maxweight,4,Rua Anfilóquio Nunes Pires
-48.700765,-26.900129,maxweight,25,Rua Gustavo Bernedet
-49.231197,-26.901008,maxweight,10,Rua Alagoas
-48.931363,-26.901269,maxheight,5.5,Rodovia Ingo Hering
-48.991586,-26.901510,maxweight,4,Rua Anfilóquio Nunes Pires
-48.933070,-26.901540,maxheight,5.5,
-49.046057,-26.901854,maxheight,5.5,Rua República Argentina
-48.672714,-26.901927,maxweight,25,Rua Pedro Antônio Fayal
-48.680606,-26.902255,maxweight,25,Rua Fridolim Erthal Júnior
-48.680471,-26.902516,maxweight,25,Rua Menina Rosana da Silva
-48.932388,-26.902566,maxheight,5.5,
-48.671209,-26.902790,maxweight,25,Rua Vereador Claudino José Francisco Pacheco
-48.933871,-26.902791,maxheight,5.5,Rodovia Ingo Hering
-48.663326,-26.902924,maxweight,25,Avenida Coronel Marcos Konder
-53.583297,-26.903193,maxweight,57,Rodovia Aurélio Francisco Marconatto
-51.076929,-26.904046,maxweight,24,Rua Avaí
-48.688731,-26.904121,maxweight,25,Rua Estéfano José Vanolli
-53.584525,-26.904143,maxweight,57,Rodovia Aurélio Francisco Marconatto
-49.093018,-26.904180,maxheight,2.2,
-49.093438,-26.904319,maxheight,2.2,
-49.042807,-26.904380,maxweight,9,Rua São Bento
-49.092746,-26.904430,maxheight,2.2,
-48.655774,-26.905088,maxweight,4,Rua Hercílio Luz
-48.988603,-26.905184,maxweight,4,Rua Anfilóquio Nunes Pires
-48.715112,-26.905264,maxheight,6,Rodovia Governador Mário Covas
-49.076166,-26.905480,maxweight,4,Rua Desembargador Oscar Leitão
-49.076922,-26.905577,maxweight,4,
-49.096818,-26.905699,maxweight,4,Rua Júlio Baumgarten
-50.738242,-26.906050,maxweight,36,Rodovia Doutor Lourenço Faoro
-49.096604,-26.906074,maxweight,4,Rua Júlio Baumgarten
-49.077878,-26.906409,maxheight,4.5,Rua Antônio da Veiga
-49.078103,-26.906427,maxheight,4.5,Rua Antônio da Veiga
-49.096250,-26.906674,maxweight,4,Rua Júlio Baumgarten
-49.078559,-26.906939,maxheight,4.5,Rua Antônio da Veiga
-48.697820,-26.907154,maxweight,10,Rua Eudoro Silveira
-48.680422,-26.907189,maxweight,25,Rua Luiz Bonifácio Pinto
-49.077778,-26.907253,maxweight,4,Rua Alexandre Caetano
-49.041585,-26.907332,maxweight,9,Rua São Bento
-49.095878,-26.907343,maxweight,4,Rua Júlio Baumgarten
-48.929949,-26.907345,maxheight,5.5,Rua Geral Poço Grande
-49.078115,-26.907510,maxweight,4,Rua Alexandre Caetano
-48.986549,-26.907643,maxweight,4,Rua Anfilóquio Nunes Pires
-49.095699,-26.907743,maxweight,4,Rua Júlio Baumgarten
-48.986336,-26.907916,maxweight,4,Rua Anfilóquio Nunes Pires
-48.985998,-26.908348,maxweight,4,Rua Anfilóquio Nunes Pires
-49.095266,-26.908770,maxweight,4,Rua Júlio Baumgarten
-48.985661,-26.908785,maxweight,4,Rua Anfilóquio Nunes Pires
-48.933160,-26.908850,maxweight,45,Ponte Prefeito Dorval Rodolfo Pamplona
-48.699183,-26.909037,maxweight,25,Rua Acedilo Monteiro de Lima
-48.985394,-26.909109,maxweight,4,Rua Anfilóquio Nunes Pires
-48.660525,-26.909153,maxheight,3,
-49.109732,-26.909383,maxweight,9,Rua Eça de Queiroz
-48.703208,-26.909601,maxweight,25,Rua Doutor João Américo Watzko
-48.932936,-26.909639,maxheight,5.1,Rodovia Jorge Lacerda
-49.094869,-26.909682,maxweight,4,Rua Júlio Baumgarten
-48.933182,-26.909685,maxheight,5.1,Rodovia Jorge Lacerda
-48.680796,-26.909713,maxweight,25,Rua Luciano Pinheiro da Silva
-48.933036,-26.909721,maxheight,5.1,Rodovia Jorge Lacerda
-49.094849,-26.909722,maxweight,4,Rua Júlio Baumgarten
-48.676045,-26.909725,maxweight,10,Rua Gaspar
-49.270357,-26.909812,maxheight,5.5,Avenida Brasil
-48.984701,-26.909852,maxweight,4,Rua Anfilóquio Nunes Pires
-49.094621,-26.910145,maxweight,4,Rua Júlio Baumgarten
-48.934521,-26.910174,maxheight,5.1,Rodovia Jorge Lacerda
-48.935116,-26.910465,maxheight,5.1,Rodovia Jorge Lacerda
-48.935342,-26.910467,maxweight,10,Rua Itajaí
-48.935690,-26.910521,maxweight,10,Rua Itajaí
-48.683683,-26.910580,maxweight,25,Rua Bacharel Clito César Rebello
-48.935975,-26.910635,maxweight,10,Rua Itajaí
-48.935583,-26.910668,maxweight,10,Rua Itajaí
-49.114124,-26.910678,maxheight,2.5,
-49.094318,-26.910705,maxweight,4,Rua Júlio Baumgarten
-49.094190,-26.910945,maxweight,4,Rua Júlio Baumgarten
-48.937015,-26.911018,maxweight,10,Rua Itajaí
-48.683610,-26.911075,maxweight,25,Rua Antônio Adão Dias
-48.938033,-26.911405,maxweight,10,Rua Itajaí
-48.982975,-26.911539,maxweight,4,Rua Anfilóquio Nunes Pires
-49.081351,-26.911568,maxheight,2.2,
-48.683469,-26.911638,maxweight,25,Rua Abdon David Schmitt
-48.938514,-26.911665,maxweight,10,Rua Itajaí
-49.081226,-26.911697,maxheight,2.2,
-49.115155,-26.912037,maxweight,9,Rua Benedito Novo
-49.081744,-26.912245,maxheight,2.2,
-48.700685,-26.912247,maxweight,25,Avenida Campos Novos
-48.939589,-26.912313,maxweight,10,Rua Itajaí
-48.934916,-26.912382,maxweight,45,Avenida Deputado Francisco Mastela
-49.058518,-26.912793,maxweight,9,Ponte dos Arcos
-49.081759,-26.912805,maxheight,2.2,
-48.981592,-26.912851,maxweight,4,Rua Anfilóquio Nunes Pires
-48.934761,-26.912852,maxweight,45,Avenida Deputado Francisco Mastela
-49.058579,-26.912861,maxweight,9,Ponte dos Arcos
-49.081800,-26.912878,maxheight,2.2,
-49.081868,-26.912901,maxheight,2.2,
-48.940552,-26.912912,maxweight,10,Rua Itajaí
-49.067458,-26.912953,maxheight,4.2,Ponte de Ferro
-49.081796,-26.913071,maxheight,2.2,
-49.081872,-26.913072,maxheight,2.2,
-49.065968,-26.913222,maxheight,3.8,Rua Rudolfo Augusto Kucker
-48.981175,-26.913246,maxweight,4,Rua Anfilóquio Nunes Pires
-49.057749,-26.913274,maxweight,9,Ponte dos Arcos
-49.080013,-26.913318,maxheight,1.8,
-49.057805,-26.913347,maxweight,9,Ponte dos Arcos
-49.080157,-26.913378,maxheight,1.8,
-48.685508,-26.913419,maxweight,25,Rua Otto Hoier
-48.701476,-26.913451,maxweight,10,Rua Xaxim
-49.065230,-26.913487,maxheight,4.2,Rua Vitório Alcântara
-49.080661,-26.913523,maxheight,1.8,
-49.080679,-26.913565,maxheight,1.8,
-48.697316,-26.913626,maxweight,25,Rua Jair Norberto da Rocha
-49.056918,-26.913772,maxweight,9,Ponte dos Arcos
-49.103330,-26.913844,maxweight,9,Rua Adolfo Max Hoeschl
-49.085037,-26.913856,maxweight,9,
-49.056993,-26.913858,maxweight,9,Ponte dos Arcos
-49.080756,-26.913925,maxheight,1.8,
-48.670061,-26.914249,maxweight,25,Rua Alberto Werner
-48.979933,-26.914432,maxweight,4,Rua Anfilóquio Nunes Pires
-48.972135,-26.914485,maxheight,5.5,
-48.677279,-26.914593,maxweight,25,Rua Indaial
-49.095288,-26.915438,maxheight,5,
-48.700880,-26.915576,maxweight,25,Avenida Campos Novos
-48.978530,-26.915776,maxweight,4,Rua Anfilóquio Nunes Pires
-49.069455,-26.915788,maxweight,4,Travessa Flores Filho
-48.978042,-26.916245,maxweight,4,Rua Anfilóquio Nunes Pires
-49.057906,-26.916456,maxheight,4.7,Rua Itajaí
-48.977693,-26.916580,maxweight,4,Rua Anfilóquio Nunes Pires
-49.106342,-26.916846,maxheight,4.5,
-48.977342,-26.916913,maxweight,4,Rua Anfilóquio Nunes Pires
-49.087066,-26.917013,maxweight,4,Rua Jacó Brueckheimer
-48.977068,-26.917170,maxweight,4,Rua Anfilóquio Nunes Pires
-49.064575,-26.917603,maxweight,9,Rua República Argentina
-48.697997,-26.917631,maxweight,25,Rua Aldo Silva
-48.671112,-26.917639,maxweight,25,
-49.069690,-26.917815,maxheight,2.1,
-49.069639,-26.917866,maxheight,2.1,
-49.069935,-26.918105,maxheight,2.1,
-48.708720,-26.918202,maxheight,5.1,
-49.070087,-26.918234,maxheight,2.1,
-48.709325,-26.918367,maxheight,6,Marginal da BR-101
-48.933569,-26.918450,maxweight,45,Avenida Deputado Francisco Mastela
-48.709494,-26.918454,maxheight,5.5,Rodovia Governador Mário Covas
-48.709588,-26.918479,maxheight,5.7,Rodovia Governador Mário Covas
-48.975534,-26.918534,maxweight,4,Rua Anfilóquio Nunes Pires
-48.684400,-26.918625,maxweight,25,Rua José Pereira Liberato
-53.597118,-26.918942,maxweight,57,Rodovia Aurélio Francisco Marconatto
-48.946460,-26.919061,maxweight,10,Rua Itajaí
-48.670219,-26.919134,maxweight,25,Rua José Testoni
-48.973990,-26.919818,maxweight,4,Rua Anfilóquio Nunes Pires
-48.878719,-26.919913,maxweight,45,Rodovia Jorge Lacerda
-48.973660,-26.919939,maxweight,4,Rua Anfilóquio Nunes Pires
-48.708810,-26.920102,maxheight,5.7,Rodovia Governador Mário Covas
-48.972622,-26.920267,maxweight,4,Rua Anfilóquio Nunes Pires
-48.677329,-26.920294,maxweight,25,Rua Indaial
-52.987627,-26.920384,maxwidth,3.5,
-52.987533,-26.920403,maxwidth,3.5,
-52.987539,-26.920414,maxheight,3,SC-160
-52.987634,-26.920421,maxheight,3,SC-160
-49.098069,-26.920523,maxheight,2,
-48.683926,-26.921060,maxweight,25,Rua José Pereira Liberato
-49.788680,-26.921214,maxweight,45,Rua Udo Weingaertner
-48.970977,-26.921240,maxweight,4,Rua Doutor Nereu Ramos
-48.707949,-26.921771,maxheight,6.3,Marginal da BR-101
-48.969144,-26.923050,maxweight,4,Rua Doutor Nereu Ramos
-48.682502,-26.923522,maxweight,25,Rua José Pereira Liberato
-49.063920,-26.923647,maxheight,1.95,
-48.675380,-26.923769,maxweight,25,Rua Nivaldo Detoie
-48.676090,-26.924045,maxweight,25,Rua Egon Müller
-48.676191,-26.924045,maxheight,12,
-48.652323,-26.924255,maxweight,25,Rua Amaro Jaques
-49.118481,-26.925248,maxweight,4,Rua Helena Herkenhoff
-48.952237,-26.925366,maxweight,10,Rua Itajaí
-48.932439,-26.925387,maxweight,45,Avenida Deputado Francisco Mastela
-48.654109,-26.925711,maxweight,25,Rua Amaro Jaques
-48.894122,-26.926083,maxweight,45,Rodovia Jorge Lacerda
-48.952379,-26.926137,maxweight,10,Rua Itajaí
-48.674240,-26.926335,maxweight,25,Rua Vereador Abílio Otávio do Canto
-48.705948,-26.926545,maxheight,5.7,Rodovia Governador Mário Covas
-53.007739,-26.926655,maxweight,45,Rua Anita Garibaldi
-48.676481,-26.926662,maxweight,25,Rua José Siqueira
-48.705427,-26.927223,maxheight,5.6,Rodovia Governador Mário Covas
-48.952453,-26.927340,maxweight,4,Rua Coronel Aristiliano Ramos
-48.932536,-26.927922,maxweight,45,Avenida Deputado Francisco Mastela
-48.954358,-26.928067,maxweight,4,Rua Coronel Aristiliano Ramos
-48.958055,-26.928181,maxweight,10,Ponte Hercílio Decke
-48.953210,-26.928549,maxweight,4,Rua Eurico Pontes
-49.056824,-26.928634,maxheight,2.2,
-48.956660,-26.928843,maxweight,4,Rua Coronel Aristiliano Ramos
-48.957437,-26.929003,maxweight,4,Rua Coronel Aristiliano Ramos
-48.932801,-26.929232,maxweight,45,Avenida Deputado Francisco Mastela
-48.958271,-26.929334,maxweight,4,Rua Coronel Aristiliano Ramos
-48.933032,-26.929684,maxweight,45,Avenida Deputado Francisco Mastela
-48.959091,-26.929957,maxweight,4,Rua Coronel Aristiliano Ramos
-48.958564,-26.930038,maxheight,2.4,
-48.933374,-26.930099,maxweight,45,Avenida Deputado Francisco Mastela
-48.959298,-26.930344,maxheight,2.4,
-48.933990,-26.930651,maxweight,45,Avenida Deputado Francisco Mastela
-48.947571,-26.930722,maxweight,25,Rua Barão do Rio Branco
-48.934720,-26.931070,maxweight,45,Avenida Deputado Francisco Mastela
-48.935260,-26.931283,maxweight,45,Avenida Deputado Francisco Mastela
-48.959421,-26.931421,maxheight,4.5,Rua Mário Vanzuíta
-48.959358,-26.931430,maxweight,4,Avenida das Comunidades
-48.937472,-26.931468,maxweight,45,Avenida Deputado Francisco Mastela
-48.703665,-26.931517,maxheight,5.7,Rodovia Governador Mário Covas
-48.939850,-26.931626,maxweight,45,Avenida Deputado Francisco Mastela
-48.940282,-26.931650,maxweight,45,Avenida Deputado Francisco Mastela
-48.940629,-26.931666,maxweight,45,Avenida Deputado Francisco Mastela
-48.941106,-26.931688,maxweight,45,Avenida Deputado Francisco Mastela
-48.945601,-26.931701,maxweight,25,
-48.941493,-26.931705,maxweight,45,Avenida Deputado Francisco Mastela
-48.942626,-26.931752,maxweight,45,Avenida Deputado Francisco Mastela
-48.943789,-26.931799,maxweight,45,Avenida Deputado Francisco Mastela
-48.944095,-26.931809,maxweight,45,Avenida Deputado Francisco Mastela
-48.944330,-26.931815,maxweight,45,Avenida Deputado Francisco Mastela
-48.945311,-26.931856,maxweight,25,
-48.944965,-26.932165,maxweight,25,
-48.642640,-26.932238,maxheight,3.8,Rua Hudo Pereira
-48.643194,-26.932274,maxheight,3.8,Rua Hudo Pereira
-48.642811,-26.932364,maxheight,3.8,Rua Hudo Pereira
-48.690040,-26.932692,maxweight,10,Avenida Vereador Nilo Simas
-48.691859,-26.933472,maxweight,10,Rua Mônica Gizele Elísio
-48.691638,-26.933760,maxweight,10,Rua Mônica Gizele Elísio
-53.609816,-26.934202,maxweight,57,Rodovia Aurélio Francisco Marconatto
-48.695693,-26.934850,maxheight,2.2,Rua Erna Hoier Corrêa
-53.610584,-26.935242,maxweight,57,Rodovia Aurélio Francisco Marconatto
-53.610754,-26.935552,maxweight,57,Rodovia Aurélio Francisco Marconatto
-53.611047,-26.936080,maxweight,57,Rodovia Aurélio Francisco Marconatto
-53.611415,-26.936669,maxweight,57,Rodovia Aurélio Francisco Marconatto
-48.697982,-26.937136,maxheight,5.7,
-48.698142,-26.937246,maxheight,5.7,
-49.181842,-26.937325,maxheight,2.1,Ponte de madeira coberta Encano
-48.697844,-26.937437,maxheight,5.7,
-48.697932,-26.937493,maxheight,5.7,
-53.612574,-26.937745,maxweight,57,Rodovia Aurélio Francisco Marconatto
-53.614117,-26.938809,maxweight,57,Rodovia Aurélio Francisco Marconatto
-53.614917,-26.939231,maxweight,57,Rodovia Aurélio Francisco Marconatto
-53.615310,-26.939436,maxweight,57,Rodovia Aurélio Francisco Marconatto
-53.616252,-26.939957,maxweight,57,Rodovia Aurélio Francisco Marconatto
-53.617935,-26.941042,maxweight,57,Rodovia Aurélio Francisco Marconatto
-49.290345,-26.941342,maxheight,1.6,Ponte Pênsil do Warnow
-53.619497,-26.942433,maxweight,57,Rodovia Aurélio Francisco Marconatto
-48.930207,-26.942776,maxweight,25,
-48.714971,-26.943566,maxheight,5.5,
-48.715218,-26.943690,maxheight,5.5,
-48.715381,-26.943777,maxheight,5.5,
-48.722090,-26.943861,maxweight,25,Rua Protásio Wippel
-53.620763,-26.944032,maxweight,57,Rodovia Aurélio Francisco Marconatto
-49.072114,-26.944494,maxheight,2.2,
-48.720090,-26.944633,maxweight,25,Rua Artur Fermiano Teixeira
-49.072409,-26.944683,maxheight,2.2,
-49.072598,-26.944931,maxheight,2.2,
-53.622001,-26.945580,maxweight,57,Rodovia Aurélio Francisco Marconatto
-48.734979,-26.946314,maxheight,5.5,Rodovia Antônio Heil
-48.735779,-26.946493,maxheight,5.5,Rodovia Antônio Heil
-53.623234,-26.946660,maxweight,57,Rodovia Aurélio Francisco Marconatto
-53.629608,-26.951281,maxweight,57,Rodovia Aurélio Francisco Marconatto
-48.679537,-26.952817,maxheight,6,
-48.760696,-26.953018,maxheight,5.5,
-48.760868,-26.953134,maxheight,5.5,
-48.761020,-26.953244,maxheight,5.5,
-49.287007,-26.954354,maxweight,15,Rua Marechal Deodoro da Fonseca
-49.375006,-26.957263,maxweight,3,Travessa Zonta
-49.374739,-26.957530,maxheight,2.5,Travessa Zonta
-53.635603,-26.961743,maxweight,57,Rodovia Aurélio Francisco Marconatto
-48.799414,-26.966521,maxweight,15,Rua Vergílio Cadore
-49.046537,-26.975064,maxweight,4,Rua da Glória
-48.680081,-26.979204,maxheight,6,Rodovia Governador Mário Covas
-48.677404,-26.981302,maxheight,6,Rodovia Governador Mário Covas
-48.676406,-26.981460,maxheight,6,Rodovia Governador Mário Covas
-48.643134,-26.983959,maxheight,5,Avenida Martin Luther
-48.642754,-26.984396,maxheight,5,Avenida Martin Luther
-48.642455,-26.984759,maxheight,5,Avenida Martin Luther
-48.642255,-26.985095,maxheight,5,Avenida Martin Luther
-48.643276,-26.990636,maxheight,5.5,Avenida do Estado
-48.906274,-26.992191,maxweight,10,Rodovia Ivo Silveira
-51.413951,-26.996053,maxheight,4.6,Rua Doutor Gaspar Coutinho
-48.654580,-26.996626,maxheight,5.5,Rua Vitório Müller
-48.654708,-26.996892,maxheight,5.5,Rua Vitório Müller
-48.891112,-26.997540,maxweight,4,Rua João Barbieri
-52.644879,-26.998670,maxheight,7.2,Rodovia Ulysses Guimarães
-48.645964,-26.999216,maxheight,5.4,Avenida do Estado
-52.646448,-26.999357,maxheight,7.2,Rodovia Ulysses Guimarães
-52.646183,-26.999397,maxheight,7.2,
-48.646072,-26.999455,maxheight,5.4,Avenida Santa Catarina
-52.646292,-26.999621,maxheight,7.2,Rodovia Ulysses Guimarães
-48.638024,-27.001441,maxheight,4.5,
-48.637855,-27.001620,maxheight,4.5,
-48.638143,-27.001634,maxheight,4.5,
-48.637868,-27.001949,maxheight,4.5,
-52.644662,-27.002387,maxheight,5.5,Acesso Plínio Arlindo de Nês
-48.633999,-27.002571,maxheight,7.5,Avenida Marginal Leste
-52.644298,-27.002730,maxheight,5.5,Acesso Plínio Arlindo de Nês
-48.634902,-27.002758,maxheight,7.5,
-48.634596,-27.002989,maxheight,7.5,Avenida Marginal Oeste
-48.633077,-27.003064,maxheight,6,Rodovia Governador Mário Covas
-48.633192,-27.003120,maxheight,5.9,Rodovia Governador Mário Covas
-52.643805,-27.003637,maxheight,5.5,Avenida Pedro Giordano Cella
-48.630590,-27.003902,maxheight,5,
-48.630438,-27.003925,maxheight,5,
-52.643897,-27.004614,maxheight,5.5,Marginal Oeste Plínio Arlindo de Nês
-48.621989,-27.006217,maxheight,3.1,Rua 3700
-48.622203,-27.006455,maxheight,3.1,Rua Dom Afonso
-48.614612,-27.010651,maxheight,5.4,Rodovia Governador Mário Covas
-48.614843,-27.010800,maxheight,5.5,Avenida Marginal Oeste
-48.614640,-27.010938,maxheight,5.9,Rodovia Governador Mário Covas
-48.614056,-27.011248,maxheight,7.1,
-48.614645,-27.011378,maxheight,5.5,Rua Jerônimo Leitão
-48.610404,-27.018603,maxheight,4.5,
-49.641241,-27.021140,maxweight,10,
-48.608629,-27.021448,maxheight,6,Avenida Marginal Leste
-48.608735,-27.021626,maxheight,6,Rodovia Governador Mário Covas
-48.608175,-27.022885,maxheight,5.7,Rodovia Governador Mário Covas
-48.608458,-27.022887,maxheight,6.3,Avenida Marginal Oeste
-48.606930,-27.025032,maxheight,5.5,Rodovia Governador Mário Covas
-48.606927,-27.025345,maxheight,5.7,Rodovia Governador Mário Covas
-48.605730,-27.027480,maxheight,5.5,Avenida Marginal Leste
-48.605911,-27.028594,maxheight,5.5,Rodovia Governador Mário Covas
-49.594604,-27.031160,maxweight,1,
-49.392379,-27.034605,maxheight,2.2,
-55.230924,-27.040012,maxheight,5.3,Ruta Nacional 12
-49.610130,-27.041456,maxheight,5,Rua Mirador
-48.600536,-27.042849,maxheight,5.5,Rodovia Governador Mário Covas
-55.238540,-27.044933,maxheight,5.3,Ruta Nacional 12
-55.154410,-27.046707,maxweight,5,Ruta Provincial 7
-49.622182,-27.047356,maxweight,4,Rua Otto Muehlausen
-49.620377,-27.047416,maxweight,4,Rua Padre Moacir José Moser
-55.243952,-27.047832,maxheight,5.3,Ruta Nacional 12
-55.244798,-27.048254,maxheight,5.3,Ruta Nacional 12
-55.245768,-27.048769,maxheight,5.3,Ruta Nacional 12
-55.246806,-27.049457,maxheight,5.3,Ruta Nacional 12
-55.248725,-27.051097,maxheight,5.3,Ruta Nacional 12
-49.621991,-27.051548,maxheight,3.4,Rua Padre Franz
-55.250414,-27.052571,maxheight,5.3,Ruta Nacional 12
-48.872206,-27.052901,maxheight,5.5,
-48.872394,-27.053144,maxheight,5.5,
-48.873788,-27.055013,maxheight,5.5,
-48.873870,-27.055128,maxheight,5.5,
-48.597238,-27.058095,maxheight,6,Marginal da BR-101
-48.597308,-27.058601,maxheight,5.5,Rodovia Governador Mário Covas
-48.597476,-27.058669,maxheight,6,Rodovia Governador Mário Covas
-55.012783,-27.058902,maxweight,35,Ruta Provincial 7
-55.011457,-27.058919,maxheight,35,Ruta Provincial 7
-55.015025,-27.058949,maxheight,35,Ruta Provincial 7
-52.635085,-27.059042,maxheight,5.5,Acesso Plínio Arlindo de Nês
-48.596788,-27.059069,maxheight,6,Marginal da BR-101
-70.806486,-27.060202,maxheight,4.2,Ruta 5 Norte
-52.634179,-27.061204,maxheight,5.5,Marginal Leste Plínio Arlindo de Nês
-52.634268,-27.061446,maxheight,5.5,Acesso Plínio Arlindo de Nês
-48.596150,-27.061812,maxheight,4.5,
-70.807764,-27.062068,maxheight,4.2,Ruta 5 Norte
-52.633303,-27.062319,maxheight,5.5,Acesso Plínio Arlindo de Nês
-52.633352,-27.062533,maxheight,5.5,Marginal Oeste Plínio Arlindo de Nês
-52.632658,-27.062850,maxheight,5.5,Acesso Plínio Arlindo de Nês
-52.631988,-27.063368,maxheight,5.5,Acesso Plínio Arlindo de Nês
-52.915689,-27.063913,maxweight,45,Rodovia Plínio Arlindo de Nes
-52.631251,-27.063983,maxheight,5.5,
-70.807799,-27.064211,maxheight,4.2,Ruta 5 Norte
-70.807940,-27.064344,maxheight,4.2,Ruta 5 Norte
-48.878821,-27.064446,maxweight,25,Rua Alberto Müller
-52.913657,-27.064825,maxweight,45,Rodovia Plínio Arlindo de Nes
-52.927976,-27.065629,maxweight,45,Rodovia Plínio Arlindo de Nes
-52.939691,-27.067636,maxweight,45,Rodovia Plínio Arlindo de Nes
-52.978964,-27.068489,maxweight,45,Rodovia Plínio Arlindo de Nes
-52.895298,-27.069243,maxweight,45,Rodovia Plínio Arlindo de Nes
-52.974094,-27.069289,maxweight,45,Rodovia Plínio Arlindo de Nes
-52.943385,-27.069324,maxweight,45,Rodovia Plínio Arlindo de Nes
-48.889485,-27.069817,maxheight,4.5,Avenida Governador Luiz Henrique da Silveira
-48.889658,-27.069970,maxheight,4.5,Avenida Governador Luiz Henrique da Silveira
-52.970772,-27.070092,maxweight,45,Rodovia Plínio Arlindo de Nes
-48.889324,-27.070399,maxheight,4.2,Avenida Bepe Rosa
-52.969015,-27.071324,maxweight,45,Rodovia Plínio Arlindo de Nes
-52.949066,-27.072081,maxweight,45,Rodovia Plínio Arlindo de Nes
-53.234218,-27.072125,maxweight,45,Rodovia Darci Lazzaretti
-52.865986,-27.072265,maxweight,45,Rua do Comércio
-52.862000,-27.072753,maxweight,45,Rua do Comércio
-51.662888,-27.073090,maxheight,5.5,Rodovia Ulysses Guimarães
-52.857813,-27.073142,maxweight,45,Rua do Comércio
-52.960129,-27.073449,maxweight,45,Rodovia Plínio Arlindo de Nes
-52.870600,-27.073925,maxweight,45,Rodovia Plínio Arlindo de Nes
-52.877009,-27.074031,maxweight,45,Rodovia Plínio Arlindo de Nes
-52.875339,-27.075550,maxweight,45,Rodovia Plínio Arlindo de Nes
-52.992183,-27.075981,maxweight,45,Rodovia Plínio Arlindo de Nes
-52.767288,-27.077958,maxweight,45,Rodovia Plínio Arlindo de Nes
-53.048822,-27.078250,maxweight,45,Rodovia Plínio Arlindo de Nes
-53.046215,-27.079137,maxweight,45,Rodovia Plínio Arlindo de Nes
-53.043143,-27.079306,maxweight,45,Rodovia Plínio Arlindo de Nes
-53.055522,-27.079443,maxweight,45,Avenida dos Estados
-53.034947,-27.079984,maxweight,45,Rodovia Plínio Arlindo de Nes
-48.922717,-27.080082,maxweight,10,Rua Medeiros
-53.055988,-27.080208,maxweight,45,Rodovia Plínio Arlindo de Nes
-52.772276,-27.080754,maxweight,45,Rodovia Plínio Arlindo de Nes
-53.025065,-27.080910,maxweight,45,Rodovia Plínio Arlindo de Nes
-52.773052,-27.081204,maxweight,45,Rodovia Plínio Arlindo de Nes
-52.773371,-27.081391,maxweight,45,Rodovia Plínio Arlindo de Nes
-53.020032,-27.081694,maxweight,45,Rodovia Plínio Arlindo de Nes
-52.774269,-27.081891,maxweight,45,Rodovia Plínio Arlindo de Nes
-52.847342,-27.082039,maxweight,45,Rodovia Plínio Arlindo de Nes
-48.908701,-27.082339,maxheight,4.5,Avenida Governador Luiz Henrique da Silveira
-53.017403,-27.082440,maxweight,45,Rodovia Plínio Arlindo de Nes
-53.016971,-27.082655,maxweight,45,Rodovia Plínio Arlindo de Nes
-53.016724,-27.082732,maxweight,45,Rodovia Plínio Arlindo de Nes
-53.015573,-27.083013,maxweight,45,Rodovia Plínio Arlindo de Nes
-48.912631,-27.083015,maxweight,4,Rua Antônio Maffezzolli
-52.776511,-27.083131,maxweight,45,Rodovia Plínio Arlindo de Nes
-53.014418,-27.083331,maxweight,45,Rodovia Plínio Arlindo de Nes
-52.778236,-27.084087,maxweight,45,Rodovia Plínio Arlindo de Nes
-52.779075,-27.084476,maxweight,45,Rodovia Plínio Arlindo de Nes
-54.831675,-27.084944,maxheight,4.5,Ruta Nacional 14
-52.784403,-27.085890,maxweight,45,Rodovia Plínio Arlindo de Nes
-52.791114,-27.087884,maxweight,45,Rodovia Plínio Arlindo de Nes
-48.908822,-27.087936,maxweight,10,Rua França
-52.793740,-27.089121,maxweight,45,Rodovia Plínio Arlindo de Nes
-52.794482,-27.089589,maxweight,45,Rodovia Plínio Arlindo de Nes
-53.077687,-27.089796,maxweight,45,Rodovia Plínio Arlindo de Nes
-48.907610,-27.089931,maxweight,10,Rua França
-52.795968,-27.089997,maxweight,45,Rodovia Plínio Arlindo de Nes
-48.615153,-27.090073,maxheight,3.4,Rua 800
-48.615118,-27.090248,maxheight,3.4,Rua 112
-52.799374,-27.090285,maxweight,45,Rodovia Plínio Arlindo de Nes
-52.719071,-27.090579,maxweight,45,Rodovia Plínio Arlindo de Nes
-52.803064,-27.090875,maxweight,45,Rodovia Plínio Arlindo de Nes
-48.907511,-27.090961,maxheight,4.5,Avenida Governador Luiz Henrique da Silveira
-53.075967,-27.091196,maxweight,45,Rodovia Plínio Arlindo de Nes
-52.808301,-27.091475,maxweight,45,Rodovia Plínio Arlindo de Nes
-52.806216,-27.091515,maxweight,45,Rodovia Plínio Arlindo de Nes
-52.717047,-27.091547,maxweight,45,Rodovia Plínio Arlindo de Nes
-53.075402,-27.091670,maxweight,45,Rodovia Plínio Arlindo de Nes
-52.838687,-27.092190,maxweight,45,Rodovia Plínio Arlindo de Nes
-48.914566,-27.092191,maxweight,25,Rua Felipe Schmidt
-52.715666,-27.092211,maxweight,45,Rodovia Plínio Arlindo de Nes
-53.074444,-27.092261,maxweight,45,Rodovia Plínio Arlindo de Nes
-52.715411,-27.092332,maxweight,45,Rodovia Plínio Arlindo de Nes
-52.813529,-27.092449,maxweight,45,Rodovia Plínio Arlindo de Nes
-52.715156,-27.092452,maxweight,45,Rodovia Plínio Arlindo de Nes
-52.714763,-27.092641,maxweight,45,Rodovia Plínio Arlindo de Nes
-52.818957,-27.092679,maxweight,45,Rodovia Plínio Arlindo de Nes
-52.820687,-27.092738,maxweight,45,Rodovia Plínio Arlindo de Nes
-48.902759,-27.092849,maxheight,4.7,
-52.713853,-27.093079,maxweight,45,Rodovia Plínio Arlindo de Nes
-48.919583,-27.093367,maxweight,10,Rua João Bauer
-48.914367,-27.093427,maxweight,10,Rua Felipe Schmidt
-52.822500,-27.093471,maxweight,45,Rodovia Plínio Arlindo de Nes
-52.711938,-27.094000,maxweight,45,Rodovia Plínio Arlindo de Nes
-52.840138,-27.094052,maxweight,45,Rodovia Plínio Arlindo de Nes
-48.914455,-27.094252,maxweight,10,Rua Felipe Schmidt
-52.710086,-27.094892,maxweight,45,Rodovia Plínio Arlindo de Nes
-52.839185,-27.095167,maxweight,45,Rodovia Plínio Arlindo de Nes
-52.709411,-27.095214,maxweight,45,Rodovia Plínio Arlindo de Nes
-52.694786,-27.095259,maxweight,45,Rodovia Plínio Arlindo de Nes
-52.709100,-27.095359,maxweight,45,Rodovia Plínio Arlindo de Nes
-52.695625,-27.095389,maxweight,45,Rodovia Plínio Arlindo de Nes
-52.708402,-27.095691,maxweight,45,Rodovia Plínio Arlindo de Nes
-52.698963,-27.095955,maxweight,45,Rodovia Plínio Arlindo de Nes
-52.707409,-27.096160,maxweight,45,Rodovia Plínio Arlindo de Nes
-52.825813,-27.096280,maxweight,45,Rodovia Plínio Arlindo de Nes
-52.702091,-27.096484,maxweight,45,Rodovia Plínio Arlindo de Nes
-52.705723,-27.096604,maxweight,45,Rodovia Plínio Arlindo de Nes
-52.702685,-27.096616,maxweight,45,Rodovia Plínio Arlindo de Nes
-52.703064,-27.096646,maxweight,45,Rodovia Plínio Arlindo de Nes
-52.704080,-27.096781,maxweight,45,Rodovia Plínio Arlindo de Nes
-52.703798,-27.096826,maxweight,45,Rodovia Plínio Arlindo de Nes
-52.704219,-27.096834,maxweight,45,Rodovia Plínio Arlindo de Nes
-52.835526,-27.096965,maxweight,45,Rodovia Plínio Arlindo de Nes
-48.921478,-27.097196,maxweight,10,Avenida das Comunidades
-48.920413,-27.097460,maxweight,10,Avenida das Comunidades
-48.926231,-27.097542,maxweight,25,Avenida Cyro Gevaerd
-48.918276,-27.097800,maxweight,10,Avenida das Comunidades
-48.618329,-27.097836,maxheight,5.9,Rodovia Governador Mário Covas
-52.647700,-27.097923,maxheight,5.5,Acesso Ernani Sander
-48.917031,-27.098159,maxweight,10,Avenida Monte Castelo
-48.926819,-27.098302,maxweight,25,Avenida Cyro Gevaerd
-52.832250,-27.098411,maxweight,45,Rodovia Plínio Arlindo de Nes
-52.829520,-27.098418,maxweight,45,Rodovia Plínio Arlindo de Nes
-52.831384,-27.098457,maxweight,45,Rodovia Plínio Arlindo de Nes
-52.647250,-27.098507,maxheight,5.5,Avenida Leopoldo Sander
-48.617865,-27.098577,maxheight,6.2,Rodovia Governador Mário Covas
-48.618839,-27.099141,maxheight,6.9,Marginal Oeste da BR-101
-48.916191,-27.099193,maxweight,10,Rua Adriano Schaeffer
-48.914381,-27.099256,maxweight,10,Rua Adriano Schaeffer
-48.618259,-27.099630,maxheight,7.3,Marginal Leste da BR-101
-48.917115,-27.099693,maxweight,10,Rua Conselheiro Rui Barbosa
-48.914122,-27.099925,maxheight,4.2,Avenida Arno Carlos Gracher
-48.913837,-27.100750,maxheight,4.2,Avenida Bepe Rosa
-48.917136,-27.101125,maxheight,4.4,Avenida Bepe Rosa
-48.919001,-27.102170,maxheight,4.4,Avenida Bepe Rosa
-48.614782,-27.106289,maxheight,5.3,
-48.919521,-27.112785,maxweight,4,Rua Azambuja
-48.609351,-27.117860,maxheight,4.5,
-48.609258,-27.118126,maxheight,4.5,
-70.801324,-27.119341,maxheight,4.2,Ruta 5 Norte
-70.801159,-27.119747,maxheight,4.2,Ruta 5 Norte
-48.609646,-27.123799,maxheight,3.2,
-48.609540,-27.125124,maxheight,5.5,Rodovia Governador Mário Covas
-48.609897,-27.125432,maxheight,3.2,
-48.609450,-27.125750,maxheight,5.5,Rodovia Governador Mário Covas
-48.609941,-27.125799,maxheight,5.5,
-48.609324,-27.126261,maxheight,6,Marginal Leste da BR-101
-48.609769,-27.126351,maxheight,5.5,
-48.609848,-27.132605,maxheight,3.4,
-48.610267,-27.132713,maxheight,3.4,
-48.900394,-27.132828,maxweight,20,Rua Florianópolis
-48.511225,-27.137553,maxweight,23,Avenida Leopoldo Zarling
-48.507715,-27.141160,maxweight,23,Avenida Leopoldo Zarling
-48.504238,-27.144619,maxweight,23,Avenida Leopoldo Zarling
-48.502524,-27.145806,maxweight,23,Avenida Leopoldo Zarling
-48.589779,-27.146089,maxweight,20,
-48.500785,-27.146939,maxweight,23,Avenida Leopoldo Zarling
-48.500367,-27.147123,maxweight,23,Avenida Leopoldo Zarling
-48.499992,-27.147230,maxweight,23,Avenida Leopoldo Zarling
-48.499724,-27.147275,maxweight,23,
-48.499603,-27.147294,maxweight,23,Avenida Vereador Manoel José dos Santos
-49.532221,-27.148336,maxheight,2.1,
-48.499252,-27.148548,maxheight,4.5,Avenida Vereador Manoel José dos Santos
-53.904025,-27.153195,maxheight,5.2,Ruta Provincial 2
-48.610991,-27.159435,maxheight,5.4,Rodovia Governador Mário Covas
-48.564031,-27.161567,maxweight,10,Avenida Francisco Severiano dos Santos
-48.581108,-27.161989,maxweight,15,Avenida José Neoli Cruz
-48.578748,-27.162178,maxweight,10,Rua Izidoro Bernardino Batista
-48.610907,-27.162748,maxheight,5.5,Marginal da BR-101
-48.611447,-27.163374,maxheight,6.1,Marginal da BR-101
-48.574381,-27.164646,maxweight,10,Rua Izidoro Bernardino Batista
-48.611411,-27.166284,maxheight,5.4,Rodovia Governador Mário Covas
-48.611295,-27.166451,maxheight,5.4,Rodovia Governador Mário Covas
-48.591783,-27.175673,maxweight,15,Avenida José Neoli Cruz
-48.605218,-27.175926,maxweight,15,Rua Nilo César Estêvão de Souza
-53.716580,-27.182805,maxweight,187.13,Balsa Pinheirinho do Vale - Itapiranga
-53.717255,-27.183035,maxweight,187.13,Balsa Itapiranga - Barra do Guarita
-53.714881,-27.185024,maxweight,187.13,Travessia Basílio da Gama - Barra do Guarita
-48.745424,-27.187896,maxweight,45,Rua Geral Oliveira
-49.582305,-27.187917,maxheight,1.6,Ponte Pênsil Albino Rosemann
-48.623976,-27.188692,maxheight,6,Rua Manoel Amâncio
-49.619612,-27.190098,maxheight,2.5,Estrada Itoupava
-48.612392,-27.191075,maxheight,6.1,Rodovia Governador Mário Covas
-48.612544,-27.191601,maxheight,6.1,Rodovia Governador Mário Covas
-49.651755,-27.209420,maxheight,3.5,Estrada Boa Esperança
-49.650584,-27.210316,maxheight,4.9,Rua Rinaldo Mezadri
-49.651221,-27.210559,maxweight,29,Rua Princesa Isabel
-49.650198,-27.210648,maxweight,29,Elevado Deputado José Thomé
-49.651105,-27.210649,maxweight,29,Elevado Deputado José Thomé
-48.621306,-27.212031,maxheight,2.1,
-49.648275,-27.216004,maxheight,2.5,Ponte Viriato Alves Garcia
-49.646827,-27.222283,maxheight,4.5,Ponte dos Arcos
-49.651198,-27.222330,maxweight,29,
-49.648653,-27.222399,maxweight,29,Rua Professor João Conrado Stoll
-49.648166,-27.222434,maxweight,29,Rua Professor João Conrado Stoll
-49.651125,-27.222458,maxweight,29,
-48.629505,-27.230858,maxheight,4.4,
-52.024951,-27.230895,maxweight,4,Rua do Comércio
-52.024111,-27.231079,maxweight,4,Rua Anita Garibaldi
-49.672591,-27.233736,maxheight,2,Ponte Pênsil
-48.630635,-27.240555,maxheight,4,
-48.630747,-27.242539,maxheight,9.5,Rua Coronel Büchelle
-48.630863,-27.244396,maxheight,3,
-48.630652,-27.244854,maxheight,3,
-48.631062,-27.244879,maxheight,3,
-48.630668,-27.245174,maxheight,3,
-48.631103,-27.245256,maxheight,3,
-49.922969,-27.251349,maxweight,10,Rua Aírton Balá Felizardo
-49.922997,-27.252183,maxweight,10,Rua Ernesto Goulart
-49.923038,-27.253441,maxweight,10,Rua Jenny Schneider
-49.923066,-27.254270,maxweight,10,Rua Vilson Coelho Neto
-49.923648,-27.254470,maxweight,10,Rua Eugênio Albino
-49.923092,-27.255039,maxweight,10,Rua Catarina Reif
-49.923116,-27.255787,maxweight,10,
-48.647688,-27.256308,maxheight,4,Ponte Bulcão Viana
-49.923141,-27.256555,maxweight,10,
-49.923168,-27.257371,maxweight,10,
-58.971395,-27.257611,maxwidth,1,Ingreso Jardín
-58.971076,-27.257656,maxwidth,1,Ingreso Escuela 12
-58.971089,-27.257983,maxwidth,1,Ingreso Cef
-58.969074,-27.258503,maxwidth,1,
-50.444151,-27.263693,maxheight,7.2,BR-116
-55.535265,-27.264221,maxheight,5.3,Ruta Nacional 12
-49.934516,-27.264360,maxweight,10,
-48.794816,-27.270850,maxweight,10,Rua Pedro Voltolini
-48.852951,-27.273364,maxweight,40,Rua Evy Egídio Cordeiro
-48.852319,-27.273429,maxweight,40,Rua Augusto Correia Neto
-48.852452,-27.273909,maxweight,40,Rua João Vicente Gomes
-48.852525,-27.274447,maxweight,40,Rua João Vicente Gomes
-48.850418,-27.276301,maxweight,10,Rua Padre Januário
-52.336444,-27.279818,maxweight,120,Tirolesa
-49.783008,-27.286747,maxweight,45,Avenida Arthur Muller
-49.782949,-27.287336,maxweight,45,Avenida Arthur Muller
-49.782768,-27.289138,maxweight,45,Avenida Arthur Muller
-49.785229,-27.293905,maxweight,45,Avenida Arthur Muller
-54.193692,-27.298141,maxheight,5.2,
-54.193654,-27.298233,maxheight,5.2,
-49.790989,-27.298929,maxweight,45,Avenida Arthur Muller
-48.631834,-27.300528,maxheight,5.8,Rodovia Governador Mário Covas
-55.537580,-27.300907,maxheight,5.3,Ruta Nacional 12
-55.537685,-27.301366,maxheight,5.3,Ruta Nacional 12
-48.632013,-27.302264,maxheight,6,
-70.493482,-27.307912,maxheight,4.2,Ruta 5 Norte
-70.494545,-27.309068,maxheight,4.2,Ruta 5 Norte
-70.743730,-27.310511,maxheight,4.2,Ruta 5 Norte
-70.743882,-27.310600,maxheight,4.2,Ruta 5 Norte
-70.507881,-27.313876,maxheight,4.2,Ruta 5 Norte
-70.509742,-27.314374,maxheight,4.2,Ruta 5 Norte
-70.511176,-27.314610,maxheight,4.2,Ruta 5 Norte
-48.629954,-27.317974,maxheight,5.8,Rodovia Governador Mário Covas
-70.534863,-27.321142,maxheight,4.2,Ruta 5 Norte
-70.535866,-27.321262,maxheight,4.2,Ruta 5 Norte
-55.058558,-27.328338,maxheight,5.4,Ruta Nacional 14
-65.581607,-27.328931,maxheight,3,
-48.627272,-27.334454,maxheight,5.8,Rodovia Governador Mário Covas
-48.627314,-27.335058,maxheight,5.8,Rodovia Governador Mário Covas
-65.583945,-27.335222,maxheight,3,
-48.627337,-27.335717,maxheight,5.8,Rodovia Governador Mário Covas
-70.598317,-27.338134,maxheight,4.2,Ruta 5 Norte
-70.599042,-27.338178,maxheight,4.2,Ruta 5 Norte
-48.630178,-27.342256,maxheight,5.8,Rodovia Governador Mário Covas
-70.654211,-27.352937,maxheight,4.2,Ruta 5 Norte
-70.654713,-27.353196,maxheight,4.2,Ruta 5 Norte
-70.655234,-27.353209,maxheight,4.2,Ruta 5 Norte
-48.650262,-27.362391,maxweight,10,
-55.894075,-27.363569,maxheight,2.5,
-55.857700,-27.365212,maxheight,2,Don Victorino Arce
-48.660760,-27.368211,maxheight,6,Contorno Viário de Florianópolis
-48.661362,-27.369533,maxheight,6,Contorno Viário de Florianópolis
-55.884532,-27.377711,maxheight,5.2,Acceso a RN105
-48.630775,-27.378649,maxheight,5.1,
-55.884487,-27.378745,maxheight,5.2,Acceso a Posadas
-55.884735,-27.379348,maxheight,5.2,Retorno Sur
-55.884717,-27.379367,maxheight,5.2,Acceso a RN105
-55.884838,-27.379909,maxheight,5.2,Retorno Sur
-55.582040,-27.380519,maxheight,5.3,Ruta Nacional 12
-55.583143,-27.381308,maxheight,5.3,Ruta Nacional 12
-55.884965,-27.381530,maxheight,5.2,Avenida Acceso Sur
-48.631070,-27.382402,maxheight,5.9,Rodovia Governador Mário Covas
-48.630955,-27.383149,maxheight,5.8,Marginal da BR-101
-55.887306,-27.383180,maxheight,4.8,Avenida Costanera
-55.887082,-27.383186,maxheight,4.8,Avenida Costanera
-55.886411,-27.384627,maxheight,5.3,Avenida Acceso Sur
-48.631543,-27.384678,maxheight,6,Marginal da BR-101
-55.886506,-27.385045,maxheight,5.3,Avenida Acceso Sur
-55.589675,-27.385168,maxheight,5.3,Ruta Nacional 12
-55.887379,-27.385511,maxheight,4.8,
-55.887501,-27.385523,maxheight,4.8,
-55.887414,-27.385583,maxheight,4.8,
-55.887550,-27.385611,maxheight,4.8,
-48.631338,-27.386050,maxheight,5.8,Rodovia Governador Mário Covas
-55.901227,-27.391228,maxheight,4,
-55.901139,-27.391269,maxheight,4,
-55.901165,-27.391325,maxheight,4,
-49.603673,-27.393056,maxweight,45,Rodovia Ministro Victor Konder
-49.603730,-27.396013,maxheight,2.7,
-55.909156,-27.397396,maxheight,4,
-65.978718,-27.400648,maxheight,4.8,Ruta Provincial 48
-48.629333,-27.401335,maxheight,4.2,
-48.629582,-27.401379,maxheight,4.2,
-48.629767,-27.401411,maxheight,4.2,
-55.914296,-27.401785,maxheight,3,
-55.914229,-27.401786,maxheight,3,
-49.827019,-27.406798,maxweight,23,Rua José Nazário
-49.828330,-27.412228,maxweight,23,Rua 13 de Agosto
-55.901553,-27.413184,maxheight,5.2,Colectora
-55.901422,-27.413795,maxheight,5.2,Colectora
-49.828233,-27.414103,maxweight,23,Rua Bruno Prochnow
-49.829472,-27.414122,maxweight,23,Rua Bruno Prochnow
-55.901072,-27.415127,maxheight,5.2,Colectora
-51.770996,-27.417851,maxweight,45,SC-390
-51.770467,-27.417930,maxweight,45,SC-390
-51.770734,-27.417945,maxweight,45,SC-390
-55.880046,-27.419716,maxheight,5.2,Avenida Acceso Sur
-48.625752,-27.419963,maxheight,2.5,
-55.899401,-27.421668,maxheight,5.2,Colectora
-48.625156,-27.421948,maxheight,5.7,
-48.625236,-27.422344,maxheight,5.5,Rodovia Governador Mário Covas
-48.625044,-27.422755,maxheight,6.2,Rodovia Governador Mário Covas
-48.625320,-27.422975,maxheight,5.8,Rua Alahyde Marçal Assumpção
-55.867167,-27.429104,maxheight,5.2,Avenida Acceso Sur
-55.397587,-27.432290,maxheight,4.5,Acceso a Mártires
-48.457971,-27.434479,maxweight,45,Rodovia José Carlos Daux
-48.457874,-27.434814,maxheight,5.5,Rodovia José Carlos Daux
-48.458179,-27.434822,maxweight,45,Rodovia José Carlos Daux
-58.904268,-27.434852,maxheight,3,Defensas Norte del Gran Resistencia
-48.458154,-27.435511,maxweight,45,Rodovia José Carlos Daux
-48.457879,-27.435576,maxweight,45,Rodovia José Carlos Daux
-48.458146,-27.436249,maxweight,45,Rodovia José Carlos Daux
-48.457960,-27.436347,maxweight,45,Rodovia José Carlos Daux
-48.458119,-27.436772,maxweight,45,Rodovia José Carlos Daux
-48.458079,-27.437049,maxweight,45,Rodovia José Carlos Daux
-48.457969,-27.437244,maxweight,45,Rodovia José Carlos Daux
-58.999484,-27.437249,maxheight,2.3,
-58.998896,-27.437413,maxheight,2.3,Pasaje Santa Fe
-58.998375,-27.437602,maxheight,2.3,
-48.457866,-27.439973,maxweight,45,Rodovia José Carlos Daux
-48.457934,-27.440628,maxweight,45,Rodovia José Carlos Daux
-48.457709,-27.443097,maxweight,45,Rodovia José Carlos Daux
-48.457646,-27.444302,maxweight,45,Rodovia José Carlos Daux
-48.457798,-27.444312,maxweight,45,Rodovia José Carlos Daux
-48.457521,-27.446783,maxweight,45,Rodovia José Carlos Daux
-55.903677,-27.446857,maxweight,10,Calle 194
-48.457650,-27.446883,maxweight,45,Rodovia José Carlos Daux
-48.424165,-27.447423,maxheight,5,
-48.457383,-27.449447,maxweight,45,Rodovia José Carlos Daux
-48.457485,-27.449725,maxweight,45,Rodovia José Carlos Daux
-48.457344,-27.450107,maxweight,45,Rodovia José Carlos Daux
-56.043086,-27.450999,maxheight,5.3,Ruta Nacional 12
-48.457294,-27.451135,maxweight,45,Rodovia José Carlos Daux
-48.457391,-27.451528,maxweight,45,Rodovia José Carlos Daux
-48.451886,-27.451831,maxheight,5,Travessa Olindina Vieira dos Santos
-48.451736,-27.452671,maxheight,5,
-48.457204,-27.452952,maxweight,45,Rodovia José Carlos Daux
-55.860737,-27.453007,maxheight,5.2,Avenida Acceso Sur
-55.860425,-27.453034,maxheight,5.2,Avenida Acceso Sur
-56.048051,-27.453625,maxheight,5.3,Ruta Nacional 12
-48.457282,-27.453802,maxweight,45,Rodovia José Carlos Daux
-56.048580,-27.453905,maxheight,5.3,Ruta Nacional 12
-55.862258,-27.454084,maxheight,5.2,Rotonda Ex Garita
-56.049171,-27.454218,maxheight,5.3,Ruta Nacional 12
-55.861356,-27.454486,maxheight,5.2,Rotonda Ex Garita
-48.635791,-27.454527,maxheight,4.5,
-48.457130,-27.454596,maxweight,45,Rodovia José Carlos Daux
-56.050227,-27.454777,maxheight,5.3,Ruta Nacional 12
-55.861126,-27.454898,maxheight,5.2,
-48.457232,-27.454960,maxweight,45,Rodovia José Carlos Daux
-48.457104,-27.455295,maxweight,45,Rodovia José Carlos Daux
-48.457219,-27.455298,maxweight,45,Rodovia José Carlos Daux
-48.457209,-27.455480,maxweight,45,Rodovia José Carlos Daux
-55.861574,-27.455492,maxheight,5.2,Enlace a Ruta Nacional 12
-48.457088,-27.455718,maxweight,45,Rodovia José Carlos Daux
-48.457186,-27.456092,maxweight,45,Rodovia José Carlos Daux
-55.857537,-27.456135,maxheight,5.2,Colectora Tita Merello
-55.856397,-27.456486,maxheight,5.2,Ruta Nacional 12
-48.457160,-27.456815,maxweight,45,Rodovia José Carlos Daux
-55.854595,-27.457151,maxheight,5.2,
-55.854672,-27.457256,maxheight,5.2,
-55.853529,-27.457610,maxheight,5.2,Ruta Nacional 12
-48.457401,-27.457825,maxweight,45,Rodovia José Carlos Daux
-55.853666,-27.457898,maxheight,5.2,Colectora Tita Merello
-55.827901,-27.459468,maxheight,5.2,Retorno
-55.842550,-27.460291,maxheight,5.2,Ruta Nacional 12
-55.842571,-27.460413,maxheight,5.2,Ruta Nacional 12
-48.459841,-27.461439,maxweight,45,Rodovia José Carlos Daux
-48.459537,-27.461530,maxweight,45,Rodovia José Carlos Daux
-48.720471,-27.463050,maxheight,6,Contorno Viário de Florianópolis
-50.122850,-27.463432,maxweight,45,Rodovia Coronel Aristiliano Laureano Ramos
-50.140108,-27.463679,maxweight,45,Ponte Zeca Pires
-48.640499,-27.463720,maxheight,5.4,Rodovia Governador Mário Covas
-54.344305,-27.463936,maxheight,5.2,Ruta Provincial 221
-48.461681,-27.464324,maxweight,45,Rodovia José Carlos Daux
-48.721376,-27.464418,maxheight,6,Contorno Viário de Florianópolis
-48.492705,-27.464558,maxweight,45,Rodovia Jornalista Maurício Sirotsky Sobrinho
-48.492668,-27.464657,maxweight,45,Rodovia Jornalista Maurício Sirotsky Sobrinho
-48.462001,-27.464685,maxweight,45,Rodovia José Carlos Daux
-59.045135,-27.464894,maxheight,2.5,
-51.902721,-27.465178,maxweight,4,
-48.463079,-27.465499,maxweight,45,Rodovia José Carlos Daux
-48.463232,-27.465783,maxweight,45,Rodovia José Carlos Daux
-55.797335,-27.466522,maxheight,5.2,Ruta Nacional 12
-48.465626,-27.466584,maxheight,4.6,Estrada Manoel Leôncio de Souza Brito
-48.465167,-27.466841,maxweight,45,Rodovia José Carlos Daux
-48.465314,-27.466886,maxheight,4.6,Estrada Manoel Leôncio de Souza Brito
-48.465115,-27.466908,maxweight,45,Rodovia José Carlos Daux
-55.785744,-27.467618,maxheight,5.2,Ruta Nacional 12
-48.641734,-27.467685,maxheight,5.4,Rodovia Governador Mário Covas
-48.467026,-27.468109,maxweight,45,Rodovia José Carlos Daux
-48.466966,-27.468166,maxweight,45,Rodovia José Carlos Daux
-58.860758,-27.468465,maxweight,45,Puente General Belgrano
-55.774440,-27.468652,maxheight,5.2,Ruta Nacional 12
-48.469116,-27.469885,maxweight,45,Rodovia José Carlos Daux
-48.469097,-27.469988,maxweight,45,Rodovia José Carlos Daux
-48.470676,-27.471225,maxweight,45,Rodovia José Carlos Daux
-48.470956,-27.471588,maxweight,45,Rodovia José Carlos Daux
-48.471467,-27.471903,maxweight,45,Rodovia José Carlos Daux
-48.471697,-27.472209,maxweight,45,Rodovia José Carlos Daux
-48.472376,-27.472683,maxweight,45,Rodovia José Carlos Daux
-48.479919,-27.476128,maxweight,45,Rodovia José Carlos Daux
-48.480269,-27.476456,maxweight,45,Rodovia José Carlos Daux
-48.491606,-27.479190,maxweight,45,Rodovia Jornalista Maurício Sirotsky Sobrinho
-48.488158,-27.480022,maxweight,45,Rodovia José Carlos Daux
-48.488072,-27.480083,maxweight,45,Rodovia José Carlos Daux
-48.489226,-27.480462,maxweight,45,Rodovia José Carlos Daux
-48.490368,-27.480934,maxweight,45,Rodovia José Carlos Daux
-48.491339,-27.481386,maxweight,45,Rodovia José Carlos Daux
-48.492067,-27.481597,maxweight,45,Rodovia José Carlos Daux
-48.494963,-27.482857,maxweight,45,Rodovia José Carlos Daux
-48.496045,-27.483399,maxweight,45,Rodovia José Carlos Daux
-48.496621,-27.483791,maxweight,45,Rodovia José Carlos Daux
-48.497249,-27.484373,maxweight,45,Rodovia José Carlos Daux
-48.649884,-27.487011,maxheight,4.8,
-48.499898,-27.487213,maxweight,45,Rodovia José Carlos Daux
-48.500713,-27.489261,maxweight,45,Rodovia José Carlos Daux
-48.502480,-27.490157,maxweight,45,Rodovia José Carlos Daux
-48.505000,-27.493296,maxweight,45,Rodovia José Carlos Daux
-48.656887,-27.496078,maxheight,5.5,Rua João Amorim Rosa
-48.507469,-27.496129,maxweight,45,Rodovia José Carlos Daux
-48.657200,-27.496689,maxheight,5.5,Rua Sebastião Lara
-48.656629,-27.496741,maxheight,5.5,Rodovia Governador Mário Covas
-48.656538,-27.496815,maxheight,5.5,Rodovia Governador Mário Covas
-48.509108,-27.497208,maxweight,45,Rodovia José Carlos Daux
-48.508910,-27.497252,maxweight,45,Rodovia José Carlos Daux
-48.510353,-27.498166,maxweight,45,Rodovia José Carlos Daux
-48.510256,-27.498327,maxweight,45,Rodovia José Carlos Daux
-48.510603,-27.498604,maxweight,45,Rodovia José Carlos Daux
-48.511191,-27.498874,maxweight,45,Rodovia José Carlos Daux
-48.655658,-27.499133,maxheight,4.6,
-48.655852,-27.499187,maxheight,4.6,
-48.656068,-27.499214,maxheight,4.6,
-48.512076,-27.499648,maxweight,45,Rodovia José Carlos Daux
-50.124155,-27.499722,maxheight,5.3,Rodovia Coronel Aristiliano Laureano Ramos
-48.512228,-27.500003,maxweight,45,Rodovia José Carlos Daux
-50.124389,-27.500156,maxheight,5.3,Rodovia Coronel Aristiliano Laureano Ramos
-50.124259,-27.500286,maxheight,5.3,Rodovia Coronel Aristiliano Laureano Ramos
-48.513074,-27.500569,maxweight,45,Rodovia José Carlos Daux
-48.658399,-27.500729,maxheight,10,Rua Acácio Reitz
-48.513915,-27.501382,maxweight,45,Rodovia José Carlos Daux
-48.513827,-27.501434,maxweight,45,Rodovia José Carlos Daux
-48.514090,-27.501640,maxweight,45,Rodovia José Carlos Daux
-48.514291,-27.502158,maxweight,45,Rodovia José Carlos Daux
-48.514145,-27.502327,maxweight,45,Rodovia José Carlos Daux
-48.514439,-27.502768,maxweight,45,Rodovia José Carlos Daux
-48.514269,-27.503579,maxweight,45,Rodovia José Carlos Daux
-48.652485,-27.503752,maxweight,5,Rua Quintino Bocaiúva
-48.514129,-27.504672,maxweight,45,Rodovia José Carlos Daux
-48.513756,-27.506587,maxweight,45,Rodovia José Carlos Daux
-48.647648,-27.506611,maxheight,4.7,
-48.647589,-27.506666,maxheight,4.7,
-48.647753,-27.506761,maxheight,4.7,
-48.647916,-27.506857,maxheight,4.7,
-55.117908,-27.508674,maxheight,5.5,Holanda
-48.639118,-27.509453,maxweight,2,
-48.513172,-27.518868,maxweight,45,Rodovia José Carlos Daux
-48.513258,-27.520273,maxweight,45,Rodovia José Carlos Daux
-48.637284,-27.521779,maxheight,4.8,
-48.637164,-27.522923,maxheight,6.3,Rua Paulo Zimmermann
-48.636883,-27.522927,maxheight,8.4,Rodovia Governador Mário Covas
-48.636981,-27.522938,maxheight,8.2,Rodovia Governador Mário Covas
-48.636267,-27.523832,maxheight,8.8,Rua Cecília Maria José de Azevedo
-48.634231,-27.527657,maxheight,6.5,Rodovia Governador Mário Covas
-48.633283,-27.528834,maxheight,8,Rua Cecília Maria José de Azevedo
-48.633537,-27.529252,maxweight,6.1,Rua Paulo Zimmermann
-48.633205,-27.529475,maxheight,6.5,Rodovia Governador Mário Covas
-48.644434,-27.530700,maxheight,2.2,
-48.644790,-27.530872,maxheight,2.2,
-48.630021,-27.533490,maxheight,5.3,Rodovia Governador Mário Covas
-48.630658,-27.533699,maxheight,5.5,Marginal Oeste da BR-101
-48.629097,-27.534810,maxheight,5.2,Rodovia Governador Mário Covas
-48.628540,-27.534963,maxheight,6,Marginal Leste da BR-101
-48.627900,-27.535712,maxheight,5.3,Rodovia Governador Mário Covas
-48.627405,-27.536223,maxheight,5.2,Rodovia Governador Mário Covas
-48.508561,-27.537392,maxheight,4.8,Rodovia José Carlos Daux
-48.508305,-27.537567,maxheight,4.8,Rodovia José Carlos Daux
-48.625258,-27.537687,maxheight,4.8,
-48.625200,-27.537733,maxheight,4.9,
-48.625344,-27.537813,maxheight,4.8,
-48.625483,-27.537893,maxheight,4.8,
-48.625426,-27.537939,maxheight,4.9,
-48.620860,-27.543257,maxheight,5.9,Rodovia Governador Mário Covas
-48.503399,-27.543337,maxheight,4.8,Rodovia José Carlos Daux
-48.503476,-27.543384,maxheight,4.8,Rodovia José Carlos Daux
-48.620212,-27.545676,maxheight,6.1,Rodovia Governador Mário Covas
-48.620137,-27.546219,maxweight,5.1,Marginal Oeste da BR-101
-48.619825,-27.546266,maxheight,5.9,Rodovia Governador Mário Covas
-48.619629,-27.546470,maxweight,4.7,Marginal Leste da BR-101
-48.619460,-27.552687,maxheight,4.6,
-48.619654,-27.552714,maxheight,4.6,
-48.619271,-27.552731,maxheight,4.6,
-48.501710,-27.556031,maxweight,45,
-48.618936,-27.556055,maxheight,5,Marginal Leste da BR-101
-48.619248,-27.556718,maxheight,6.1,Rua Eliane Motta
-48.618890,-27.557297,maxheight,5.4,Rodovia Governador Mário Covas
-48.617609,-27.558906,maxheight,5.3,Marginal Leste da BR-101
-48.617685,-27.559128,maxheight,5.5,Rodovia Governador Mário Covas
-48.651099,-27.562712,maxweight,10,Rua Izidoro Natividade Veríssimo
-48.676016,-27.563276,maxweight,20,Rua Maria Cleuza da Silva Castro
-48.676188,-27.563915,maxweight,20,Rua Enoir Maria dos Santos
-48.676731,-27.564471,maxweight,20,Rua Maria Amélia de Castro
-48.677536,-27.564692,maxweight,20,Avenida João Osmar Schmitt
-48.677664,-27.564748,maxweight,20,Avenida João Osmar Schmitt
-48.676239,-27.564805,maxweight,20,Rua Antônio Manoel da Rosa
-48.676972,-27.564901,maxweight,20,Rua Mauro José Bessa da Veiga
-48.677053,-27.565346,maxweight,20,Rua Loemi da Rosa
-48.678370,-27.565559,maxweight,20,Rua Vilmar Alves da Silva
-48.677872,-27.565654,maxweight,20,Avenida João Osmar Schmitt
-48.677785,-27.565671,maxweight,20,Avenida João Osmar Schmitt
-48.676493,-27.565691,maxweight,20,Rua Camilo Sebastião Porto
-48.614055,-27.565773,maxheight,5.5,
-48.677168,-27.565795,maxweight,20,Rua Vilmar Alves da Silva
-48.678981,-27.565904,maxweight,20,Rua Ítalo Delfino Toldo
-48.678483,-27.566000,maxweight,20,Rua Dirceu Júlio Roube
-48.614124,-27.566021,maxheight,5.4,
-48.677294,-27.566231,maxweight,20,Rua Dirceu Júlio Roube
-48.678096,-27.566526,maxweight,20,Avenida João Osmar Schmitt
-48.678009,-27.566543,maxweight,20,Avenida João Osmar Schmitt
-48.676745,-27.566568,maxweight,20,Rua José Macário Xavier da Castro
-48.677948,-27.566568,maxweight,20,Rua Alvacyr Garbellotto Santos
-48.678212,-27.566977,maxweight,20,Avenida João Osmar Schmitt
-48.678125,-27.566994,maxweight,20,Avenida João Osmar Schmitt
-48.679683,-27.567418,maxweight,20,Rua Samir Manoel Medeiros Neto
-48.678486,-27.567428,maxweight,20,Rua Osmar Vieira Filho
-48.678331,-27.567442,maxweight,20,Avenida João Osmar Schmitt
-48.678244,-27.567460,maxweight,20,Avenida João Osmar Schmitt
-48.679094,-27.567768,maxweight,20,Rua Ênio Lopes Júnior
-48.677402,-27.567878,maxweight,20,Rua José Nilo Hames
-48.677910,-27.568008,maxweight,20,Rua Ênio Lopes Júnior
-48.678502,-27.568107,maxweight,20,Avenida João Osmar Schmitt
-48.678415,-27.568125,maxweight,20,Avenida João Osmar Schmitt
-48.679209,-27.568205,maxweight,20,Rua Antônio Edineu Arruda
-48.678042,-27.568439,maxweight,20,Rua Antônio Edineu Arruda
-48.679244,-27.568667,maxweight,20,Rua Joel Viana Koester
-48.680025,-27.568732,maxweight,20,Rua Dulce Martins
-48.677668,-27.568749,maxweight,20,Rua Bráulio Vitorino
-48.678675,-27.568781,maxweight,20,Avenida João Osmar Schmitt
-48.680873,-27.568796,maxweight,20,Rua Lídia Andrade Heck
-48.678588,-27.568799,maxweight,20,Avenida João Osmar Schmitt
-48.679935,-27.568987,maxweight,20,Rua GM Marcelo Corrêa Awdziej
-48.678310,-27.569314,maxweight,20,Rua GM Marcelo Corrêa Awdziej
-48.678826,-27.569372,maxweight,20,Avenida João Osmar Schmitt
-48.678739,-27.569389,maxweight,20,Avenida João Osmar Schmitt
-48.679941,-27.569440,maxweight,20,Rua Alaíde dos Santos Souza
-48.678984,-27.569990,maxweight,20,Avenida João Osmar Schmitt
-48.678897,-27.570007,maxweight,20,Avenida João Osmar Schmitt
-48.679026,-27.570157,maxweight,20,Avenida João Osmar Schmitt
-48.678939,-27.570174,maxweight,20,Avenida João Osmar Schmitt
-48.680106,-27.570287,maxweight,20,Rua Rita de Cássia Harger Gerlach
-48.680443,-27.570308,maxweight,20,Rua Gervásio José da Silva
-48.680256,-27.570321,maxweight,20,Rua Gervásio José da Silva
-48.679066,-27.570322,maxweight,20,Avenida João Osmar Schmitt
-48.678979,-27.570339,maxweight,20,Avenida João Osmar Schmitt
-48.678295,-27.570407,maxweight,20,Rua Rita de Cássia Harger Gerlach
-48.681193,-27.570437,maxweight,20,Rua José de Andrade
-48.680894,-27.570677,maxweight,20,Rua Gilberto Gerlach
-48.679764,-27.570749,maxweight,20,Rua Gilberto Gerlach
-48.677601,-27.570884,maxweight,20,Rua Gilberto Gerlach
-48.680417,-27.570981,maxweight,20,Rua Gervásio José da Silva
-48.677558,-27.571003,maxweight,20,Rua Renato Vicente Gomes de Jesus
-48.680990,-27.571135,maxweight,20,Rua Márcio de Andrade
-48.680655,-27.571156,maxweight,20,Rua Gervásio José da Silva
-48.676173,-27.571198,maxweight,20,Rua José Martinho Heck
-48.679873,-27.571202,maxweight,20,Rua Márcio de Andrade
-48.679288,-27.571253,maxweight,20,Avenida João Osmar Schmitt
-48.679203,-27.571268,maxweight,20,Avenida João Osmar Schmitt
-48.681383,-27.571328,maxweight,20,Rua Valdir Michelon
-48.677715,-27.571331,maxweight,20,Rua Márcio de Andrade
-48.681101,-27.571564,maxweight,20,Rua Maria Petry Schmitt
-48.678799,-27.571785,maxweight,20,Rua João Paulo da Silva
-48.680614,-27.571792,maxweight,20,Rua Gervásio José da Silva
-48.681848,-27.571997,maxweight,20,
-48.681425,-27.572003,maxweight,20,Avenida Esmeraldo Cassettari
-48.694922,-27.572057,maxheight,5.5,Rua Luiz Carlos Pereira
-48.680794,-27.572077,maxweight,20,Avenida Esmeraldo Cassettari
-48.681444,-27.572088,maxweight,20,Avenida Esmeraldo Cassettari
-48.680890,-27.572102,maxweight,20,Rua Gervásio José da Silva
-48.680695,-27.572125,maxweight,20,Rua Gervásio José da Silva
-48.679498,-27.572138,maxweight,20,Avenida João Osmar Schmitt
-48.679416,-27.572149,maxweight,20,Avenida João Osmar Schmitt
-48.680814,-27.572162,maxweight,20,Avenida Esmeraldo Cassettari
-48.679584,-27.572219,maxweight,20,Avenida Esmeraldo Cassettari
-48.679408,-27.572240,maxweight,20,Avenida Esmeraldo Cassettari
-48.680133,-27.572243,maxweight,20,Avenida Esmeraldo Cassettari
-48.679448,-27.572279,maxweight,20,
-48.679042,-27.572283,maxweight,20,Avenida Esmeraldo Cassettari
-48.679605,-27.572305,maxweight,20,Avenida Esmeraldo Cassettari
-48.679499,-27.572317,maxweight,20,Avenida Esmeraldo Cassettari
-48.678797,-27.572355,maxweight,20,
-48.679495,-27.572357,maxweight,20,Rua Willian Chrystian Lopes Ramos
-48.679063,-27.572368,maxweight,20,Avenida Esmeraldo Cassettari
-48.681507,-27.572543,maxweight,20,Rua Ivo Teófilo de Amorim
-48.613461,-27.572612,maxheight,4.7,Rua Antônio Basil Schroeder
-48.613620,-27.572658,maxheight,4.7,Rua Antônio Basil Schroeder
-48.682045,-27.572659,maxweight,20,Rua Maria Solange Amorim
-48.613792,-27.572704,maxheight,4.7,Rua Antônio Basil Schroeder
-48.680248,-27.572783,maxweight,20,Rua Ivo Teófilo de Amorim
-48.681071,-27.572831,maxweight,20,Rua Gervásio José da Silva
-48.679658,-27.572857,maxweight,20,Rua Willian Chrystian Lopes Ramos
-48.680875,-27.572862,maxweight,20,Rua Gervásio José da Silva
-48.681613,-27.572962,maxweight,20,Rua Cláudio Capistrano Lima de Oliveira
-48.681949,-27.573127,maxweight,20,Rua Odete Natalina Andrade
-48.680262,-27.573227,maxweight,20,Rua Cláudio Capistrano Lima de Oliveira
-48.613417,-27.573317,maxheight,4.9,Rua Iano
-48.613576,-27.573358,maxheight,4.9,Rua Iano
-48.613738,-27.573399,maxheight,4.9,Rua Iano
-48.681259,-27.573492,maxweight,20,Rua Leda Coelho Alves
-48.681242,-27.573517,maxweight,20,Rua Gervásio José da Silva
-48.681043,-27.573556,maxweight,20,Rua Gervásio José da Silva
-48.681733,-27.573884,maxweight,20,Rua Esmeraldo Cassettari Júnior
-48.682165,-27.574028,maxweight,20,Rua Maria de Lurdes Frederico
-48.681392,-27.574119,maxweight,20,Rua Gervásio José da Silva
-48.681192,-27.574166,maxweight,20,Rua Gervásio José da Silva
-48.681838,-27.574315,maxweight,20,Rua Márcio Cassettari
-48.681552,-27.574763,maxweight,20,Rua Gervásio José da Silva
-48.681358,-27.574850,maxweight,20,Rua Gervásio José da Silva
-48.600837,-27.576570,maxweight,4,Rua Pintor Eduardo Dias
-48.615494,-27.583849,maxheight,5.4,Rodovia Governador Mário Covas
-48.868297,-27.584567,maxweight,10,Rodovia Eugênio Raulino Koerich
-48.544813,-27.585375,maxheight,2.1,
-48.544846,-27.585618,maxheight,2.1,
-50.165745,-27.585690,maxweight,45,Rodovia Coronel Aristiliano Laureano Ramos
-48.544737,-27.585725,maxheight,2.1,
-48.616139,-27.586241,maxheight,5.5,Rodovia Governador Mário Covas
-48.616301,-27.586347,maxheight,5.4,Rodovia Governador Mário Covas
-48.616429,-27.586461,maxheight,5.2,Via Expressa
-48.612858,-27.588540,maxheight,4.1,Rua Domingos André Zanini
-48.514925,-27.590060,maxheight,2.1,
-48.514882,-27.590242,maxheight,2.1,
-48.514181,-27.590907,maxheight,2.1,
-48.514231,-27.591012,maxheight,2.1,
-48.609676,-27.591768,maxheight,2.25,
-48.610358,-27.591884,maxheight,2.25,
-48.609780,-27.591891,maxheight,2.25,
-48.609712,-27.591917,maxheight,2.25,
-48.609629,-27.591973,maxheight,2.25,
-48.610964,-27.592222,maxheight,2.25,
-48.893587,-27.592591,maxweight,10,Rodovia Eugênio Raulino Koerich
-48.618756,-27.593536,maxheight,2.9,Túnel do Roçado
-48.618545,-27.593596,maxheight,2.9,Rua Cassol
-48.602704,-27.593784,maxheight,6.75,Rua São Bento
-48.601622,-27.593830,maxheight,4.45,Rua Paralela Novo Horizonte
-48.565872,-27.593843,maxheight,4.5,Ponte Hercílio Luz
-48.546368,-27.594230,maxheight,3.4,
-48.897504,-27.594324,maxweight,10,Rodovia Eugênio Raulino Koerich
-48.601810,-27.594543,maxheight,6.25,Via Expressa
-48.554005,-27.594987,maxheight,2.1,
-48.602164,-27.595450,maxheight,6,Via Expressa
-48.556727,-27.595965,maxheight,2.3,
-51.396919,-27.596066,maxweight,2.5,SC-390
-48.559326,-27.598647,maxheight,4.5,Rua Antônio Pereira Oliveira Neto
-48.600304,-27.598778,maxheight,3.5,Rua Prefeito Dib Cherem
-48.574217,-27.599118,maxheight,5.6,Via Expressa
-48.621987,-27.599142,maxheight,5.3,Rua João Grumiché
-48.622005,-27.599166,maxheight,5.3,Rua João Grumiché
-48.551711,-27.599181,maxheight,2.3,
-48.621936,-27.599263,maxheight,5.3,Rua João Grumiché
-48.621870,-27.599353,maxheight,5.3,Rua João Grumiché
-48.621802,-27.599447,maxheight,5.3,Rua João Grumiché
-48.600182,-27.599962,maxheight,5,Avenida Governador Ivo Silveira
-48.575445,-27.600011,maxheight,4.6,
-48.576338,-27.600213,maxheight,5.6,Via Expressa
-48.625208,-27.600928,maxheight,10.5,Rodovia Governador Mário Covas
-48.598572,-27.601134,maxheight,5,Avenida Governador Ivo Silveira
-48.625589,-27.601151,maxheight,11,Rua Pedro Cota de Castro
-48.625258,-27.601154,maxheight,5.6,Rua Jaci Schlichting de Lins
-48.626962,-27.601400,maxheight,10.4,Rodovia Governador Mário Covas
-48.628282,-27.602002,maxheight,10.5,Rodovia Governador Mário Covas
-48.580533,-27.602958,maxheight,4.6,Avenida Almirante Tamandaré
-48.580768,-27.603025,maxheight,4.6,Avenida Almirante Tamandaré
-48.585443,-27.603393,maxheight,4.75,Rua Álvaro Tolentino
-48.584679,-27.603574,maxheight,5.6,Via Expressa
-48.585119,-27.603689,maxheight,5.4,Via Expressa
-48.629418,-27.603780,maxweight,5,Rua Felipe Domingos Petry
-48.634887,-27.606065,maxheight,5.3,Rua Vereador Arthur Manoel Mariano
-48.635131,-27.606066,maxheight,5.3,Rua Luiz Fagundes
-48.634850,-27.606199,maxheight,5.3,Rua Luiz Fagundes
-48.655786,-27.609764,maxweight,45,Rodovia Eugênio Raulino Koerich
-48.655855,-27.609847,maxweight,45,Rodovia Eugênio Raulino Koerich
-48.644350,-27.615480,maxheight,4.9,
-48.661841,-27.618053,maxheight,5,Rua Raymundo Ramos da Costa Almeida
-48.661884,-27.618065,maxheight,5,Rua Raymundo Ramos da Costa Almeida
-48.648553,-27.619384,maxheight,6,Rua Orlando Odílio Koerich
-48.648505,-27.619650,maxheight,5.9,Rodovia Governador Mário Covas
-48.648319,-27.619734,maxheight,6.05,Rua Tenente Leovegildo Pinheiro
-48.649762,-27.620697,maxheight,5.9,Rodovia Governador Mário Covas
-48.657364,-27.628416,maxheight,4.7,
-52.276838,-27.628587,maxweight,4,Viaduto Rubem Berta
-52.276697,-27.628950,maxheight,3.5,
-52.276528,-27.629240,maxweight,4,Viaduto Rubem Berta
-52.276409,-27.629451,maxheight,3.5,
-52.276232,-27.629863,maxweight,4,Viaduto Rubem Berta
-52.276148,-27.629915,maxweight,4,Viaduto Rubem Berta
-48.666854,-27.639355,maxheight,5.7,
-52.294645,-27.640874,maxweight,4,
-52.294397,-27.641004,maxweight,4,
-48.702796,-27.641800,maxheight,4.35,Rua das Quaresmeiras
-48.669312,-27.642911,maxheight,5.5,Rodovia Governador Mário Covas
-48.669891,-27.643423,maxheight,5.5,
-48.670131,-27.643624,maxheight,5.5,Marginal da BR-101
-48.669940,-27.644062,maxheight,5.5,Marginal da BR-101
-55.815919,-27.644158,maxheight,5.1,Ruta Nacional 105
-48.670974,-27.645021,maxheight,5.5,Rodovia Governador Mário Covas
-48.521546,-27.646964,maxheight,5.5,Rodovia João Nilson Zunino
-48.672397,-27.647061,maxheight,4.3,
-48.672479,-27.647170,maxheight,4.3,
-48.675991,-27.651591,maxheight,7.8,Marginal da BR-101
-48.675671,-27.651775,maxheight,6.3,Marginal da BR-101
-48.676431,-27.652297,maxheight,6.3,Rodovia Governador Mário Covas
-48.676338,-27.652355,maxheight,6,Rodovia Governador Mário Covas
-48.676583,-27.652957,maxheight,6.3,Marginal da BR-101
-48.678354,-27.655561,maxheight,5.3,
-48.678299,-27.655861,maxheight,5.4,
-48.528507,-27.662703,maxheight,5.5,Avenida Deputado Diomício Freitas
-48.675930,-27.663065,maxheight,3.7,
-48.675752,-27.663381,maxheight,4.1,
-48.675517,-27.663996,maxheight,5.5,
-48.675325,-27.664363,maxheight,4.1,
-48.751086,-27.678487,maxheight,4.2,Rua Presidente Castelo Branco
-48.668806,-27.680275,maxheight,3.6,Rua Nelson Floriano Campos
-48.535425,-27.680543,maxheight,3,
-48.567298,-27.682979,maxheight,4.2,Avenida Santos Dumont
-48.667692,-27.683079,maxheight,5,Rodovia Governador Mário Covas
-48.778770,-27.688942,maxheight,3,Rua Padre Isidro Duarte e Silva
-48.664701,-27.689529,maxheight,6.8,Rodovia Governador Mário Covas
-48.664820,-27.689836,maxheight,6,Rodovia Governador Mário Covas
-48.674459,-27.699997,maxheight,1.8,Ponte Djalma Manoel Bruchado
-48.803965,-27.704661,maxweight,45,Rua Princesa Leopoldina
-48.520043,-27.705050,maxweight,25,Rua Valdeci Izidro da Silveira (Seu Cici)
-48.657705,-27.706240,maxheight,5.4,
-48.657705,-27.706253,maxheight,5.4,
-48.646150,-27.719675,maxheight,5.3,
-48.893607,-27.721444,maxweight,45,Rodovia Padre Sebastião Antônio Van Lieshout
-48.509746,-27.742159,maxweight,45,Rodovia Francisco Thomaz dos Santos
-48.509855,-27.742653,maxweight,45,Rodovia Francisco Thomaz dos Santos
-48.509919,-27.743106,maxweight,45,Rodovia Francisco Thomaz dos Santos
-48.930363,-27.748155,maxweight,45,Rodovia Padre Sebastião Antônio Van Lieshout
-48.632821,-27.754828,maxheight,5.5,
-48.508346,-27.767187,maxweight,45,"Rodovia ""Seu Chico"" Francisco Thomaz dos Santos"
-48.508029,-27.767844,maxweight,45,Rodovia Francisco Thomaz dos Santos
-48.631493,-27.768185,maxheight,5.5,
-50.195965,-27.772609,maxheight,5.8,Rodovia Ulysses Guimarães
-48.633934,-27.773251,maxheight,5.4,Rodovia Governador Mário Covas
-50.338220,-27.794912,maxheight,5.8,Rodovia Ulysses Guimarães
-50.338183,-27.795029,maxheight,5.8,Rodovia Ulysses Guimarães
-50.289341,-27.796910,maxheight,5.8,Rodovia Ulysses Guimarães
-50.302099,-27.797830,maxheight,5.8,Rodovia Ulysses Guimarães
-50.305295,-27.797924,maxheight,5,Rodovia Ulysses Guimarães
-50.301779,-27.797946,maxheight,5.8,Rodovia Ulysses Guimarães
-50.306843,-27.798016,maxheight,5,Rodovia Ulysses Guimarães
-50.304704,-27.798038,maxheight,5,Rodovia Ulysses Guimarães
-50.306930,-27.798140,maxheight,5,Rodovia Ulysses Guimarães
-50.301935,-27.798714,maxweight,5,Rua Campos Salles
-48.637919,-27.802966,maxheight,5.1,Rodovia Governador Mário Covas
-48.638023,-27.803060,maxheight,5.1,Rodovia Governador Mário Covas
-49.490820,-27.803667,maxheight,5.5,Rodovia Ulysses Guimarães
-50.323277,-27.810794,maxheight,3.5,Rua Correia Pinto
-50.324585,-27.812261,maxheight,3.5,Rua Correia Pinto
-50.323147,-27.812265,maxweight,5,Rua Emiliano Ramos
-50.328020,-27.812678,maxweight,5,Rua Presidente Nereu Ramos
-50.324661,-27.812956,maxweight,5,Rua Fausto de Souza
-50.326029,-27.813852,maxweight,5,Rua Correia Pinto
-50.327301,-27.814054,maxweight,5,Rua Presidente Nereu Ramos
-50.325333,-27.814422,maxweight,5,Rua Emiliano Ramos
-50.326677,-27.814567,maxweight,5,Rua Correia Pinto
-50.326515,-27.815497,maxweight,5,Rua Presidente Nereu Ramos
-50.334797,-27.818700,maxheight,4,Rua Jerônimo Coelho
-50.334649,-27.819707,maxheight,4,Rua Jerônimo Coelho
-49.569127,-27.823962,maxweight,45,Rodovia Pedro Bernardo Warmling
-48.630032,-27.829681,maxheight,5.8,Rodovia Governador Mário Covas
-50.309960,-27.845567,maxweight,30,Ponte do Guará
-48.636649,-27.846263,maxheight,5,
-48.636331,-27.846437,maxheight,5,
-48.647373,-27.880132,maxheight,5.8,Rodovia Governador Mário Covas
-48.647205,-27.880843,maxheight,5.8,Rodovia Governador Mário Covas
-48.648109,-27.889307,maxheight,5.4,Rodovia Governador Mário Covas
-48.647910,-27.889518,maxheight,5.4,Rodovia Governador Mário Covas
-55.135526,-27.891998,maxheight,4.5,Acceso Paso de la Barca
-50.754502,-27.899946,maxweight,45,Rodovia Padre Edilson José da Silva
-50.741331,-27.900519,maxweight,45,Rodovia Padre Edilson José da Silva
-50.735671,-27.900947,maxweight,45,Rodovia Padre Edilson José da Silva
-50.746382,-27.900983,maxweight,45,Rodovia Padre Edilson José da Silva
-50.752393,-27.901196,maxweight,45,Rodovia Padre Edilson José da Silva
-50.748333,-27.901576,maxweight,45,Rodovia Padre Edilson José da Silva
-50.750716,-27.901957,maxweight,45,Rodovia Padre Edilson José da Silva
-50.749688,-27.902109,maxweight,45,Rodovia Padre Edilson José da Silva
-50.750248,-27.902109,maxweight,45,Rodovia Padre Edilson José da Silva
-50.723705,-27.906414,maxweight,45,Rodovia Padre Edilson José da Silva
-50.711015,-27.911842,maxweight,45,Rodovia Padre Edilson José da Silva
-50.585705,-27.916197,maxweight,45,Rodovia Padre Edilson José da Silva
-50.600321,-27.917621,maxweight,45,Rodovia Padre Edilson José da Silva
-50.697470,-27.917651,maxweight,45,Rodovia Padre Edilson José da Silva
-50.603427,-27.917717,maxweight,45,Rodovia Padre Edilson José da Silva
-50.602000,-27.917758,maxweight,45,Rodovia Padre Edilson José da Silva
-50.606104,-27.918964,maxweight,45,Rodovia Padre Edilson José da Silva
-50.654392,-27.919967,maxweight,45,Rodovia Padre Edilson José da Silva
-50.673759,-27.920877,maxweight,45,Rodovia Padre Edilson José da Silva
-50.624066,-27.921324,maxweight,45,Rodovia Padre Edilson José da Silva
-50.640629,-27.921478,maxweight,45,Rodovia Padre Edilson José da Silva
-50.684950,-27.922275,maxweight,45,Rodovia Padre Edilson José da Silva
-50.641822,-27.922631,maxweight,45,Rodovia Padre Edilson José da Silva
-50.642815,-27.922640,maxweight,45,Rodovia Padre Edilson José da Silva
-50.643836,-27.922648,maxweight,45,Rodovia Padre Edilson José da Silva
-50.683615,-27.922695,maxweight,45,Rodovia Padre Edilson José da Silva
-50.683140,-27.922699,maxweight,45,Rodovia Padre Edilson José da Silva
-50.683408,-27.922713,maxweight,45,Rodovia Padre Edilson José da Silva
-50.544091,-27.928595,maxweight,45,Rodovia Padre Edilson José da Silva
-58.801880,-27.930908,maxheight,5,
-50.514348,-27.936818,maxweight,45,Rodovia Padre Edilson José da Silva
-50.515043,-27.936836,maxweight,45,Rodovia Padre Edilson José da Silva
-50.514129,-27.936920,maxweight,45,Rodovia Padre Edilson José da Silva
-50.516020,-27.936931,maxweight,45,Rodovia Padre Edilson José da Silva
-50.513476,-27.937536,maxweight,45,Rodovia Padre Edilson José da Silva
-50.512778,-27.938205,maxweight,45,Rodovia Padre Edilson José da Silva
-50.511832,-27.938818,maxweight,45,Rodovia Padre Edilson José da Silva
-50.510412,-27.940422,maxweight,45,Rodovia Padre Edilson José da Silva
-50.509506,-27.941975,maxweight,45,Rodovia Padre Edilson José da Silva
-50.508069,-27.943479,maxweight,45,Rodovia Padre Edilson José da Silva
-50.506677,-27.944676,maxweight,45,Rodovia Padre Edilson José da Silva
-50.505423,-27.946152,maxweight,45,Rodovia Padre Edilson José da Silva
-50.497696,-27.951007,maxweight,45,Rodovia Padre Edilson José da Silva
-50.490697,-27.955367,maxweight,45,Rodovia Padre Edilson José da Silva
-50.484409,-27.956025,maxweight,45,Rodovia Padre Edilson José da Silva
-50.486211,-27.956035,maxweight,45,Rodovia Padre Edilson José da Silva
-50.484550,-27.956121,maxweight,45,Rodovia Padre Edilson José da Silva
-50.489121,-27.956654,maxweight,45,Rodovia Padre Edilson José da Silva
-48.679265,-27.981051,maxheight,4.8,
-48.688690,-27.994793,maxheight,4.8,Rua Domingos de Matos
-48.693935,-28.004220,maxheight,5.5,Rodovia Governador Mário Covas
-48.715991,-28.050206,maxheight,4.8,
-48.711588,-28.079521,maxheight,4.9,
-57.435854,-28.104083,maxheight,3.6,
-65.896625,-28.109905,maxweight,10,Ruta Provincial 4
-48.693950,-28.127915,maxheight,5.5,Rodovia Governador Mário Covas
-48.693377,-28.129432,maxheight,5.5,Rodovia Governador Mário Covas
-48.692964,-28.130117,maxheight,5.5,Rodovia Governador Mário Covas
-57.438629,-28.138264,maxheight,3.6,Sendero Corral Cué
-57.442771,-28.153958,maxheight,3.6,
-48.693604,-28.158882,maxweight,40,Marginal da BR-101
-48.693227,-28.160201,maxheight,5.2,
-48.693741,-28.160345,maxweight,40,Marginal da BR-101
-48.693925,-28.162434,maxweight,40,Marginal da BR-101
-57.443415,-28.171895,maxheight,3.6,
-48.695796,-28.181309,maxheight,5.4,
-48.699862,-28.214953,maxheight,5.4,
-48.699886,-28.215316,maxheight,5.4,
-48.673378,-28.219595,maxheight,5.5,Avenida Marieta Konder Bornhausen
-48.672988,-28.220121,maxheight,5.5,Avenida Marieta Konder Bornhausen
-48.669252,-28.227583,maxweight,10,
-52.372469,-28.237320,maxheight,6.5,BR-285
-52.372675,-28.237580,maxheight,6.5,BR-285
-52.406177,-28.256598,maxweight,7,Rua Fagundes dos Reis
-52.405333,-28.256955,maxweight,7,Rua Uruguai
-49.014987,-28.259571,maxweight,45,Rua Oscar Francelino Mendes
-52.403229,-28.260538,maxweight,7,Rua Morom
-52.411383,-28.260612,maxweight,7,Avenida 7 de Setembro
-54.822393,-28.260747,maxweight,8,ERS-165
-52.403520,-28.263952,maxweight,7,Rua Capitão Eleutério
-48.702816,-28.263991,maxheight,5.7,Rodovia Governador Mário Covas
-65.735993,-28.266563,maxheight,4,Acceso al Murallón del Dique Las Pirquitas
-48.703245,-28.280868,maxheight,5.5,Rodovia Governador Mário Covas
-49.937870,-28.290480,maxweight,4,Rua Major Jacinto Goulart
-49.928168,-28.291740,maxweight,4,Avenida Ledo Couto
-49.935094,-28.292283,maxweight,4,Rua Manoel Joaquim Pinto
-52.743508,-28.301674,maxheight,5.5,Rodovia Governador Leonel de Moura Brizola
-49.622578,-28.339206,maxweight,10,Rua Manoel Borges Machado
-49.623348,-28.340023,maxweight,10,Rua Venâncio Borges de Carvalho
-49.621793,-28.340224,maxweight,10,Rua Vitorino Rodrigues Machado
-49.622534,-28.340789,maxweight,10,Rua Venâncio Borges de Carvalho
-49.622406,-28.340861,maxweight,10,Rua Venâncio Borges de Carvalho
-48.739418,-28.350622,maxheight,5.5,Rodovia Governador Mário Covas
-48.739314,-28.350700,maxheight,5.5,Rodovia Governador Mário Covas
-48.748677,-28.360354,maxheight,5.5,
-49.294560,-28.360923,maxweight,15,Rua Campos Elíseos
-49.294332,-28.361396,maxweight,15,Rua Campos Elíseos
-49.292881,-28.361475,maxweight,15,Rua Campos Elíseos
-49.294170,-28.361553,maxweight,15,Rua Campos Eliseus
-53.768633,-28.363744,maxheight,4.5,
-48.765564,-28.378402,maxheight,5.5,
-49.364334,-28.383733,maxweight,45,Rodovia Flávio Righetto
-48.775985,-28.389601,maxheight,5.5,
-49.390817,-28.392868,maxweight,45,Rodovia Flávio Righetto
-49.394511,-28.395180,maxweight,45,Rodovia Flávio Righetto
-48.896085,-28.424465,maxheight,5.5,
-48.943517,-28.425465,maxheight,5.5,
-48.853835,-28.425529,maxheight,5.5,
-48.883481,-28.427432,maxheight,5.5,
-48.926744,-28.427514,maxheight,5.5,
-48.952737,-28.431316,maxheight,5.5,Rodovia Governador Mário Covas
-48.953846,-28.432400,maxheight,5.5,Rodovia Governador Mário Covas
-48.838219,-28.434139,maxheight,5.5,Rodovia Governador Mário Covas
-48.962443,-28.439263,maxheight,5.4,
-49.022540,-28.439426,maxheight,5.5,Rodovia Ivane Fretta Moreira
-48.962656,-28.439492,maxheight,5.5,
-49.022953,-28.439630,maxheight,5.5,
-48.812627,-28.440032,maxheight,5.5,
-48.820212,-28.440905,maxheight,5.5,Rodovia Governador Mário Covas
-48.820774,-28.441054,maxheight,5.5,Rodovia Governador Mário Covas
-65.728929,-28.447724,maxheight,4.5,Tunel de Costanera Tres Puentes
-65.728972,-28.447740,maxheight,4.5,Tunel de Costanera Tres Puentes
-48.995512,-28.465742,maxheight,5.4,
-48.995788,-28.465854,maxheight,5.4,
-49.008198,-28.467884,maxheight,5.5,Rodovia Governador Mário Covas
-49.008729,-28.467941,maxheight,5.5,Rodovia Governador Mário Covas
-49.015203,-28.469339,maxheight,5.4,Avenida Patrício Lima
-49.015023,-28.469551,maxheight,5.4,Avenida Patrício Lima
-49.018894,-28.470415,maxheight,5.5,
-49.018750,-28.470637,maxheight,5.5,
-48.784885,-28.472162,maxheight,2,
-49.024205,-28.473025,maxheight,5.4,Rodovia Governador Mário Covas
-49.024076,-28.473046,maxheight,5.5,Rodovia Governador Mário Covas
-49.029799,-28.476410,maxheight,5.5,
-49.029941,-28.476452,maxheight,5.5,
-49.034778,-28.480839,maxheight,5.5,Rua Cândido Darela
-49.035859,-28.482723,maxheight,5.5,Rodovia Norberto Brunato
-49.039371,-28.489270,maxheight,5.5,Rodovia Governador Mário Covas
-49.024581,-28.490034,maxweight,7,Rua Sílvio Burigo
-49.024162,-28.493039,maxweight,7,Rua Sílvio Burigo
-49.043405,-28.495040,maxheight,4.4,
-65.657098,-28.503272,maxweight,15,RP221
-49.049802,-28.507072,maxheight,5.5,
-49.049517,-28.507147,maxheight,5.5,
-71.067126,-28.510802,maxweight,10,Ruta C-452
-49.457581,-28.514605,maxheight,4.5,
-49.052820,-28.515680,maxheight,5.5,Rodovia Governador Mário Covas
-49.053968,-28.519129,maxheight,5.5,Rodovia Governador Mário Covas
-49.056117,-28.525152,maxheight,5.4,
-49.058828,-28.530553,maxwidth,10,Rua José Botega
-57.190721,-28.542902,maxweight,20,Ruta Provincial 40
-49.054255,-28.554231,maxheight,5.5,Rodovia Governador Mário Covas
-49.054040,-28.554243,maxheight,5.5,Rodovia Governador Mário Covas
-52.009710,-28.557270,maxheight,5,ERS-324
-49.052236,-28.578426,maxheight,5.5,Rodovia Ismael Thomaz Preve
-49.323212,-28.595836,maxweight,25,Avenida Antônio Nunes de Souza
-49.323264,-28.596407,maxweight,25,Avenida Antônio Nunes de Souza
-49.323352,-28.596961,maxweight,25,Avenida Antônio Nunes de Souza
-49.323404,-28.597283,maxweight,25,Avenida Antônio Nunes de Souza
-49.323562,-28.598210,maxweight,25,Avenida Antônio Nunes de Souza
-49.323780,-28.599021,maxweight,25,Rua Guy Marcos Nunes de Souza
-49.324533,-28.599084,maxweight,25,Rua Guy Marcos Nunes de Souza
-49.325307,-28.599158,maxweight,25,Rua Doutor Edson Gaidzinski
-49.323834,-28.599230,maxweight,25,Rua Guy Marcos Nunes de Souza
-49.323901,-28.599541,maxweight,25,Avenida Polidoro Santiago
-49.052064,-28.600494,maxheight,5.5,SC-441
-49.326857,-28.600602,maxweight,25,Rua Doutor Edson Gaidzinski
-49.325697,-28.601241,maxweight,25,Avenida Polidoro Santiago
-49.328305,-28.602746,maxweight,25,Rua Voluntários da Pátria
-49.327759,-28.603133,maxweight,25,Avenida Polidoro Santiago
-49.328123,-28.603533,maxweight,25,Avenida Polidoro Santiago
-49.328312,-28.603839,maxweight,25,Rodovia Maximiliano Gaidzinski
-49.328223,-28.603863,maxweight,25,Rodovia Maximiliano Gaidzinski
-49.328304,-28.604432,maxweight,25,Rodovia Maximiliano Gaidzinski
-49.328755,-28.606578,maxweight,25,Rodovia Maximiliano Gaidzinski
-49.329227,-28.608695,maxweight,25,Rodovia Maximiliano Gaidzinski
-49.064900,-28.613910,maxheight,5.1,
-49.064948,-28.613958,maxheight,5.1,
-49.064631,-28.614195,maxheight,5.1,
-49.064228,-28.614433,maxheight,5.1,
-49.079354,-28.624455,maxheight,5.5,
-49.510600,-28.631781,maxweight,15,Rua Natal Coral
-49.508706,-28.636142,maxweight,15,Rua dos Imigrantes
-49.507080,-28.636442,maxweight,15,Rua dos Imigrantes
-49.506840,-28.636612,maxweight,15,Rua dos Imigrantes
-49.507082,-28.636654,maxweight,15,Rua Ângelo Gava
-49.506496,-28.636725,maxweight,15,Rua dos Imigrantes
-49.505930,-28.636935,maxweight,15,Rua dos Imigrantes
-49.498146,-28.637052,maxweight,12,Rua Cônego Miguel Giacca
-49.504698,-28.637062,maxweight,12,Rua dos Imigrantes
-49.502077,-28.637077,maxweight,12,Rua dos Imigrantes
-49.500087,-28.637079,maxweight,12,
-49.499346,-28.637357,maxheight,2.5,Rua Nicolau Pederneiras
-49.507613,-28.637570,maxweight,15,Rua Ângelo Gava
-49.506280,-28.637584,maxweight,15,Rua José Gava
-49.100095,-28.642291,maxheight,5.5,Rodovia Governador Mário Covas
-49.100604,-28.642721,maxheight,5.5,Rodovia Governador Mário Covas
-49.343458,-28.644589,maxweight,10,
-49.344161,-28.645426,maxweight,10,
-49.344054,-28.645486,maxweight,10,
-49.344171,-28.645546,maxweight,10,
-49.344386,-28.647014,maxweight,10,Rodovia Maximiliano Gaidzinski
-49.347124,-28.648839,maxweight,10,Rua Henrique Kanareck
-49.388837,-28.651209,maxheight,5.1,Rodovia Luiz Henrique da Silveira
-49.105566,-28.651321,maxheight,5.5,Rodovia Governador Mário Covas
-49.105751,-28.651337,maxheight,5.5,Rodovia Governador Mário Covas
-51.172621,-28.667948,maxheight,5.5,Rodovia Synval Guazzelli
-49.329468,-28.675044,maxweight,10,Rua Gabriel Budny
-51.609367,-28.678897,maxweight,24,BR-470
-49.305048,-28.681845,maxweight,10,Rua Victória Machieski
-49.317175,-28.685184,maxweight,10,Rua Santa Rita de Cássia
-49.322615,-28.685224,maxweight,10,Rua Santa Rita de Cássia
-49.318656,-28.687025,maxheight,5,Rodovia Jorge Zanatta
-49.368994,-28.692004,maxheight,5,
-49.369131,-28.692193,maxheight,5,Avenida Santos Dumont
-49.368882,-28.693901,maxheight,5.2,Avenida Carlos Pinto Sampaio
-49.187879,-28.698208,maxheight,5.5,
-49.190173,-28.698859,maxheight,5.5,Rodovia Governador Mário Covas
-49.192272,-28.699920,maxheight,5.5,Rodovia Governador Mário Covas
-49.229232,-28.715895,maxheight,5.2,
-49.256050,-28.741814,maxheight,5.5,Rodovia Governador Mário Covas
-49.262235,-28.747583,maxheight,5.5,Rodovia Governador Mário Covas
-49.275535,-28.753740,maxheight,5.2,Rodovia Governador Mário Covas
-49.275444,-28.753823,maxheight,5.2,Rodovia Governador Mário Covas
-49.272241,-28.754114,maxweight,20,Rua Domingos Sartor
-49.273647,-28.754229,maxheight,2.5,
-51.487110,-28.757452,maxheight,5.5,ERS-443
-49.275285,-28.758777,maxweight,10,Rua Marcos Luiz
-49.286074,-28.760070,maxheight,5.5,
-49.303098,-28.768688,maxheight,5.5,Rodovia Governador Mário Covas
-49.305142,-28.769996,maxheight,5.5,Rodovia Governador Mário Covas
-49.317419,-28.775416,maxheight,5.5,Rodovia Aristides Bolan
-49.317376,-28.775662,maxheight,5.5,Rodovia Aristides Bolan
-49.338343,-28.785837,maxheight,4.4,
-49.364576,-28.801295,maxheight,5.5,Marginal da BR-101
-49.367015,-28.802428,maxheight,5.5,Rodovia Governador Mário Covas
-49.368418,-28.803342,maxheight,5.5,Rodovia Governador Mário Covas
-49.373173,-28.806085,maxheight,5.5,Rodovia Governador Mário Covas
-49.374078,-28.806559,maxheight,5.5,
-49.388039,-28.812819,maxheight,4.3,
-49.403936,-28.824226,maxheight,5.4,
-49.404455,-28.824612,maxheight,5.5,
-49.429201,-28.842530,maxheight,5.5,
-51.906618,-28.848830,maxheight,4.2,
-49.448125,-28.866158,maxheight,5.5,
-49.455072,-28.875148,maxheight,5.5,Rodovia Governador Mário Covas
-49.455570,-28.875544,maxheight,5.5,Rodovia Governador Mário Covas
-49.413385,-28.879298,maxweight,10,Rodovia Vereador José Jovelino Costa
-49.434098,-28.883364,maxweight,10,Rodovia Municipal Alcino de Freitas
-49.473199,-28.897683,maxheight,5.5,Rodovia Governador Mário Covas
-49.472925,-28.897847,maxheight,5.5,Rodovia Governador Mário Covas
-49.485827,-28.914070,maxheight,2.7,Marginal da BR-101
-49.488149,-28.917087,maxheight,3.3,Marginal da BR-101
-49.491763,-28.921622,maxheight,5.5,
-49.678098,-28.924422,maxweight,45,Rua Leoberto Leal
-49.678384,-28.924671,maxweight,45,Rua Leoberto Leal
-49.510922,-28.927997,maxheight,5.5,Rodovia Prefeito Edevar Pelegrini
-51.188112,-28.938898,maxheight,5.5,Rodovia Synval Guazzelli
-49.531263,-28.950700,maxheight,5.5,Rodovia Governador Mário Covas
-49.530852,-28.951126,maxheight,5.5,Rodovia Governador Mário Covas
-49.522000,-28.963283,maxheight,5.5,Rodovia Governador Mário Covas
-49.521391,-28.964247,maxheight,5.5,
-49.522272,-28.964955,maxheight,5.5,Rodovia Governador Mário Covas
-49.528199,-28.971803,maxheight,2.9,
-51.566240,-28.979667,maxweight,45,
-51.565481,-28.981702,maxweight,45,BR-470
-49.542405,-28.985576,maxheight,5.5,Rodovia Governador Mário Covas
-51.563607,-28.986345,maxweight,45,BR-470
-51.562091,-28.989253,maxweight,45,BR-470
-49.547559,-28.990657,maxheight,5.5,
-51.559467,-28.993857,maxweight,45,BR-470
-49.552838,-28.995718,maxheight,5.5,Rodovia Governador Mário Covas
-49.553067,-28.996115,maxheight,5.5,Rodovia Governador Mário Covas
-51.553649,-29.001312,maxweight,45,BR-470
-51.549109,-29.005751,maxweight,45,BR-470
-51.551131,-29.005773,maxweight,45,BR-470
-51.558352,-29.006544,maxweight,45,BR-470
-51.548981,-29.006958,maxweight,45,BR-470
-51.547934,-29.006998,maxweight,45,BR-470
-49.570217,-29.008824,maxheight,5.5,Rodovia Ibraim Souza Pires
-51.367233,-29.013062,maxweight,10,Balsa Nova Roma do Sul
-49.600520,-29.026559,maxheight,5.5,SCT-285
-51.565459,-29.027019,maxweight,45,BR-470
-53.648589,-29.037606,maxheight,6.5,RSC-392
-51.569982,-29.047135,maxheight,4.4,Ponte Ernesto Dornelles
-51.582991,-29.050293,maxweight,45,BR-470
-49.620652,-29.051060,maxheight,5.5,
-51.594139,-29.053870,maxweight,45,BR-470
-51.590425,-29.056049,maxweight,45,BR-470
-51.588035,-29.057299,maxweight,45,BR-470
-51.585382,-29.058713,maxweight,45,BR-470
-51.580423,-29.063040,maxweight,45,BR-470
-51.577326,-29.067187,maxweight,45,BR-470
-51.580171,-29.068920,maxweight,45,BR-470
-49.626256,-29.070174,maxheight,5.5,
-51.583635,-29.070916,maxweight,45,BR-470
-51.586648,-29.073947,maxweight,45,BR-470
-51.587350,-29.076641,maxweight,45,BR-470
-51.576807,-29.077191,maxweight,45,BR-470
-51.734562,-29.078287,maxweight,16,ERS-431
-51.565676,-29.079552,maxweight,45,BR-470
-51.566139,-29.079567,maxweight,45,BR-470
-51.564921,-29.079934,maxweight,45,BR-470
-51.564269,-29.079947,maxweight,45,BR-470
-51.563492,-29.080136,maxweight,45,BR-470
-51.563302,-29.080166,maxweight,45,BR-470
-51.561704,-29.081407,maxweight,45,BR-470
-51.560849,-29.082995,maxweight,45,BR-470
-53.833999,-29.085435,maxheight,4,Rua Coronel Luiz Azevedo
-53.833971,-29.085511,maxheight,4,Rua Coronel Luiz Azevedo
-51.558723,-29.086229,maxweight,45,BR-470
-51.638259,-29.088565,maxweight,45,
-51.554680,-29.090518,maxweight,45,BR-470
-51.552557,-29.092317,maxweight,45,BR-470
-51.549233,-29.094132,maxweight,45,BR-470
-51.545509,-29.096122,maxweight,45,BR-470
-51.544367,-29.097205,maxweight,45,BR-470
-51.543826,-29.098213,maxweight,45,BR-470
-51.543903,-29.099891,maxweight,45,BR-470
-51.543589,-29.101763,maxweight,45,BR-470
-49.635935,-29.103452,maxheight,5.5,Avenida Papa João XXIII
-49.635965,-29.103553,maxheight,5.5,Avenida Papa João XXIII
-51.543715,-29.110146,maxweight,45,BR-470
-49.638332,-29.110841,maxheight,5.5,
-49.638458,-29.111247,maxheight,5.5,
-49.637352,-29.111279,maxheight,3,Rua das Sombrinhas
-49.638692,-29.111884,maxheight,5.5,
-49.639778,-29.114791,maxheight,5.5,Rodovia Governador Mário Covas
-49.639683,-29.115007,maxheight,5.5,Rodovia Governador Mário Covas
-51.542053,-29.117038,maxweight,45,
-51.542038,-29.118163,maxweight,45,BR-470
-51.542208,-29.118602,maxweight,45,BR-470
-51.542468,-29.119135,maxweight,45,BR-470
-51.542284,-29.119154,maxweight,45,BR-470
-51.542708,-29.119697,maxweight,45,BR-470
-51.542861,-29.120442,maxweight,45,BR-470
-51.543025,-29.120451,maxweight,45,BR-470
-49.643250,-29.121442,maxheight,5.5,Rodovia Governador Mário Covas
-49.643157,-29.121541,maxheight,5.5,Rodovia Governador Mário Covas
-51.543643,-29.121693,maxweight,45,BR-470
-51.544034,-29.122872,maxweight,45,BR-470
-49.648788,-29.123442,maxheight,5.5,Rodovia Governador Mário Covas
-49.648186,-29.123527,maxheight,5.5,Rodovia Governador Mário Covas
-49.652354,-29.123764,maxheight,5.5,Rodovia Governador Mário Covas
-51.543740,-29.123986,maxweight,45,BR-470
-51.543346,-29.125017,maxweight,45,BR-470
-51.542970,-29.125581,maxweight,45,BR-470
-49.680705,-29.127908,maxheight,5.5,Rodovia Governador Mário Covas
-49.681138,-29.127914,maxheight,5.5,Rodovia Governador Mário Covas
-51.541807,-29.128080,maxweight,45,BR-470
-49.686503,-29.129505,maxheight,5.5,
-51.543442,-29.130801,maxweight,45,BR-470
-49.707077,-29.134978,maxheight,5.5,Rodovia Governador Mário Covas
-49.707245,-29.135320,maxheight,5.5,Rodovia Governador Mário Covas
-49.709062,-29.135837,maxheight,5.5,Rodovia Governador Mário Covas
-49.711720,-29.137034,maxheight,5.5,
-51.200884,-29.137435,maxheight,4,Rua Ludovico Cavinato
-49.712631,-29.137511,maxheight,5.5,Rodovia Governador Mário Covas
-51.200840,-29.137651,maxheight,4,Rua Ludovico Cavinato
-51.540521,-29.137652,maxweight,45,BR-470
-49.714547,-29.138115,maxheight,5.5,
-49.715101,-29.138452,maxheight,5.5,Rodovia Governador Mário Covas
-49.715122,-29.138576,maxheight,5.5,Rodovia Governador Mário Covas
-49.716820,-29.139331,maxheight,5.5,Rodovia Governador Mário Covas
-49.717043,-29.139340,maxheight,5.5,Rodovia Governador Mário Covas
-49.717766,-29.139840,maxheight,5.5,Rodovia Governador Mário Covas
-59.659461,-29.141767,maxheight,2.8,Iturraspe
-51.538465,-29.142058,maxweight,45,
-59.656261,-29.142063,maxheight,2.8,Iturraspe
-49.719863,-29.142361,maxheight,5.5,Rodovia Governador Mário Covas
-49.720225,-29.142682,maxheight,5.5,Rodovia Governador Mário Covas
-51.530382,-29.149660,maxheight,4.5,Rua Alvi Azul
-51.523708,-29.154894,maxheight,3.9,Rua Arlindo Fasolo
-50.051639,-29.157194,maxweight,24,ERS-427
-49.745829,-29.168359,maxheight,5.3,
-49.754674,-29.187303,maxheight,5.5,
-51.196742,-29.189110,maxweight,7,Rua Luiz Segalla
-49.950699,-29.197516,maxwidth,3,Rua Irineu Bornhausen
-49.753732,-29.202867,maxheight,5.5,Rodovia Governador Mário Covas
-49.753645,-29.203103,maxheight,5.5,Rodovia Governador Mário Covas
-51.318914,-29.215690,maxheight,3,Rua Sem Saída
-49.754347,-29.243623,maxheight,5.5,Rodovia Governador Mário Covas
-49.761567,-29.292116,maxheight,5.4,
-49.773150,-29.309835,maxheight,4,Rua Calino Venâncio de Matos
-56.052928,-29.309881,maxweight,60,Balsa do Mariano Pinto
-49.773254,-29.310341,maxheight,5.3,
-49.773456,-29.311511,maxheight,5.2,
-50.186718,-29.367494,maxheight,5.5,Túnel Nelson Fábio Sbabo
-50.186622,-29.367701,maxheight,5.5,Túnel Nelson Fábio Sbabo
-52.081551,-29.378219,maxweight,15,
-50.197075,-29.379259,maxheight,5.5,Túnel do Arroio Carvalho
-50.197128,-29.379568,maxheight,5.5,Túnel do Arroio Carvalho
-50.872911,-29.379847,maxweight,7,
-50.872861,-29.379887,maxweight,7,
-50.873571,-29.380191,maxweight,3.5,Avenida das Hortênsias
-50.872213,-29.380797,maxweight,7,Avenida Borges de Medeiros
-50.871944,-29.381422,maxweight,7,Avenida Borges de Medeiros
-50.871610,-29.381801,maxweight,7,Avenida Borges de Medeiros
-51.119689,-29.383149,maxheight,5.5,Rodovia Presidente Getúlio Vargas
-50.875890,-29.384529,maxweight,3.5,Rua Horácio Cardoso
-53.032321,-29.410210,maxheight,2.2,Rua Frederico Mundstock
-51.984123,-29.411865,maxweight,80,
-51.958854,-29.420889,maxheight,3,Ponte de Ferro
-49.914101,-29.448673,maxheight,5.5,
-49.914227,-29.448765,maxheight,5.5,
-49.916947,-29.449909,maxheight,5.5,Avenida Padre Rizzieri Delai
-51.980917,-29.450134,maxheight,2.8,
-51.979654,-29.451589,maxheight,5,RSC-453
-51.979545,-29.451665,maxheight,5,
-51.927703,-29.455214,maxheight,4,
-51.960240,-29.459031,maxheight,5.3,Rodovia Governador Leonel de Moura Brizola
-51.947572,-29.471770,maxheight,2,
-51.919011,-29.484999,maxweight,5,Estrada Municipal Nicolau Theobaldo Hoss
-50.040459,-29.557513,maxheight,4,
-50.630072,-29.558432,maxweight,12,
-53.486379,-29.577931,maxweight,30,Rodovia do Imigrante
-51.356452,-29.579002,maxheight,4.5,
-49.957839,-29.616983,maxheight,4.5,ERS-486
-49.957929,-29.617087,maxweight,45,Estrada do Mar
-49.957915,-29.617196,maxheight,4.5,ERS-486
-50.099278,-29.625421,maxheight,4,
-51.293527,-29.639128,maxheight,5.5,
-50.840466,-29.639205,maxheight,5.5,
-50.840442,-29.639478,maxheight,5.5,Rua General Osório
-51.292592,-29.639782,maxheight,5.5,
-51.292669,-29.639855,maxheight,5.5,
-51.290984,-29.641067,maxheight,5.5,
-51.403515,-29.641846,maxheight,4.5,Rua Jacob Antônio Rohr
-51.018864,-29.643881,maxheight,5.5,Rua Alberto Bins
-51.002531,-29.644716,maxheight,5.5,
-51.002071,-29.644729,maxheight,5.5,Rua Presidente Kennedy
-51.001759,-29.644757,maxheight,5.5,
-51.001527,-29.644943,maxheight,5.5,
-50.783685,-29.649663,maxheight,3,Rua Federação
-50.783758,-29.650181,maxheight,3,Rua Federação
-50.783838,-29.650737,maxheight,3,Rua Federação
-51.078620,-29.656425,maxheight,5.5,Rodovia Nestor Herculano de Paula
-51.078451,-29.656594,maxheight,5.5,Rodovia Nestor Herculano de Paula
-51.144359,-29.656996,maxheight,5.5,Rodovia BR-116
-51.144178,-29.657205,maxheight,5.5,Rodovia BR-116
-51.144088,-29.658237,maxheight,5.5,Rodovia BR-116
-51.143984,-29.659437,maxheight,5.5,Rodovia BR-116
-53.693205,-29.659569,maxweight,5,Estrada Canudos
-51.108444,-29.660801,maxheight,5.5,
-51.108295,-29.660803,maxheight,5.5,Rua Engenheiro Jorge Schury
-51.143912,-29.661849,maxheight,5.5,Rodovia BR-116
-51.144080,-29.661887,maxheight,5.5,Rua Portugal
-51.143749,-29.661971,maxheight,5.5,Rodovia BR-116
-51.143463,-29.663118,maxheight,5.5,Rua João Werno Erhart
-51.258982,-29.664836,maxheight,5,ERS-122
-51.258879,-29.665001,maxheight,5,ERS-122
-51.143761,-29.665317,maxheight,5.5,Rua Portugal
-51.143447,-29.665384,maxheight,5.5,Rodovia BR-116
-51.143522,-29.666185,maxheight,5.5,Rodovia BR-116
-51.143077,-29.669558,maxheight,5.5,Rodovia BR-116
-51.143215,-29.669588,maxheight,5.5,Rodovia BR-116
-51.142992,-29.669769,maxheight,5.5,Rua Rincão
-51.142994,-29.670070,maxheight,5.5,Rua Rincão
-52.788409,-29.670204,maxheight,4.4,Rua Andrade Neves
-53.665964,-29.670285,maxweight,24,Estrada Norberto José Kipper
-51.142885,-29.673176,maxheight,5.5,Rodovia BR-116
-51.142678,-29.673652,maxheight,5.5,Rodovia BR-116
-51.142454,-29.676014,maxheight,5.5,Rodovia BR-116
-51.142365,-29.676323,maxheight,5.5,Rua João Werno Erhart
-53.789683,-29.677065,maxheight,1.5,
-53.809509,-29.677513,maxheight,4.5,Avenida dos Ferroviários
-53.809399,-29.677527,maxheight,4.5,Avenida dos Ferroviários
-53.648958,-29.678031,maxweight,24,Estrada Norberto José Kipper
-53.809555,-29.678245,maxweight,7.5,Avenida Rio Branco
-53.809438,-29.678253,maxweight,7.5,Avenida Rio Branco
-53.810047,-29.678452,maxweight,7.5,Rua Manoel Ribas
-53.809485,-29.678456,maxweight,7.5,
-53.809401,-29.678531,maxweight,7.5,Avenida Rio Branco
-53.809534,-29.678555,maxweight,7.5,Avenida Rio Branco
-53.809499,-29.678729,maxweight,7.5,Avenida Rio Branco
-51.142207,-29.678963,maxheight,5.5,Rodovia BR-116
-53.809259,-29.678991,maxweight,7.5,Avenida Rio Branco
-53.809389,-29.679095,maxweight,7.5,Avenida Rio Branco
-53.809220,-29.679382,maxweight,7.5,Rua Ernesto Beck
-53.809093,-29.679526,maxweight,7.5,Avenida Rio Branco
-53.810247,-29.679615,maxweight,7.5,Rua Ernesto Beck
-51.142349,-29.679751,maxheight,5.5,Rodovia BR-116
-53.805185,-29.680072,maxweight,7.5,Rua José do Patrocínio
-53.807444,-29.680291,maxweight,7.5,Rua Doutor Wauthier
-53.809026,-29.680298,maxweight,7.5,Avenida Rio Branco
-53.808092,-29.680530,maxweight,7.5,Rua Daudt
-53.805765,-29.680557,maxweight,7.5,Rua Treze de Maio
-53.805487,-29.680625,maxweight,7.5,Rua José do Patrocínio
-53.807449,-29.680656,maxweight,7.5,Rua Doutor Wauthier
-53.809141,-29.680741,maxweight,7.5,Rua Daudt
-53.808662,-29.680847,maxweight,7.5,Avenida Rio Branco
-53.805610,-29.680850,maxweight,7.5,Rua José do Patrocínio
-53.807432,-29.680918,maxweight,7.5,Rua Treze de Maio
-53.810196,-29.680921,maxweight,7.5,Rua Daudt
-53.806006,-29.680998,maxweight,7.5,Rua André Marques
-53.805780,-29.681158,maxweight,7.5,Rua José do Patrocínio
-53.805886,-29.681418,maxweight,7.5,Rua André Marques
-53.805958,-29.681434,maxweight,7.5,Rua Vale Machado
-53.809357,-29.681514,maxweight,7.5,Rua Doutor Francisco Mariano da Rocha
-53.805850,-29.681545,maxweight,7.5,Rua André Marques
-53.805922,-29.681561,maxweight,7.5,Rua Vale Machado
-53.806305,-29.681564,maxweight,7.5,Rua Vale Machado
-51.141966,-29.681612,maxheight,5.5,Rodovia BR-116
-53.808639,-29.681646,maxweight,7.5,Avenida Rio Branco
-53.810120,-29.681656,maxweight,7.5,Rua Otávio Binato
-53.806737,-29.681662,maxweight,7.5,Rua Vale Machado
-53.807315,-29.681793,maxweight,7.5,Rua Vale Machado
-53.808013,-29.681955,maxweight,7.5,Rua Vale Machado
-53.808336,-29.682037,maxweight,7.5,Rua Vale Machado
-53.808461,-29.682068,maxweight,7.5,Rua Vale Machado
-53.805687,-29.682118,maxweight,7.5,Rua André Marques
-53.808848,-29.682148,maxweight,7.5,Rua Vale Machado
-53.809708,-29.682327,maxweight,7.5,Rua Vale Machado
-53.804369,-29.682348,maxweight,7.5,Rua Silva Jardim
-53.808439,-29.682418,maxweight,7.5,Avenida Rio Branco
-53.810337,-29.682458,maxweight,7.5,Rua Vale Machado
-53.805115,-29.682515,maxweight,7.5,Rua Silva Jardim
-53.808105,-29.682569,maxweight,7.5,Avenida Rio Branco
-51.141591,-29.682612,maxheight,5.5,Rua Aquidaban
-53.803919,-29.682732,maxweight,7.5,Rua Comissário Justo
-53.806740,-29.682866,maxweight,7.5,Rua Silva Jardim
-53.810310,-29.682890,maxweight,7.5,Rua Marechal Floriano Peixoto
-53.811214,-29.682911,maxweight,7.5,Travessa Lucas Barbosa
-53.802967,-29.682964,maxweight,7.5,Avenida Itaimbé
-53.808290,-29.682969,maxweight,7.5,Avenida Rio Branco
-53.808082,-29.683150,maxweight,7.5,Rua Silva Jardim
-53.805377,-29.683209,maxweight,7.5,Rua André Marques
-53.804458,-29.683252,maxweight,7.5,Rua Doutor Pantaleão
-53.807890,-29.683276,maxweight,7.5,Avenida Rio Branco
-53.809180,-29.683351,maxweight,7.5,Rua Silva Jardim
-53.810162,-29.683412,maxweight,7.5,Rua Marechal Floriano Peixoto
-53.811091,-29.683428,maxweight,7.5,Travessa Lucas Barbosa
-53.810579,-29.683608,maxweight,7.5,Rua Silva Jardim
-53.808060,-29.683779,maxweight,7.5,Avenida Rio Branco
-53.811481,-29.683785,maxweight,7.5,Rua Silva Jardim
-51.141801,-29.683799,maxheight,5.5,Rodovia BR-116
-53.807724,-29.683874,maxweight,7.5,Avenida Rio Branco
-51.141511,-29.683924,maxheight,5.5,BR-116
-53.805820,-29.683936,maxweight,7.5,Rua dos Andradas
-53.803568,-29.683942,maxweight,7.5,Rua Henrique Dias
-53.805140,-29.684035,maxweight,7.5,Rua André Marques
-53.809983,-29.684038,maxweight,7.5,Rua Marechal Floriano Peixoto
-53.803119,-29.684119,maxweight,7.5,Avenida Itaimbé
-53.806829,-29.684150,maxweight,7.5,Rua dos Andradas
-53.804654,-29.684174,maxweight,7.5,Rua Henrique Dias
-53.807413,-29.684274,maxweight,7.5,Rua dos Andradas
-53.807685,-29.684332,maxweight,7.5,Rua dos Andradas
-53.804163,-29.684346,maxweight,7.5,Rua Doutor Pantaleão
-53.807829,-29.684363,maxweight,7.5,Rua dos Andradas
-53.805731,-29.684443,maxweight,7.5,Rua Tenente Natalício Sanches Fernandes
-53.807557,-29.684468,maxweight,7.5,Avenida Rio Branco
-53.803714,-29.684523,maxweight,7.5,Rua Risieri Mafacioli
-53.807842,-29.684550,maxweight,7.5,Avenida Rio Branco
-53.808827,-29.684590,maxweight,7.5,Rua dos Andradas
-53.801114,-29.684598,maxweight,7.5,Rua Venâncio Aires
-53.809801,-29.684680,maxweight,7.5,Rua Marechal Floriano Peixoto
-53.801812,-29.684736,maxweight,7.5,Rua Venâncio Aires
-53.804922,-29.684794,maxweight,7.5,Rua André Marques
-53.802492,-29.684871,maxweight,7.5,Rua Venâncio Aires
-53.804018,-29.684884,maxweight,7.5,Rua Doutor Pantaleão
-53.802687,-29.684910,maxweight,7.5,Rua Venâncio Aires
-53.802833,-29.684939,maxweight,7.5,Viaduto Heitor Campos
-53.803060,-29.684984,maxweight,7.5,Viaduto Heitor Campos
-53.810671,-29.684995,maxweight,7.5,Rua dos Andradas
-53.803246,-29.685021,maxweight,7.5,Rua Venâncio Aires
-53.807385,-29.685066,maxweight,7.5,Avenida Rio Branco
-53.803483,-29.685068,maxweight,7.5,Rua Venâncio Aires
-53.803792,-29.685129,maxweight,7.5,Rua Venâncio Aires
-53.807676,-29.685160,maxweight,7.5,Avenida Rio Branco
-53.804357,-29.685242,maxweight,7.5,Rua Venâncio Aires
-53.804894,-29.685347,maxweight,7.5,Rua Venâncio Aires
-53.807209,-29.685361,maxweight,7.5,Zona de Restrição de Operação de Carga e Descarga
-53.809601,-29.685388,maxweight,7.5,Rua Marechal Floriano Peixoto
-53.805765,-29.685514,maxweight,7.5,Rua Venâncio Aires
-53.804701,-29.685566,maxweight,7.5,Rua André Marques
-51.141740,-29.685570,maxheight,5.5,Rodovia BR-116
-53.807407,-29.685572,maxweight,7.5,
-53.807218,-29.685647,maxweight,7.5,Avenida Rio Branco
-53.806845,-29.685720,maxweight,7.5,Rua Venâncio Aires
-53.807524,-29.685720,maxweight,7.5,Avenida Rio Branco
-53.804224,-29.685725,maxweight,7.5,Rua Ângelo Uglione
-53.807266,-29.685801,maxweight,7.5,Rua Venâncio Aires
-53.807421,-29.685831,maxweight,7.5,Rua Venâncio Aires
-53.803760,-29.685871,maxweight,7.5,Rua Doutor Pantaleão
-53.811387,-29.685883,maxweight,7.5,Rua Serafim Valandro
-53.804995,-29.685888,maxweight,7.5,Rua Ângelo Uglione
-53.801907,-29.686009,maxweight,7.5,Rua Tuiuti
-53.808427,-29.686029,maxweight,7.5,Rua Venâncio Aires
-53.805864,-29.686079,maxweight,7.5,Rua Ângelo Uglione
-53.809400,-29.686094,maxweight,7.5,Rua Marechal Floriano Peixoto
-53.807380,-29.686116,maxheight,4,Rua do Acampamento
-51.141951,-29.686121,maxheight,5.5,Rodovia BR-116
-51.141795,-29.686122,maxheight,5.5,Rodovia BR-116
-51.142177,-29.686146,maxheight,5.5,BR-116
-53.805231,-29.686170,maxweight,7.5,Rua Riachuelo
-53.803627,-29.686173,maxweight,7.5,Rua Doutor Pantaleão
-53.813266,-29.686270,maxweight,7.5,Avenida Duque de Caxias
-53.810280,-29.686397,maxweight,7.5,Rua Venâncio Aires
-53.809281,-29.686520,maxweight,7.5,Rua Marechal Floriano Peixoto
-53.804992,-29.686551,maxweight,7.5,Rua Riachuelo
-53.807155,-29.686597,maxheight,4,Rua do Acampamento
-53.811339,-29.686607,maxweight,7.5,Rua Venâncio Aires
-53.802749,-29.686619,maxweight,7.5,Viaduto Castelo Branco
-53.806236,-29.686632,maxweight,7.5,Rua Roque Calage
-53.805509,-29.686656,maxweight,7.5,Rua Doutor Astrogildo Cezar de Azevedo
-53.802908,-29.686731,maxweight,7.5,Viaduto Castelo Branco
-53.812271,-29.686795,maxweight,7.5,Rua Venâncio Aires
-53.806969,-29.686891,maxweight,7.5,Rua do Acampamento
-53.811107,-29.686891,maxweight,7.5,Rua Serafim Valandro
-51.141924,-29.686929,maxheight,5.5,Rodovia BR-116
-53.813178,-29.686976,maxweight,7.5,Rua Venâncio Aires
-53.810108,-29.687013,maxweight,7.5,Rua Doutor Bozano
-53.806821,-29.687073,maxweight,7.5,Rua do Acampamento
-51.142092,-29.687095,maxheight,5.5,Rodovia BR-116
-53.813928,-29.687120,maxweight,7.5,Rua Venâncio Aires
-53.806241,-29.687161,maxweight,7.5,Rua Doutor Astrogildo Cezar de Azevedo
-53.804571,-29.687222,maxweight,7.5,Rua Riachuelo
-53.809089,-29.687224,maxweight,7.5,Rua Marechal Floriano Peixoto
-53.803636,-29.687258,maxweight,7.5,Rua Tuiuti
-53.806656,-29.687275,maxweight,7.5,Rua do Acampamento
-53.812964,-29.687280,maxweight,7.5,Avenida Duque de Caxias
-53.802289,-29.687320,maxweight,7.5,Avenida Itaimbé
-53.811624,-29.687335,maxweight,7.5,Rua Doutor Bozano
-53.800851,-29.687356,maxweight,7.5,Rua Pinheiro Machado
-53.808338,-29.687414,maxweight,7.5,Rua Doutor Alberto Pasqualini
-53.812548,-29.687537,maxweight,7.5,Rua Doutor Bozano
-53.806407,-29.687550,maxweight,7.5,Rua do Acampamento
-53.810901,-29.687604,maxweight,7.5,Rua Serafim Valandro
-53.807102,-29.687618,maxweight,7.5,Rua Doutor Astrogildo Cezar de Azevedo
-51.142206,-29.687637,maxheight,5.5,Rodovia BR-116
-53.809096,-29.687648,maxweight,7.5,Rua Coronel Niederauer
-51.142063,-29.687697,maxheight,5.5,Rodovia BR-116
-51.142026,-29.687720,maxheight,5.5,BR-116
-53.801429,-29.687750,maxweight,7.5,Rua Pinheiro Machado
-53.813613,-29.687770,maxweight,7.5,Rua Doutor Bozano
-53.812803,-29.687835,maxweight,7.5,Avenida Duque de Caxias
-53.809998,-29.687840,maxweight,7.5,Rua Coronel Niederauer
-53.812111,-29.687866,maxweight,7.5,Rua Coronel Ernesto Marques da Rocha
-53.808880,-29.687995,maxweight,7.5,Rua Marechal Floriano Peixoto
-53.807444,-29.688055,maxweight,7.5,Rua Professor Braga
-53.801947,-29.688103,maxweight,7.5,Viaduto João Agostini
-53.808206,-29.688111,maxweight,7.5,Rua Doutor Astrogildo Cezar de Azevedo
-53.811388,-29.688135,maxweight,7.5,Rua Coronel Niederauer
-53.804848,-29.688140,maxweight,7.5,Rua Tuiuti
-53.805840,-29.688143,maxweight,7.5,Rua do Acampamento
-53.812717,-29.688144,maxweight,7.5,Avenida Duque de Caxias
-53.810745,-29.688149,maxweight,7.5,Rua Serafim Valandro
-53.803267,-29.688183,maxweight,7.5,Travessa Leopoldo Fróes
-53.802107,-29.688212,maxweight,7.5,Viaduto João Agostini
-53.812670,-29.688314,maxweight,7.5,Avenida Duque de Caxias
-53.812319,-29.688334,maxweight,7.5,Rua Coronel Niederauer
-53.803770,-29.688490,maxweight,7.5,Rua Riachuelo
-53.808736,-29.688524,maxweight,7.5,Rua Marechal Floriano Peixoto
-53.802798,-29.688684,maxweight,7.5,Rua Pinheiro Machado
-53.801242,-29.688760,maxweight,7.5,Avenida Itaimbé
-53.805804,-29.688833,maxweight,7.5,Rua Tuiuti
-53.810531,-29.688908,maxweight,7.5,Rua Serafim Valandro
-53.801579,-29.688913,maxweight,7.5,Avenida Itaimbé
-53.804879,-29.689146,maxweight,7.5,Rua do Acampamento
-53.806254,-29.689158,maxweight,7.5,Rua Tuiuti
-53.803502,-29.689166,maxweight,7.5,Rua Pinheiro Machado
-53.811580,-29.689278,maxweight,7.5,Travessa Monteiro Lobato
-53.803701,-29.689301,maxweight,7.5,Rua Pinheiro Machado
-53.806262,-29.689315,maxweight,7.5,Rua Professor Braga
-53.803203,-29.689359,maxweight,7.5,Rua Riachuelo
-53.803883,-29.689425,maxweight,7.5,Rua Pinheiro Machado
-53.808471,-29.689485,maxweight,7.5,Rua Marechal Floriano Peixoto
-53.874741,-29.689579,maxheight,5.5,
-53.800893,-29.689590,maxweight,7.5,Avenida Itaimbé
-53.804150,-29.689608,maxweight,7.5,Rua Pinheiro Machado
-53.811277,-29.689742,maxweight,7.5,Rua Olavo Bilac
-53.802721,-29.689750,maxweight,7.5,Rua General Neto
-53.807262,-29.689860,maxweight,7.5,Rua Tuiuti
-53.803452,-29.689906,maxweight,7.5,Rua José Bonifácio
-53.804105,-29.689955,maxweight,7.5,Rua do Acampamento
-53.795636,-29.689960,maxweight,7.5,Rua Motorista Mariano
-53.873332,-29.690033,maxheight,5.5,
-53.804797,-29.690051,maxweight,7.5,Rua Pinheiro Machado
-53.801480,-29.690102,maxweight,7.5,Rua General Neto
-51.142963,-29.690227,maxheight,5.5,Rodovia BR-116
-53.803823,-29.690250,maxweight,7.5,Rua do Acampamento
-53.804057,-29.690265,maxweight,7.5,Rua José Bonifácio
-53.810144,-29.690285,maxweight,7.5,Rua Serafim Valandro
-53.808220,-29.690396,maxweight,7.5,Rua Marechal Floriano Peixoto
-53.804597,-29.690527,maxweight,7.5,Rua José Bonifácio
-53.805118,-29.690541,maxweight,7.5,Rua Professor Braga
-53.808155,-29.690628,maxweight,7.5,Rua Marechal Floriano Peixoto
-53.805749,-29.690704,maxweight,7.5,Rua Pinheiro Machado
-53.808925,-29.690732,maxweight,7.5,Rua Tuiuti
-53.805200,-29.690820,maxweight,7.5,Rua José Bonifácio
-53.809794,-29.691003,maxweight,7.5,Rua Tuiuti
-53.808010,-29.691148,maxweight,7.5,Rua Marechal Floriano Peixoto
-53.805952,-29.691185,maxweight,7.5,Rua José Bonifácio
-53.806562,-29.691255,maxweight,7.5,Rua Pinheiro Machado
-53.808901,-29.691333,maxweight,7.5,Rua Paul Harris
-53.806636,-29.691520,maxweight,7.5,Rua José Bonifácio
-53.807337,-29.691727,maxweight,7.5,Rua Pinheiro Machado
-53.807839,-29.691760,maxweight,7.5,Rua Marechal Floriano Peixoto
-53.807274,-29.691845,maxweight,7.5,Rua José Bonifácio
-53.707488,-29.692028,maxweight,24,Estrada Norberto José Kipper
-51.230694,-29.693081,maxheight,4.8,Avenida Brasil
-51.230596,-29.693170,maxheight,4.8,Avenida Brasil
-53.858712,-29.694759,maxheight,5.5,
-53.858446,-29.694894,maxheight,5.5,
-53.858946,-29.694894,maxheight,5.5,Rua João Lino Pretto
-53.858797,-29.694932,maxheight,5.5,
-51.144276,-29.695322,maxheight,5.5,Rodovia BR-116
-51.144519,-29.695441,maxheight,5.5,Rodovia BR-116
-51.144364,-29.696113,maxheight,5.5,Rua Cruz Alta
-53.739821,-29.698538,maxweight,7.5,Rua Oito
-53.739022,-29.698698,maxweight,7.5,Rua Sete
-53.733277,-29.698833,maxweight,7.5,Rua C
-53.738263,-29.698839,maxweight,7.5,Rua Seis
-53.737476,-29.699022,maxweight,7.5,Rua Cinco
-53.735903,-29.699045,maxweight,7.5,Rua Doutor Prado Veppo
-53.736704,-29.699056,maxweight,7.5,Rua Quatro
-53.734324,-29.699188,maxweight,7.5,Rua Um
-53.735107,-29.699201,maxweight,7.5,Rua Dois
-53.739761,-29.699760,maxweight,7.5,Rua Oito
-53.737036,-29.699860,maxweight,7.5,Rua Nove
-53.834208,-29.700356,maxheight,4.5,Avenida Governador Walter Jobim
-53.737669,-29.700563,maxweight,7.5,Rua Topázio
-53.739709,-29.700574,maxweight,7.5,
-53.732898,-29.700672,maxweight,7.5,Rua José Paulo Teixeira
-53.733084,-29.700766,maxweight,7.5,Rua D
-53.735568,-29.700817,maxweight,7.5,Rua Turquesa
-51.135151,-29.700894,maxheight,5,Avenida Nações Unidas
-53.733548,-29.701074,maxweight,7.5,Rua Mário Quintana
-53.739043,-29.701134,maxweight,7.5,Rua Setembrino Santa Lúcia
-51.146146,-29.701526,maxheight,5.5,Rodovia BR-116
-53.734258,-29.701889,maxweight,7.5,Rua Cristal
-53.737577,-29.701919,maxweight,7.5,Rua Rubi
-53.739140,-29.702020,maxweight,7.5,
-51.146475,-29.702255,maxheight,5.5,
-53.735036,-29.702848,maxweight,7.5,Rua Diamante
-53.738278,-29.702901,maxweight,7.5,Rua Diomira Baruffi Santa Lucia
-53.737497,-29.702931,maxweight,7.5,Rua Safira
-53.736709,-29.702975,maxweight,7.5,Rua Ametista
-53.735806,-29.703041,maxweight,7.5,Rua Esmeralda
-53.734061,-29.703308,maxweight,7.5,Rua Pérola
-53.733364,-29.703312,maxweight,7.5,Rua E
-53.736223,-29.703371,maxweight,7.5,Rua Pérola
-53.739834,-29.703375,maxweight,7.5,Rua Sargento Marques
-53.650984,-29.703493,maxweight,5,Rua Joaquim Pillon Neto
-53.734213,-29.704276,maxweight,7.5,Rua Cristal
-53.830939,-29.705000,maxheight,5.5,Rua Irmã Dulce
-53.830813,-29.705105,maxheight,5.5,Rua Irmã Dulce
-53.735553,-29.705263,maxweight,7.5,Rua Ircyde Santa Lúcia
-53.737493,-29.705321,maxweight,7.5,Rua Ircyde Santa Lúcia
-53.735300,-29.705342,maxweight,7.5,
-53.737294,-29.705428,maxweight,7.5,
-53.735252,-29.705563,maxweight,7.5,
-53.735043,-29.705631,maxweight,7.5,
-53.735500,-29.705631,maxweight,7.5,
-53.737239,-29.705642,maxweight,7.5,
-53.737373,-29.705648,maxweight,7.5,
-53.825069,-29.708437,maxheight,4.5,Viaduto Urlândia
-51.147432,-29.709835,maxheight,5.5,Rodovia BR-116
-51.147263,-29.710366,maxheight,5.5,Rodovia BR-116
-53.645199,-29.713050,maxweight,80,RSC-287
-51.147490,-29.713100,maxheight,5.5,Rua Ignácio Treis
-53.645258,-29.713155,maxweight,80,RSC-287
-51.147879,-29.713290,maxheight,5.5,BR-116
-51.148380,-29.719313,maxheight,5.5,Rodovia BR-116
-51.148532,-29.722352,maxheight,5.5,BR-116
-53.601791,-29.722576,maxheight,3.5,
-51.148840,-29.723972,maxheight,5.5,Rodovia BR-116
-53.589093,-29.724076,maxheight,5.5,RSC-287
-51.149086,-29.726301,maxheight,5.5,BR-116
-51.149092,-29.727636,maxheight,5.5,BR-116
-51.148977,-29.728000,maxheight,5.5,Avenida Senador Salgado Filho
-51.149407,-29.728194,maxheight,5.5,Avenida Senador Salgado Filho
-51.154296,-29.728393,maxheight,5,Rodovia Maria Emília de Paula
-51.149327,-29.728587,maxheight,5.5,BR-116
-51.153120,-29.728691,maxheight,5,Rodovia Maria Emília de Paula
-51.149092,-29.729037,maxheight,5.5,Avenida Senador Salgado Filho
-51.140145,-29.729214,maxheight,5,
-51.149274,-29.730107,maxheight,4.8,
-51.149504,-29.730322,maxheight,4.8,
-51.149306,-29.730481,maxheight,4.8,
-51.149389,-29.730506,maxheight,5.5,BR-116
-51.149566,-29.730571,maxheight,4.8,
-51.149516,-29.730612,maxheight,5.5,BR-116
-51.149333,-29.730863,maxheight,4.8,
-51.149350,-29.731887,maxheight,5.5,Avenida Senador Salgado Filho
-51.149921,-29.732634,maxheight,5.5,Avenida Senador Salgado Filho
-68.016596,-29.732635,maxweight,45,Ruta Nacional 76
-51.149461,-29.732891,maxheight,5.5,Avenida Senador Salgado Filho
-51.149860,-29.733136,maxheight,5.5,
-51.149784,-29.733196,maxheight,5.5,BR-116
-51.149672,-29.733437,maxheight,5.5,BR-116
-51.149981,-29.735104,maxheight,5.5,BR-116
-51.149822,-29.735345,maxheight,5.5,BR-116
-51.150101,-29.736403,maxheight,5.5,Rodovia BR-116
-51.149898,-29.736413,maxheight,5.5,Rodovia BR-116
-51.149753,-29.736589,maxheight,5.5,Avenida Senador Salgado Filho
-51.150352,-29.736762,maxheight,5.5,Avenida Senador Salgado Filho
-51.150263,-29.737075,maxheight,5.5,BR-116
-51.150023,-29.737314,maxheight,5.5,Rodovia BR-116
-51.150216,-29.737562,maxheight,5.5,Rodovia BR-116
-51.150756,-29.740747,maxheight,5.5,Avenida Senador Salgado Filho
-51.150244,-29.741100,maxheight,5.5,Avenida Senador Salgado Filho
-51.150445,-29.741228,maxheight,5.5,Rodovia BR-116
-51.150610,-29.741478,maxheight,5.5,Rodovia BR-116
-51.151087,-29.744431,maxheight,4.1,Avenida Coronel Atalíbio Taurino de Rezende
-51.150747,-29.744559,maxheight,4.1,Avenida Coronel Atalíbio Taurino de Rezende
-51.150926,-29.744613,maxheight,5.5,Rodovia BR-116
-51.150785,-29.744623,maxheight,5.5,Rodovia BR-116
-51.150802,-29.744669,maxheight,4.1,Avenida Coronel Atalíbio Taurino de Rezende
-51.150942,-29.746150,maxheight,5.5,Rodovia BR-116
-51.151373,-29.746879,maxheight,5.5,Avenida Senador Salgado Filho
-51.151202,-29.747472,maxheight,5.5,Rodovia BR-116
-51.150930,-29.748000,maxheight,5.5,Avenida Senador Salgado Filho
-57.080089,-29.748298,maxweight,6,Rua General Flores da Cunha
-57.081970,-29.748313,maxweight,6,
-57.078121,-29.748399,maxweight,6,Rua Conde de Porto Alegre
-51.151159,-29.748467,maxheight,5.5,Rodovia BR-116
-57.082856,-29.748512,maxweight,6,Rua Conde de Porto Alegre
-57.086693,-29.748810,maxweight,6,
-57.087868,-29.748812,maxheight,2.4,Avenida Ministro Assis Brasil
-57.088106,-29.748848,maxheight,5,Terminal Aduaneiro da BR-290
-57.089558,-29.748924,maxweight,6,Rua 13 de Maio
-57.078438,-29.748947,maxweight,6,Rua dos Andradas
-57.086876,-29.749025,maxweight,6,
-57.083262,-29.749090,maxweight,6,Rua General Câmara
-57.081643,-29.749116,maxweight,6,Rua Sete de Setembro
-57.085621,-29.749120,maxweight,6,Travessa Consul Antonio Mary Ulrich
-57.084887,-29.749130,maxweight,6,Rua Domingos de Almeida
-57.076847,-29.749609,maxweight,6,Rua General Vasco Alves
-57.079235,-29.749637,maxweight,6,Rua General Vasco Alves
-57.082011,-29.749682,maxweight,6,Rua General Vasco Alves
-57.084810,-29.749709,maxweight,6,Rua General Vasco Alves
-57.086864,-29.749722,maxweight,6,Rua General Vasco Alves
-57.088939,-29.749736,maxweight,6,Rua General Vasco Alves
-57.090221,-29.749740,maxweight,6,Rua General Vasco Alves
-51.151270,-29.749812,maxheight,5.5,Rodovia BR-116
-57.091019,-29.750011,maxweight,6,Rua General Vitorino
-51.151297,-29.750153,maxheight,5.5,Rodovia BR-116
-51.151456,-29.750192,maxheight,5.5,Rodovia BR-116
-51.151660,-29.750265,maxheight,5.5,Avenida Senador Salgado Filho
-57.076835,-29.750402,maxweight,6,Rua Beijamin Costant
-57.089762,-29.750482,maxweight,6,Rua 13 de Maio
-57.076877,-29.750980,maxweight,6,Rua General João Manoel
-57.084012,-29.751105,maxweight,6,Rua General João Manoel
-57.084856,-29.751144,maxweight,6,Rua Domingos de Almeida
-57.086385,-29.751160,maxweight,6,Rua Duque de Caxias
-57.086545,-29.751164,maxweight,6,Rua Duque de Caxias
-57.088151,-29.751194,maxweight,6,Rua General João Manoel
-57.080031,-29.751271,maxweight,6,Avenida General Flores da Cunha
-57.091347,-29.751275,maxweight,6,Rua General João Manoel
-57.089736,-29.751937,maxweight,6,Rua 13 de Maio
-57.094555,-29.752212,maxweight,6,Rua Eustáquio Ormazabal
-57.075478,-29.752483,maxweight,6,Rua Monte Caseros
-57.092924,-29.752557,maxweight,6,Rua Iris Ferrari Valls
-57.085658,-29.752607,maxweight,6,Rua Monte Caseros
-57.086388,-29.752681,maxweight,6,Rua Duque de Caxias
-57.086455,-29.752682,maxweight,6,Rua Duque de Caxias
-57.092128,-29.752689,maxweight,6,Rua Monte Caseros
-57.093730,-29.752731,maxweight,6,Rua Monte Caseros
-57.094702,-29.752772,maxweight,6,
-51.151628,-29.752930,maxheight,5.5,Rodovia BR-116
-51.151502,-29.752981,maxheight,5.5,Rodovia BR-116
-57.075986,-29.753241,maxweight,6,Travessa Felipe Mandarino
-57.089711,-29.753392,maxweight,6,Rua 13 de Maio
-57.075232,-29.753503,maxweight,6,Rua Venancio Aires
-51.151625,-29.753924,maxheight,1.6,
-51.151836,-29.753926,maxheight,1.6,
-51.151446,-29.753930,maxheight,1.6,
-57.074327,-29.753957,maxweight,6,Rua Tiradentes
-57.081588,-29.754002,maxweight,6,Rua Sete de Setembro
-57.078381,-29.754012,maxweight,6,Rua dos Andradas
-57.083189,-29.754053,maxweight,6,Rua Tiradentes
-57.088050,-29.754053,maxweight,6,Rua Quinze de Novembro
-57.089653,-29.754133,maxweight,6,Rua Tiradentes
-57.095269,-29.754240,maxweight,6,Rua Tiradentes
-57.070335,-29.754618,maxweight,6,Rua Ministro Joaquim Murtinho
-57.068662,-29.754619,maxweight,6,Rua Professor Luiz Antonio Lopes
-57.089686,-29.754850,maxweight,6,Rua 13 de Maio
-57.067887,-29.755326,maxweight,6,Rua General Bento Martins
-57.071104,-29.755335,maxweight,6,Rua General Bento Martins
-57.075950,-29.755384,maxweight,6,Rua General Bento Martins
-57.081557,-29.755430,maxweight,6,Rua General Bento Martins
-57.084799,-29.755461,maxweight,6,Rua Domingos de Almeida
-57.085586,-29.755479,maxweight,6,Rua General Bento Martins
-57.088030,-29.755537,maxweight,6,Rua General Bento Martins
-57.086390,-29.755561,maxweight,6,Rua Duque de Caxias
-57.094488,-29.755588,maxweight,6,Rua Eustáquio Ormazabal
-57.092079,-29.755591,maxweight,6,Rua General Bento Martins
-57.096533,-29.755636,maxweight,6,Rua General Bento Martins
-57.091292,-29.755740,maxweight,6,Rua General Vitorino
-57.073565,-29.755964,maxweight,6,Rua General Bento Gonçalves
-57.079935,-29.756092,maxweight,6,Avenida General Flores da Cunha
-57.067113,-29.756157,maxweight,6,Rua Ramão Prunes de Oliveira
-57.098282,-29.756180,maxweight,6,Travessa Adolfo Martins de Menezes
-51.151842,-29.756222,maxheight,5.5,Rodovia BR-116
-51.151759,-29.756650,maxheight,5.5,Rodovia BR-116
-57.070348,-29.756771,maxweight,6,Rua Ministro Joaquim Murtinho
-57.072717,-29.756852,maxweight,6,Rua Santana
-50.043970,-29.756873,maxheight,3,
-57.065057,-29.756885,maxweight,6,Rua Santos Mandarino
-57.083996,-29.756923,maxweight,6,Rua Santana
-57.092860,-29.757021,maxweight,6,Rua Santana
-57.097671,-29.757044,maxweight,6,Rua Santana
-51.151912,-29.757196,maxheight,5.5,Rodovia BR-116
-57.067777,-29.757501,maxweight,6,Travessa Lino Barzoni
-57.064867,-29.757573,maxweight,6,Rua Professor João Janceski
-57.067107,-29.757676,maxweight,6,Rua Ramão Prunes de Oliveira
-57.097653,-29.757782,maxweight,6,Rua Marechal Floriano
-51.151964,-29.757790,maxheight,5.5,Rodovia BR-116
-51.151826,-29.757808,maxheight,5.5,Rodovia BR-116
-57.065567,-29.757840,maxweight,6,Rua José Cordenunsi
-57.079868,-29.758231,maxweight,6,Avenida General Flores da Cunha
-57.079951,-29.758232,maxweight,6,Avenida General Flores da Cunha
-57.073479,-29.758277,maxweight,6,Avenida Presidente Getúlio Vargas
-57.079917,-29.758292,maxweight,6,Avenida Presidente Getúlio Vargas
-57.080777,-29.758302,maxweight,6,Avenida Presidente Getúlio Vargas
-57.083155,-29.758328,maxweight,6,Avenida Presidente Getúlio Vargas
-51.152013,-29.758336,maxheight,5.5,Rodovia BR-116
-57.085559,-29.758355,maxweight,6,Avenida Presidente Getúlio Vargas
-57.064118,-29.758356,maxweight,6,Rua Victor Pingret
-57.079836,-29.758357,maxweight,6,Avenida General Flores da Cunha
-57.079998,-29.758357,maxweight,6,Avenida General Flores da Cunha
-57.087180,-29.758369,maxweight,6,Avenida Presidente Getúlio Vargas
-51.151863,-29.758374,maxheight,5.5,Rodovia BR-116
-57.081554,-29.758374,maxweight,6,Rua Sete de Setembro
-57.089625,-29.758374,maxweight,6,Rua 13 de Maio
-57.092833,-29.758380,maxweight,6,Rua Iris Ferrari Valls
-57.091216,-29.758394,maxweight,6,Avenida Presidente Getúlio Vargas
-57.084754,-29.758408,maxweight,6,Rua Domingos de Almeida
-57.073480,-29.758416,maxweight,6,Avenida Presidente Getúlio Vargas
-57.095233,-29.758418,maxweight,6,Avenida Presidente Getúlio Vargas
-57.079917,-29.758422,maxweight,6,Avenida Presidente Getúlio Vargas
-57.082375,-29.758446,maxweight,6,Avenida Presidente Getulio Vargas
-57.067123,-29.758452,maxweight,6,Rua Ramão Prunes de Oliveira
-57.098360,-29.758457,maxweight,6,Avenida Presidente Getúlio Vargas
-57.085573,-29.758479,maxweight,6,Avenida Presidente Getulio Vargas
-57.079870,-29.758507,maxweight,6,Avenida General Flores da Cunha
-57.092045,-29.758526,maxweight,6,Avenida Presidente Getúlio Vargas
-57.081551,-29.758577,maxweight,6,Rua Sete de Setembro
-57.079681,-29.758632,maxweight,6,Avenida General Flores da Cunha
-57.064415,-29.758735,maxweight,6,Rua João Papaleo
-51.151901,-29.758835,maxheight,5.5,Rodovia BR-116
-57.065008,-29.758923,maxweight,6,Avenida Presidente Getúlio Vargas
-57.065381,-29.758980,maxweight,6,Avenida Presidente Getúlio Vargas
-51.152064,-29.759086,maxheight,5.5,Rodovia BR-116
-57.062774,-29.759148,maxweight,6,Rua Doutor Carlos Valls
-51.151942,-29.759289,maxheight,5.5,Rodovia BR-116
-57.065330,-29.759297,maxweight,6,Rua Franklin Fernandes
-57.063427,-29.759412,maxweight,6,Rua Doutor Maia
-57.083944,-29.759430,maxweight,6,Travessa Osvaldo Cruz
-57.063876,-29.759474,maxweight,6,Rua Doutor Maia
-57.063299,-29.759572,maxweight,6,Avenida Presidente Getúlio Vargas
-57.063621,-29.759583,maxweight,6,Rua Doutor Maia
-57.072020,-29.759607,maxweight,6,Rua Doutor Maia
-57.062521,-29.759677,maxweight,6,
-57.080156,-29.759707,maxweight,6,Rua Doutor Maia
-57.064468,-29.759717,maxweight,6,Rua Francisco Etchepare
-57.084182,-29.759735,maxweight,6,Rua Doutor Maia
-57.075357,-29.759764,maxweight,6,
-57.089607,-29.759773,maxweight,6,Rua Doutor Maia
-57.092823,-29.759795,maxweight,6,Rua Doutor Maia
-57.095201,-29.759812,maxweight,6,Rua Doutor Maia
-57.098756,-29.759842,maxweight,6,Rua Doutor Maia
-57.100739,-29.760084,maxweight,6,Rua Aleixo Wurlod
-57.099201,-29.760138,maxweight,6,Rua Cabo Luiz Quevedo
-57.068732,-29.760217,maxweight,6,Rua Professor Luiz Antonio Lopes
-57.061905,-29.760250,maxweight,6,Rua Francisco Etchepare
-57.065518,-29.760279,maxweight,6,Rua Perimetral
-57.071103,-29.760301,maxweight,6,Travessa Francisco Maria Piquet
-57.074301,-29.760306,maxweight,6,Travessa Venancio Aires
-57.079098,-29.760393,maxweight,6,Travessa Santa Maria
-57.075096,-29.760394,maxweight,6,Rua Venancio Aires
-51.152054,-29.760438,maxheight,5.5,Rodovia BR-116
-57.079902,-29.760540,maxweight,6,Avenida General Flores da Cunha
-51.151943,-29.760600,maxheight,5.5,Rodovia BR-116
-57.060194,-29.760612,maxweight,6,Rua Hercules Alaor Bom
-57.101290,-29.760921,maxweight,6,Travessa Sessenta e Dois
-57.070076,-29.760934,maxweight,6,Rua Júlio de Castilhos
-51.151988,-29.760949,maxheight,5.5,Rodovia BR-116
-57.076696,-29.760961,maxweight,6,Rua Benjamin Constant
-57.062676,-29.760962,maxweight,6,Rua Luiz Bertinelli
-51.153001,-29.760981,maxheight,5.5,
-57.078280,-29.761043,maxweight,6,Rua dos Andradas
-57.067385,-29.761091,maxweight,6,Rua Ramão Prunes de Oliveira
-51.152890,-29.761098,maxheight,5.5,Rodovia BR-116
-57.083163,-29.761124,maxweight,6,Rua Júlio de Castilhos
-51.152074,-29.761187,maxheight,5.5,BR-116
-57.092800,-29.761210,maxweight,6,Rua Júlio de Castilhos
-57.095176,-29.761231,maxweight,6,Rua Júlio de Castilhos
-57.096779,-29.761249,maxweight,6,Rua Júlio de Castilhos
-57.099682,-29.761281,maxweight,6,Rua Júlio de Castilhos
-51.152665,-29.761332,maxheight,5.5,Rodovia BR-116
-57.073236,-29.761391,maxweight,6,Travessa Bento Gonçalves
-51.152188,-29.761420,maxheight,5.5,Rodovia BR-116
-57.102101,-29.761539,maxweight,6,Rua Júlio de Castilhos
-57.066626,-29.761635,maxweight,6,Travessa Um
-57.062678,-29.761647,maxweight,6,Rua Ariosto Cantori
-57.083133,-29.761662,maxweight,6,Rua General Câmara
-51.152263,-29.761708,maxheight,5.5,
-57.098638,-29.761797,maxweight,6,
-57.089564,-29.761871,maxweight,6,Rua 13 de Maio
-57.061891,-29.761881,maxweight,6,Rua Augusto de Almeida Tito
-57.091205,-29.761885,maxweight,6,Rua General Vitorino
-57.100801,-29.761925,maxweight,6,Travessa 32 Gabriel Bermudez
-57.078912,-29.761974,maxweight,6,
-57.077922,-29.762100,maxweight,6,
-57.063779,-29.762107,maxweight,6,Rua Agnaldo Tarrago
-57.059435,-29.762292,maxweight,6,Rua Agnaldo Tarrago
-57.077562,-29.762299,maxweight,6,
-57.079018,-29.762323,maxweight,6,Rua General Canabarro
-57.078644,-29.762362,maxweight,6,Rua General Canabarro
-57.070301,-29.762376,maxweight,6,Rua Ministro Joaquim Murtinho
-57.071848,-29.762395,maxweight,6,Rua General Canabarro
-57.063466,-29.762422,maxweight,6,Rua Waldemar Bresler
-57.064726,-29.762427,maxweight,6,Rua Franklin Fernandes
-57.079499,-29.762479,maxweight,6,Rua General Canabarro
-57.083115,-29.762513,maxweight,6,Rua General Canabarro
-57.097560,-29.762537,maxweight,6,Rua Marechal Floriano
-57.086951,-29.762542,maxweight,6,Rua General Canabarro
-57.088553,-29.762554,maxweight,6,Rua General Canabarro
-57.090373,-29.762567,maxweight,6,Rua General Canabarro
-57.078827,-29.762592,maxweight,6,Rua General Canabarro
-57.095889,-29.762615,maxweight,6,Rua General Canabarro
-57.079289,-29.762717,maxweight,6,
-57.079292,-29.762912,maxweight,6,
-57.061756,-29.762970,maxweight,6,Rua Mileto Vasconcelos
-57.077113,-29.763032,maxweight,6,Travessa Circulo Operario
-57.078837,-29.763134,maxweight,6,Largo Coronel Brasil Lago
-57.072338,-29.763277,maxweight,6,
-57.079514,-29.763325,maxweight,6,
-57.094853,-29.763327,maxweight,6,Travessa José Francisco
-57.065636,-29.763490,maxweight,6,Rua Perimetral Dois
-51.140327,-29.763514,maxheight,4.5,Avenida Imperatriz Dona Leopoldina
-57.067113,-29.763534,maxweight,6,Rua Ramão Prunes de Oliveira
-57.061751,-29.763648,maxweight,6,Rua Alcides Trein
-57.078342,-29.763696,maxweight,6,Beco 2
-57.069027,-29.763721,maxweight,6,Rua General Hipólito
-57.074285,-29.763821,maxweight,6,Rua General Hipólito
-57.082301,-29.763890,maxweight,6,Rua General Hipólito
-57.087933,-29.763941,maxweight,6,Rua General Hipólito
-57.095930,-29.763978,maxweight,6,Rua Marechal Deodoro
-57.093430,-29.764035,maxweight,6,Rua General Hipólito
-57.061957,-29.764062,maxweight,6,Rua Augusto de Almeida Tito
-57.073148,-29.764142,maxweight,6,
-57.072916,-29.764143,maxweight,6,
-57.073033,-29.764233,maxweight,6,
-51.153096,-29.764274,maxheight,5.5,Rodovia BR-116
-57.063047,-29.764323,maxweight,6,Rua Doutor Gregôrio Behregaray Filho
-57.059700,-29.764336,maxweight,6,Rua João Cafarate
-57.065360,-29.764377,maxweight,6,Rua Perimetral Um
-57.068043,-29.764394,maxweight,6,Travessa Colorado
-57.060294,-29.764428,maxweight,6,Rua Hercules Alaor Bom
-57.064222,-29.764442,maxweight,6,Rua Jesus Umpierre
-57.071083,-29.764479,maxweight,6,Travessa Genuino Fonseca Soares
-57.075880,-29.764512,maxweight,6,Rua Emilio Anglada
-57.074263,-29.764525,maxweight,6,Travessa Adair Muniz da Silveira
-57.078771,-29.764562,maxweight,6,Travessa Mario Braccini
-52.476686,-29.764578,maxweight,45,Ponte sobre o Rio Pardinho
-57.089523,-29.764653,maxweight,6,Rua 13 de Maio
-57.065951,-29.764819,maxweight,6,
-51.140099,-29.764856,maxheight,4.5,Avenida Mauá
-57.073026,-29.764986,maxweight,6,
-57.070353,-29.765037,maxweight,6,Rua Prado Lima
-57.060391,-29.765049,maxweight,6,Rua João Mendes Assis
-51.153740,-29.765088,maxheight,5.5,Avenida Getúlio Vargas
-51.154083,-29.765134,maxheight,5.5,Avenida Getúlio Vargas
-57.065536,-29.765246,maxweight,6,
-57.078272,-29.765254,maxweight,6,Rua Prado Lima
-57.065206,-29.765342,maxweight,6,Rua Perimetral Um
-57.094311,-29.765392,maxweight,6,Rua Eustáquio Ormazabal
-57.064648,-29.765405,maxweight,6,Rua Doutor Gregôrio Behregaray Filho
-57.091094,-29.765414,maxweight,6,Rua Prado Lima
-57.073490,-29.765525,maxweight,6,Rua General Bento Gonçalves
-57.059368,-29.765680,maxweight,6,Rua João Pero
-57.071446,-29.765684,maxweight,6,
-57.080501,-29.765766,maxweight,6,Travessa Elauterio José Flores
-57.063320,-29.765857,maxweight,6,Rua Waldemar Dressler
-57.072652,-29.765897,maxweight,6,Travessa Gildo de Freitas
-57.075843,-29.765926,maxweight,6,Travessa Antonio Del Rosso
-57.059584,-29.765928,maxweight,6,Rua Diego Lanziani
-57.087901,-29.766022,maxweight,6,Rua Quinze de Novembro
-57.098304,-29.766125,maxweight,6,Travessa Antonio Del Rosso
-57.068051,-29.766183,maxweight,6,Rua Doutor Gregôrio Behregaray Filho
-57.065999,-29.766352,maxweight,6,
-57.075050,-29.766528,maxweight,6,Rua Venâncio Aires
-57.065095,-29.766557,maxweight,6,
-57.065344,-29.766611,maxweight,6,
-57.069922,-29.766665,maxweight,6,
-51.153682,-29.766683,maxheight,5.5,Rodovia BR-116
-57.085442,-29.766701,maxweight,6,Rua Doutor Gregôrio Behregaray Filho
-57.086301,-29.766706,maxweight,6,Rua Duque de Caxias
-57.070246,-29.766714,maxweight,6,Rua Ministro Joaquim Murtinho
-57.064414,-29.766740,maxweight,6,
-57.068488,-29.766759,maxweight,6,
-57.063431,-29.766833,maxweight,6,Rua Perimetral Um
-57.066133,-29.766870,maxweight,6,Rua Um
-57.069640,-29.766904,maxweight,6,
-57.059354,-29.767010,maxweight,6,Rua João Oliveira
-57.069376,-29.767022,maxweight,6,
-57.065419,-29.767154,maxweight,6,
-57.084625,-29.767212,maxweight,6,Rua Domingos de Almeida
-57.079825,-29.767331,maxweight,6,Avenida General Flores da Cunha
-57.070190,-29.767350,maxweight,6,Rua Ministro Joaquim Murtinho
-57.083844,-29.767385,maxweight,6,Travessa Doutor Francisco Orcy
-57.060614,-29.767397,maxweight,6,Beco Um
-57.089484,-29.767444,maxweight,6,Rua 13 de Maio
-57.096668,-29.767455,maxweight,6,Travessa Onze
-57.091921,-29.767464,maxweight,6,Travessa Eunice Weaver
-57.070434,-29.767489,maxweight,6,Rua Santos Dumont
-57.097466,-29.767495,maxweight,6,Rua Marechal Floriano
-57.069671,-29.767507,maxweight,6,Beco Santos Dumont
-57.098056,-29.767519,maxweight,6,
-57.062677,-29.767559,maxweight,6,Rua Waldemar Dressler
-57.099056,-29.767572,maxweight,6,Rua Cabo Luiz Quevedo
-57.059342,-29.767585,maxweight,6,Travessa Dois
-57.081502,-29.767595,maxweight,6,Rua Sete de Setembro
-51.140681,-29.767613,maxheight,4.5,Rua Lindolfo Collor
-57.071299,-29.767750,maxweight,6,Rua Acario Carvalho
-57.067804,-29.768036,maxweight,6,Rua João Batista Luzardo
-57.085999,-29.768103,maxweight,6,Rua Quatorze de Julho
-57.059827,-29.768186,maxweight,6,Rua Miguel Beleza
-57.067065,-29.768310,maxweight,6,Rua Doutor Roberval Beheregaray de Azevedo
-57.081812,-29.768324,maxweight,6,Travessa Doutor Francisco Martins Bastos
-51.153411,-29.768361,maxheight,5.5,Rodovia BR-116
-57.063968,-29.768560,maxweight,6,Travessa Um
-57.059832,-29.768599,maxweight,6,
-57.078174,-29.768664,maxweight,6,Rua dos Andradas
-57.074200,-29.768693,maxweight,6,Travessa Treze
-57.080594,-29.768753,maxweight,6,Travessa Professor Elpidio de Moraes Gomes
-57.063324,-29.768777,maxweight,6,Travessa Dois
-57.091095,-29.768830,maxweight,6,Rua General Vitorino
-57.072899,-29.769062,maxweight,6,Rua Acario Carvalho
-57.059188,-29.769089,maxweight,6,Alameda Um
-57.059803,-29.769149,maxweight,6,Alameda Central
-57.060500,-29.769261,maxweight,6,Alameda Dois
-57.068222,-29.769264,maxweight,6,Rua Osvaldo Pedroso
-57.061088,-29.769273,maxweight,6,Rua Fernando Tramunt
-57.075016,-29.769395,maxweight,6,Rua José Garibaldi
-57.065064,-29.769406,maxweight,6,Rua José Gomes de Souza
-57.079397,-29.769431,maxweight,6,Rua José Garibaldi
-57.073440,-29.769444,maxweight,6,Rua General Bento Gonçalves
-57.072238,-29.769512,maxweight,6,Rua Monsenhor Francisco P. Dias
-57.089815,-29.769517,maxweight,6,Rua José Garibaldi
-57.067462,-29.769584,maxweight,6,Rua João Batista Luzardo
-57.098221,-29.769587,maxweight,6,Rua José Garibaldi
-57.059988,-29.769596,maxweight,6,Rua Vicente Fittipaldi
-57.059162,-29.769653,maxweight,6,Alameda Tres
-57.106563,-29.769657,maxweight,6,Rua José Garibaldi
-57.065824,-29.769774,maxweight,6,Rua Romagueira Correa
-57.060399,-29.769776,maxweight,6,Alameda Quatro
-57.064186,-29.769849,maxweight,6,Rua José Francisco Pereira da Silva
-57.066559,-29.769881,maxweight,6,Rua Dalton Rosa
-57.064972,-29.769955,maxweight,6,Rua João Arregui
-57.074219,-29.770080,maxweight,6,Rua Acario Carvalho
-57.076585,-29.770089,maxweight,6,Rua Benjamin Constant
-51.141789,-29.770111,maxheight,4.5,Avenida João Corrêa
-57.087042,-29.770204,maxweight,6,Travessa Doutor Rene Walter Cobelli
-57.090261,-29.770208,maxweight,6,Travessa Osmar Marques Bohrer
-57.091886,-29.770224,maxweight,6,Travessa Allan Kardec
-57.059164,-29.770227,maxweight,6,Alameda Cinco
-51.141755,-29.770232,maxheight,4.5,Avenida João Corrêa
-57.071784,-29.770233,maxweight,6,Rua Artur Schenkel
-57.095043,-29.770254,maxweight,6,Travessa José Mascia
-57.096649,-29.770267,maxweight,6,Travessa Hemelindo Cavalheiro
-57.064448,-29.770336,maxweight,6,Avenida Alceu Wamosy
-57.062446,-29.770347,maxweight,6,Rua Emilio Blandi
-51.153716,-29.770426,maxheight,5,Avenida Getúlio Vargas
-57.060513,-29.770426,maxweight,6,Alameda Seis
-57.061549,-29.770432,maxweight,6,Rua Dorival Arregui
-57.063208,-29.770444,maxweight,6,Rua Santiago Mascia
-51.153386,-29.770462,maxheight,5,Avenida Getúlio Vargas
-51.142093,-29.770515,maxheight,4.5,
-51.153638,-29.770546,maxheight,5,Rodovia BR-116
-51.153521,-29.770553,maxheight,5,Rodovia BR-116
-57.075000,-29.770717,maxweight,6,Rua Venâncio Aires
-57.074189,-29.770758,maxweight,6,Rua Doutor Antônio Monteiro
-57.071267,-29.770766,maxweight,6,Rua Doutor Ney Messias
-57.075789,-29.770775,maxweight,6,Rua Doutor Antônio Monteiro
-57.059151,-29.770791,maxweight,6,Alameda Sete
-57.087002,-29.770878,maxweight,6,Rua Doutor Antônio Monteiro
-57.089433,-29.770914,maxweight,6,Rua 13 de Maio
-57.097396,-29.770977,maxweight,6,Rua Marechal Floriano
-57.060463,-29.770988,maxweight,6,Alameda Oito
-57.068295,-29.771060,maxweight,6,Beco Cinquenta e Sete
-57.102922,-29.771106,maxweight,6,Rua Antonio Monteiro
-51.142760,-29.771148,maxheight,4.5,Rua São Joaquim
-57.092621,-29.771156,maxweight,6,Rua Iris Ferrari Valls
-57.086759,-29.771170,maxweight,6,Travessa Lila Martins Guimarães
-57.075763,-29.771299,maxweight,6,Rua Acario Carvalho
-57.059120,-29.771379,maxweight,6,Alameda Nove
-57.087533,-29.771442,maxweight,6,Travessa Maestro José Servan
-57.066954,-29.771448,maxweight,6,Rua João Batista Luzardo
-57.076557,-29.771452,maxweight,6,Rua Benjamin Constant
-57.071055,-29.771465,maxweight,6,Rua Oito
-57.066044,-29.771483,maxweight,6,Rua Arancibio Araujo Fioravante
-57.073402,-29.771511,maxweight,6,Rua General Bento Gonçalves
-57.069890,-29.771523,maxweight,6,Rua Prefeito Félix Grivot
-57.068865,-29.771537,maxweight,6,Travessa Um
-57.060427,-29.771560,maxweight,6,Alameda Dez
-57.085410,-29.771577,maxweight,6,Travessa Vereador Ramão Barbat Filho
-57.086738,-29.771586,maxweight,6,Travessa Lilia Martins Guimarães
-57.090225,-29.771607,maxweight,6,Travessa Monsenhor Estanislau Wolski
-57.068500,-29.771625,maxweight,6,Rua Urbano Lago Vilela
-57.101373,-29.771737,maxweight,6,
-57.086485,-29.771742,maxweight,6,Travessa Lila Martins Guimarães
-57.086971,-29.771749,maxweight,6,Travessa Lila Martins Guimarães
-57.074159,-29.771785,maxweight,6,Rua Dois
-57.063255,-29.771796,maxweight,6,Rua Argeu Pereira dos Santos
-57.107518,-29.771840,maxweight,6,
-57.086991,-29.771856,maxweight,6,Travessa Maestro José Servan
-51.143035,-29.771860,maxheight,4.5,Rua Florêncio Câmara
-57.070510,-29.771965,maxweight,6,Rua Joceli Dias de Assunção
-51.153998,-29.772061,maxheight,6,
-57.073141,-29.772099,maxweight,6,
-57.076244,-29.772125,maxweight,6,Rua Coronel Rodrigues Portugal
-57.074966,-29.772150,maxweight,6,Rua Venâncio Aires
-57.078153,-29.772154,maxweight,6,Rua Coronel Rodrigues Portugal
-57.075162,-29.772182,maxweight,6,
-57.081386,-29.772196,maxweight,6,Rua Coronel Rodrigues Portugal
-57.061292,-29.772230,maxweight,6,Rua Fernando Tramunt
-57.090412,-29.772299,maxweight,6,Rua Coronel Rodrigues Portugal
-51.154079,-29.772325,maxheight,6,Avenida João Corrêa
-57.077142,-29.772362,maxweight,6,
-57.097929,-29.772378,maxweight,6,Rua Coronel Rodrigues Portugal
-57.103237,-29.772467,maxweight,6,Rua Coronel Rodrigues Portugal
-51.154202,-29.772531,maxheight,5.5,Viaduto Manoel Luiz Nunes
-51.154085,-29.772541,maxheight,5.5,Rodovia BR-116
-57.071981,-29.772615,maxweight,6,
-51.154237,-29.772735,maxheight,6,
-57.079743,-29.772881,maxweight,6,Avenida General Flores da Cunha
-57.060534,-29.772971,maxweight,6,Alameda Doze
-57.072220,-29.773010,maxweight,6,Rua Nove
-57.070600,-29.773022,maxweight,6,Rua Urbano Lago Vilela
-57.092928,-29.773038,maxweight,6,
-57.074411,-29.773052,maxweight,6,Rua Doutor Homero Tarrago
-57.098435,-29.773073,maxweight,6,
-57.069428,-29.773089,maxweight,6,Rua Mario Quintana
-57.102914,-29.773112,maxweight,6,Travessa Nelli Ribeiro
-57.104505,-29.773139,maxweight,6,
-51.143420,-29.773142,maxheight,4.5,Rua Frederico Wolfenbuttel
-57.059239,-29.773183,maxweight,6,Alameda Onze
-57.108483,-29.773229,maxweight,6,Rua Roberto Kramer
-57.077562,-29.773296,maxweight,6,Travessa Vila Julia
-57.061789,-29.773332,maxweight,6,Alameda do Espinho
-57.079195,-29.773473,maxweight,6,Rua Padre Anchieta
-57.074943,-29.773526,maxweight,6,Rua Padre Anchieta
-57.060688,-29.773543,maxweight,6,Alameda Quartoze
-57.077594,-29.773544,maxweight,6,Rua Padre Anchieta
-57.081353,-29.773604,maxweight,6,Rua Padre Anchieta
-57.084606,-29.773638,maxweight,6,Rua Padre Anchieta
-57.087015,-29.773662,maxweight,6,Rua Padre Anchieta
-57.082337,-29.773674,maxweight,6,Rua Doutor Francisco Martins Bastos
-57.088599,-29.773678,maxweight,6,Rua Padre Anchieta
-57.092569,-29.773720,maxweight,6,Rua Padre Anchieta
-57.059414,-29.773729,maxweight,6,Alameda Treze
-57.067848,-29.773764,maxweight,6,Rua Santos Dumont
-57.073281,-29.773768,maxweight,6,Rua General Bento Gonçalves
-57.097423,-29.773803,maxweight,6,Rua Padre Anchieta
-57.102979,-29.773831,maxweight,6,Rua Padre Anchieta
-57.072373,-29.773852,maxweight,6,Rua Padre Anchieta
-57.114104,-29.773857,maxweight,6,
-57.109289,-29.773914,maxweight,6,Rua Padre Anchieta
-57.079761,-29.773922,maxweight,6,Avenida General Flores da Cunha
-57.073021,-29.773927,maxweight,6,Rua Padre Anchieta
-57.106913,-29.773935,maxweight,6,Rua Monteiro Lobato
-57.095740,-29.773958,maxweight,6,Rua General Canabarro
-57.070178,-29.773989,maxweight,6,Rua Sérgio de Oliveira
-57.093227,-29.774029,maxweight,6,
-57.069523,-29.774034,maxweight,6,Rua Henrique Piegas
-57.060881,-29.774113,maxweight,6,Alameda Dezesseis
-57.095731,-29.774216,maxweight,6,Rua General Canabarro
-57.073239,-29.774244,maxweight,6,Rua Bento Gonçalves
-57.067212,-29.774290,maxweight,6,Rua Vereador Arnaldo D'Augustin Ribeiro
-57.059610,-29.774304,maxweight,6,Alameda Quinze
-57.083742,-29.774323,maxweight,6,Travessa Naor Lopes Pereira
-57.074475,-29.774335,maxweight,6,Rua C
-57.110800,-29.774335,maxweight,6,Rua Padre Anchieta
-57.089383,-29.774349,maxweight,6,Rua 13 de Maio
-57.113741,-29.774354,maxweight,6,
-57.061353,-29.774388,maxweight,6,Alameda Dezoito
-57.114287,-29.774412,maxweight,6,
-57.112791,-29.774462,maxweight,6,
-57.099725,-29.774501,maxweight,6,Travessa Cesar Passarinho
-57.071319,-29.774525,maxweight,6,Rua Doutor Homero Tarragó
-57.068987,-29.774537,maxweight,6,Rua Fernando Ferrari
-57.072511,-29.774599,maxweight,6,Rua Onze
-57.106464,-29.774612,maxweight,6,
-57.103674,-29.774644,maxweight,6,Rua Doutor Borges da Costa
-57.080519,-29.774658,maxweight,6,Travessa Eurico Lara
-57.095719,-29.774720,maxweight,6,Rua General Canabarro
-57.076907,-29.774721,maxweight,6,Rua Benjamin Constant
-57.101326,-29.774735,maxweight,6,
-57.059790,-29.774791,maxweight,6,Alameda Dezessete
-57.087791,-29.774797,maxweight,6,Rua Quinze de Novembro
-57.075012,-29.774810,maxweight,6,Rua Fernando Ferrari
-57.067053,-29.774832,maxweight,6,Rua Prefeito Félix Grivot
-57.113977,-29.774850,maxweight,6,
-57.082948,-29.774940,maxweight,6,Rua General Câmara
-57.111901,-29.774980,maxweight,6,
-57.107346,-29.774988,maxweight,6,
-57.111499,-29.775024,maxweight,6,
-57.111582,-29.775024,maxweight,6,
-57.084303,-29.775034,maxweight,6,Rua General Estilac Leal
-57.087749,-29.775067,maxweight,6,Rua General Estilac Leal
-57.089547,-29.775091,maxweight,6,Rua General Estilac Leal
-57.094136,-29.775184,maxweight,6,Rua Eustáquio Ormazabal
-57.086146,-29.775185,maxweight,6,
-57.086257,-29.775187,maxweight,6,
-57.098922,-29.775225,maxweight,6,Rua Cabo Luiz Quevedo
-57.068701,-29.775236,maxweight,6,Rua Vereador Arnaldo D'Augustin Ribeiro
-57.099864,-29.775252,maxweight,6,Rua General Estilac Leal
-57.060691,-29.775266,maxweight,6,Rua Três
-57.113391,-29.775278,maxweight,6,
-57.059973,-29.775311,maxweight,6,Alameda Dezenove
-57.111443,-29.775369,maxweight,6,
-57.109272,-29.775371,maxweight,6,Travessa Quatorze
-57.110743,-29.775426,maxweight,6,Rua General Estilac Leal
-57.086192,-29.775471,maxweight,6,
-57.080118,-29.775488,maxweight,6,Rua General Flores da Cunha
-57.067509,-29.775492,maxweight,6,Rua Um
-57.075187,-29.775510,maxweight,6,Rua Vereador Pedro Irala
-57.075314,-29.775563,maxweight,6,Rua Venâncio Aires
-57.085714,-29.775587,maxweight,6,Rua Marechal Setembrino de Carvalho
-57.091344,-29.775607,maxweight,6,Rua B
-57.086962,-29.775658,maxweight,6,
-51.154895,-29.775670,maxheight,5.5,Avenida Getúlio Vargas
-57.085783,-29.775700,maxweight,6,
-57.083481,-29.775736,maxweight,6,Rua Senador Salgado Filho
-51.155285,-29.775849,maxheight,5.5,Avenida Getúlio Vargas
-57.067055,-29.775860,maxweight,6,Rua Dois
-57.086920,-29.775875,maxweight,6,
-57.070141,-29.775896,maxweight,6,Rua Doutor Homero Tarragó
-57.084717,-29.775907,maxweight,6,Rua Marechal Setembrino de Carvalho
-57.091941,-29.775913,maxweight,6,Rua Z
-57.097344,-29.775929,maxweight,6,Rua Marechal Floriano
-57.078652,-29.775956,maxweight,6,Rua dos Andradas
-57.099692,-29.775980,maxweight,6,
-57.107957,-29.776037,maxweight,6,Beco Roberto Kramer
-57.086188,-29.776042,maxweight,6,
-57.110036,-29.776086,maxweight,6,Rua Albertino Pires
-57.084510,-29.776087,maxweight,6,Rua Domingos José de Almeida
-57.104937,-29.776140,maxweight,6,Beco Um
-57.111091,-29.776145,maxweight,6,Rua Padre Anchieta
-57.110548,-29.776154,maxweight,6,Travessa Cinquenta e Nove
-57.083459,-29.776156,maxweight,6,Rua Marechal Setembrino de Carvalho
-57.091358,-29.776162,maxweight,6,Rua Seis
-51.155099,-29.776194,maxheight,5.5,BR-116
-57.073755,-29.776236,maxweight,6,Rua Bento Gonçalves
-57.085888,-29.776268,maxweight,6,Rua Senador Salgado Filho
-57.075271,-29.776338,maxweight,6,Rua Alais Pinto Bermudez
-57.066961,-29.776390,maxweight,6,Rua Doze
-57.088557,-29.776487,maxweight,6,Rua Senador Salgado Filho
-57.081786,-29.776488,maxweight,6,Rua Marechal Setembrino de Carvalho
-57.089336,-29.776535,maxweight,6,Rua 13 de Maio
-57.090940,-29.776544,maxweight,6,Rua do Girassol
-57.090950,-29.776557,maxweight,6,Rua Coronel Floroardo da Silva
-57.072193,-29.776619,maxweight,6,Rua Ademar dos Santos Pinheiro
-57.102072,-29.776692,maxweight,6,Rua Emilio Tauceda
-57.101648,-29.776699,maxweight,6,Rua Senador Salgado Filho
-57.105233,-29.776719,maxweight,6,Rua Doutor Telmo Martins Bastos
-57.108456,-29.776764,maxweight,6,Rua Roberto Kramer
-57.075864,-29.776831,maxweight,6,Rua Joal de Lima e Silva
-57.100491,-29.776865,maxweight,6,Rua Aleixo Wurlod
-57.090491,-29.776879,maxweight,6,Rua Argeu Veiga
-57.079274,-29.776958,maxweight,6,Rua Marechal Setembrino de Carvalho
-57.068080,-29.777104,maxweight,6,Rua Dom Luís Felipe de Nadal
-57.070659,-29.777110,maxweight,6,Rua Ludgerio Muller Pereira
-57.089903,-29.777120,maxweight,6,Rua Paul Harris
-57.110214,-29.777207,maxweight,6,
-57.077599,-29.777253,maxweight,6,Rua Marechal Setembrino de Carvalho
-57.096473,-29.777325,maxweight,6,Travessa Trinta e Tres
-57.083130,-29.777340,maxweight,6,Rua General Câmara
-57.102851,-29.777426,maxweight,6,Rua Victoriano Ribeiro
-57.090516,-29.777430,maxweight,6,Rua Faustino de Silva
-57.083537,-29.777435,maxweight,6,Rua Cinco
-57.080613,-29.777467,maxweight,6,Rua General Flores da Cunha
-57.076323,-29.777491,maxweight,6,Rua Marechal Setembrino de Carvalho
-57.078130,-29.777510,maxweight,6,
-57.064913,-29.777528,maxweight,6,Rua Menesio Fabrício
-57.109220,-29.777543,maxweight,6,Travessa Trinta e Nove
-57.068982,-29.777554,maxweight,6,Rua Alais Pinto Bemudez
-57.080017,-29.777639,maxweight,6,Rua Camboatá
-57.075907,-29.777676,maxweight,6,Rua Marechal Setembrino de Carvalho
-57.068597,-29.777718,maxweight,6,Rua Doutor Homero Tarragó
-57.082849,-29.777848,maxweight,6,Rua Três
-57.092112,-29.777969,maxweight,6,Rua Senador Pinheiro Machado
-57.096869,-29.778038,maxweight,6,Rua Senador Pinheiro Machado
-57.098070,-29.778055,maxweight,6,Rua Senador Pinheiro Machado
-57.073231,-29.778086,maxweight,6,Rua Marechal Setembrino de Carvalho
-57.100438,-29.778086,maxweight,6,Rua Dezoito de Setembro
-57.104430,-29.778153,maxweight,6,Rua Senador Pinheiro Machado
-57.069343,-29.778227,maxweight,6,Rua Cinco
-57.076328,-29.778255,maxweight,6,Rua Camboatá
-57.079993,-29.778336,maxweight,6,Rua Sete
-57.095653,-29.778545,maxweight,6,Rua Marechal Deodoro
-57.071046,-29.778575,maxweight,6,Rua Marechal Setembrino de Carvalho
-57.081434,-29.778593,maxweight,6,Rua Nove
-57.082264,-29.778620,maxweight,6,Rua Dez Lot Olga Ibarra
-57.082481,-29.778636,maxweight,6,Rua Oito Olga Ibarra
-57.090911,-29.778638,maxweight,6,Rua 3
-57.106003,-29.778662,maxweight,6,
-51.158148,-29.778701,maxheight,5.5,Rodovia BR-116
-57.096436,-29.778726,maxweight,6,Travessa Cinquenta e Um
-57.099655,-29.778778,maxweight,6,Travessa Octacilio F Lima
-57.102583,-29.778825,maxweight,6,Travessa Cinquenta e Sete
-57.103090,-29.778833,maxweight,6,Travessa Cinquenta e Seis
-57.078886,-29.778845,maxweight,6,
-57.106798,-29.778893,maxweight,6,Rua Monteiro Lobato
-57.088630,-29.778920,maxweight,6,Prolongamento Rua Doutor Adir Machado Mascia
-57.109992,-29.778935,maxweight,6,Rua Albertino Pires
-57.075553,-29.778963,maxweight,6,Rua Acácia
-57.069094,-29.779026,maxweight,6,Rua Marechal Setembrino de Carvalho
-57.090049,-29.779113,maxweight,6,Rua Quatro
-57.105992,-29.779174,maxweight,6,
-57.067523,-29.779212,maxweight,6,Rua Marechal Setembrino de Carvalho
-57.081192,-29.779221,maxweight,6,Rua Oito
-57.071732,-29.779229,maxweight,6,Rua Dezenove
-57.076879,-29.779263,maxweight,6,Rua Guajuvira
-57.082221,-29.779314,maxweight,6,Rua Um
-57.076205,-29.779328,maxweight,6,Rua Antônio Aracy Meus
-57.094055,-29.779379,maxweight,6,Rua Eustáquio Ormazabal
-57.076082,-29.779421,maxweight,6,Rua Araçá
-51.143312,-29.779426,maxheight,4.5,Avenida Presidente João Goulart
-57.097249,-29.779449,maxweight,6,Rua Marechal Floriano
-57.098839,-29.779464,maxweight,6,Rua Doutor Adir Machado Mascia
-51.143069,-29.779475,maxheight,4.5,Avenida Presidente João Goulart
-57.081590,-29.779548,maxweight,6,Rua Sete
-57.066391,-29.779550,maxweight,6,Rua Marechal Setembrino de Carvalho
-57.104417,-29.779555,maxweight,6,Travessa 37
-57.108103,-29.779620,maxweight,6,Rua Doutor Adir Machado Mascia
-57.089443,-29.779782,maxweight,6,Rua 13 de Maio
-51.157724,-29.779796,maxheight,5.5,Avenida Getúlio Vargas
-51.158749,-29.779802,maxheight,5.5,Rodovia BR-116
-57.081970,-29.779861,maxweight,6,Rua Cinco
-57.099878,-29.779966,maxweight,6,
-57.080512,-29.779978,maxweight,6,Rua Érico Veríssimo
-57.071331,-29.780024,maxweight,6,Rua Vinte
-57.075715,-29.780068,maxweight,6,Rua Álamos
-57.077511,-29.780075,maxweight,6,Rua Três
-57.081423,-29.780134,maxweight,6,Rua Três
-57.102806,-29.780157,maxweight,6,Travessa 70
-57.090223,-29.780165,maxweight,6,Rua 3
-51.157686,-29.780183,maxheight,5.5,Avenida Getúlio Vargas
-57.082381,-29.780200,maxweight,6,Rua Quatro
-57.101242,-29.780210,maxweight,6,
-57.111511,-29.780229,maxweight,6,
-57.111022,-29.780231,maxweight,6,
-57.105998,-29.780288,maxweight,6,Travessa 41
-57.078499,-29.780298,maxweight,6,Rua Um
-57.106769,-29.780301,maxweight,6,Rua Monteiro Lobato
-51.157968,-29.780457,maxheight,5.5,
-57.075454,-29.780696,maxweight,6,Rua Sete
-57.078651,-29.780752,maxweight,6,Rua Quatro
-57.071099,-29.780808,maxweight,6,Rua Vinte e Um
-57.095648,-29.780808,maxweight,6,Rua Doutor Gonçalves Vianna
-57.070850,-29.780827,maxweight,6,
-57.103579,-29.780877,maxweight,6,Rua Doutor Borges da Costa
-57.074116,-29.780878,maxweight,6,
-57.072446,-29.780923,maxweight,6,
-57.101983,-29.780926,maxweight,6,Rua Doutor Gonçalves Vianna
-57.078015,-29.780973,maxweight,6,Rua Paineira
-57.073340,-29.780991,maxweight,6,
-57.098781,-29.781004,maxweight,6,Rua Cabo Luiz Quevedo
-57.079310,-29.781007,maxweight,6,Rua Três
-57.109659,-29.781044,maxweight,6,Rua A
-57.076453,-29.781079,maxweight,6,Rua Guabiju
-57.109130,-29.781110,maxweight,6,Rua G
-57.094820,-29.781184,maxweight,6,Travessa Sessenta e Um
-57.098787,-29.781191,maxweight,6,Rua Cabo Luiz Quevedo
-57.077666,-29.781206,maxweight,6,Rua Huabiju
-57.099144,-29.781251,maxweight,6,
-57.075658,-29.781269,maxweight,6,Rua Guabiju
-57.070175,-29.781381,maxweight,6,Prolongamento da Rua 5
-57.077897,-29.781462,maxweight,6,
-57.097182,-29.781518,maxweight,6,Rua Marechal Floriano
-57.096384,-29.781522,maxweight,6,Travessa Seis
-57.074266,-29.781529,maxweight,6,
-57.100932,-29.781567,maxweight,6,Rua Um
-57.098841,-29.781578,maxweight,6,Rua Cabo Luiz Quevedo
-57.099193,-29.781589,maxweight,6,
-57.088927,-29.781595,maxweight,6,Travessa Linha de Tiro
-57.101445,-29.781595,maxweight,6,Rua Dois
-57.078292,-29.781597,maxweight,6,
-57.104132,-29.781644,maxweight,6,Rua Amantino Samurio Alves
-57.099525,-29.781650,maxweight,6,
-57.104615,-29.781652,maxweight,6,Rua Seis
-57.077457,-29.781783,maxweight,6,
-57.075754,-29.781821,maxweight,6,Travvessa Independencia
-57.099206,-29.781908,maxweight,6,
-57.098784,-29.781911,maxweight,6,Rua Cabo Luiz Quevedo
-57.102518,-29.782095,maxweight,6,Rua Três
-57.103017,-29.782118,maxweight,6,Rua Quatro
-57.106731,-29.782191,maxweight,6,Rua Monteiro Lobato
-57.096657,-29.782204,maxweight,6,Travessa Um
-57.075738,-29.782276,maxweight,6,
-57.075178,-29.782342,maxweight,6,Rua Inhanduvaí
-57.102826,-29.782379,maxweight,6,Rua Umbelino Francisco Gomes
-57.076720,-29.782435,maxweight,6,Rua Tarumã
-57.109607,-29.782436,maxweight,6,Rua B
-57.076069,-29.782742,maxweight,6,Rua Angico
-57.070479,-29.782995,maxweight,6,
-57.105130,-29.782998,maxweight,6,Rua Corticeira
-57.108305,-29.783070,maxweight,6,Rua F
-57.077848,-29.783147,maxweight,6,Rua Dois
-57.078573,-29.783179,maxweight,6,Rua Dois
-57.072526,-29.783275,maxweight,6,Rua Érico Veríssimo
-57.102316,-29.783282,maxweight,6,
-57.071418,-29.783283,maxweight,6,
-57.103265,-29.783291,maxweight,6,
-57.101828,-29.783292,maxweight,6,Rua Espinilho
-57.105403,-29.783308,maxweight,6,Rua Espinilho
-57.075984,-29.783311,maxweight,6,Rua Guatambu
-57.106445,-29.783316,maxweight,6,Rua Espinilho
-57.078370,-29.783337,maxweight,6,Rua Um
-57.107003,-29.783467,maxweight,6,Rua Espinilho
-57.101911,-29.783484,maxweight,6,
-57.109886,-29.783623,maxweight,6,Rua Albertino Pires
-57.109330,-29.783633,maxweight,6,Rua H
-57.107798,-29.783732,maxweight,6,Rua E
-57.110142,-29.783794,maxweight,6,Rua C
-57.075618,-29.783819,maxweight,6,Rua Érico Veríssimo
-57.103707,-29.783821,maxweight,6,Rua Espinilho
-57.076766,-29.783859,maxweight,6,Rua Érico Veríssimo
-51.141751,-29.783883,maxheight,4.5,Avenida Emília Prass
-51.141570,-29.783930,maxheight,4.5,Avenida Emília Prass
-51.162056,-29.783997,maxheight,5.5,Rodovia BR-116
-51.141687,-29.784007,maxheight,4.5,Avenida Emília Prass
-51.141813,-29.784082,maxheight,4.5,Avenida Emília Prass
-57.107288,-29.784227,maxweight,6,Rua D
-57.105690,-29.784323,maxweight,6,Rua Oito
-57.106184,-29.784329,maxweight,6,Rua Nove
-57.102232,-29.784505,maxweight,6,Rua Emilio Tauceda
-57.108802,-29.784590,maxweight,6,Rua G
-57.110387,-29.784811,maxweight,6,Rua J
-57.077170,-29.784884,maxweight,6,
-57.106972,-29.784961,maxweight,6,
-55.774508,-29.785031,maxweight,25,Ponte Borges de Medeiros
-57.109872,-29.785074,maxweight,6,Rua D
-51.162771,-29.785102,maxheight,5.5,Rodovia BR-116
-57.104529,-29.785105,maxweight,6,Rua Sarandi
-57.110865,-29.785484,maxweight,6,Rua K
-57.104773,-29.785565,maxweight,6,Rua Canapistula
-57.103198,-29.785584,maxweight,6,Rua Cordilheira
-57.102704,-29.785594,maxweight,6,Rua Pitangueira
-57.106561,-29.785626,maxweight,6,Rua Monteiro Lobato
-57.107723,-29.785692,maxweight,6,Rua E
-57.108246,-29.785698,maxweight,6,Rua F
-57.103747,-29.785721,maxweight,6,Rua Doutor Borges da Costa
-57.111413,-29.785797,maxweight,6,Rua L
-57.104336,-29.785928,maxweight,6,Rua Jacarangá
-57.111950,-29.786158,maxweight,6,Rua M
-57.112452,-29.786209,maxweight,6,Rua N
-57.107212,-29.786315,maxweight,6,Rua Sarandi
-57.105245,-29.786333,maxweight,6,Rua Corticeira
-57.105960,-29.786337,maxweight,6,Rua Ipê
-57.107965,-29.786389,maxweight,6,Rua Doze
-57.103680,-29.786480,maxweight,6,Rua Ipê
-57.111113,-29.786481,maxweight,6,Rua Doze
-57.112966,-29.786628,maxweight,6,Rua O
-57.102040,-29.786796,maxweight,6,
-57.113439,-29.787431,maxweight,6,
-52.461395,-29.787593,maxweight,45,Ponte sobre o Arroio Grande
-57.105942,-29.787658,maxweight,6,Rua Treze
-57.111745,-29.787812,maxweight,6,Rua Treze
-52.461077,-29.787825,maxweight,45,Ponte sobre o Arroio Grande
-57.093281,-29.789181,maxweight,6,Beco Transazul
-57.094761,-29.792303,maxweight,6,Brete do Machado
-51.164328,-29.792584,maxheight,5.5,Rodovia BR-116
-51.164567,-29.794539,maxheight,5.5,Rodovia BR-116
-57.098214,-29.794822,maxweight,6,
-57.101121,-29.794889,maxweight,6,
-51.164588,-29.795391,maxheight,5.5,Avenida Getúlio Vargas
-51.164872,-29.795692,maxheight,5.5,Rodovia BR-116
-51.165102,-29.796297,maxheight,5.5,Avenida Getúlio Vargas
-57.094761,-29.796866,maxweight,6,Brete da Antiga Usina de Lixo
-51.165652,-29.799529,maxheight,5.5,Avenida Getúlio Vargas
-51.165609,-29.799979,maxheight,5,Rodovia BR-116
-51.165349,-29.799987,maxheight,5,Avenida Getúlio Vargas
-51.165520,-29.800105,maxheight,5,Rodovia BR-116
-51.166703,-29.805229,maxheight,5.5,Rodovia BR-116
-51.166578,-29.805253,maxheight,5.5,Rodovia BR-116
-51.166620,-29.806256,maxheight,5.5,Avenida Getúlio Vargas
-51.169604,-29.816370,maxheight,5.5,
-51.169680,-29.816612,maxheight,5.5,
-51.169756,-29.816821,maxheight,5.5,
-51.170040,-29.817902,maxheight,5.5,
-51.170122,-29.818170,maxheight,5.5,Avenida Hugo Gerdau
-51.170232,-29.818506,maxheight,5.5,
-51.148286,-29.821567,maxheight,4.5,Túnel Hassan Mustafa
-51.148360,-29.821567,maxheight,4.5,Túnel Hassan Mustafa
-51.147903,-29.822371,maxheight,4.5,Túnel Hassan Mustafa
-51.147979,-29.822415,maxheight,4.5,Túnel Hassan Mustafa
-51.147231,-29.823151,maxheight,4.5,Túnel Hassan Mustafa
-51.147318,-29.823203,maxheight,4.5,Túnel Hassan Mustafa
-51.171993,-29.824133,maxheight,5,Avenida Getúlio Vargas
-51.171719,-29.824260,maxheight,5,
-51.171773,-29.824283,maxheight,5,Rodovia BR-116
-51.171916,-29.824304,maxheight,5,Rodovia BR-116
-51.172294,-29.825226,maxheight,5.5,Avenida Getúlio Vargas
-51.172049,-29.825269,maxheight,5.5,Rodovia BR-116
-51.172317,-29.825702,maxheight,5.5,Rodovia BR-116
-51.172461,-29.825863,maxheight,5.5,Avenida Getúlio Vargas
-51.172315,-29.826332,maxheight,5.5,Rodovia BR-116
-51.172615,-29.826391,maxheight,5.5,Avenida Getúlio Vargas
-51.172785,-29.826967,maxheight,5.5,Avenida Getúlio Vargas
-51.172522,-29.827179,maxheight,5.5,Rodovia BR-116
-51.172755,-29.827186,maxheight,5.5,Rodovia BR-116
-51.172950,-29.827532,maxheight,5.5,Avenida Getúlio Vargas
-51.172776,-29.827797,maxheight,5.5,Rodovia BR-116
-51.173171,-29.828321,maxheight,5.5,Avenida Getúlio Vargas
-51.173148,-29.828589,maxheight,5.5,Rodovia BR-116
-51.172947,-29.828725,maxheight,5.5,Rodovia BR-116
-51.173371,-29.829069,maxheight,5.5,Avenida Getúlio Vargas
-51.173570,-29.829832,maxheight,5,Avenida Getúlio Vargas
-51.173520,-29.829989,maxheight,5,Rodovia BR-116
-51.176388,-29.830060,maxheight,5.5,Avenida Luís Pasteur
-51.173436,-29.830078,maxheight,5,Rodovia BR-116
-51.173343,-29.830139,maxheight,5,Rodovia BR-116
-51.173704,-29.830365,maxheight,5,Avenida Getúlio Vargas
-51.179074,-29.833206,maxheight,5.5,
-51.175144,-29.836155,maxheight,5.5,Rodovia BR-116
-51.175408,-29.836705,maxheight,5.5,Rodovia BR-116
-51.175908,-29.838159,maxheight,5.5,Avenida Independência
-51.175915,-29.838363,maxheight,5.5,
-51.175643,-29.838412,maxheight,5.5,Rodovia BR-116
-51.144788,-29.842863,maxheight,5.5,Retorno
-51.144318,-29.843115,maxheight,5.5,Avenida Coronel Theodomiro Porto da Fonseca
-51.144529,-29.843201,maxheight,5.5,Avenida Coronel Theodomiro Porto da Fonseca
-51.144076,-29.843233,maxheight,5.5,
-51.144455,-29.843255,maxheight,5.5,
-51.143975,-29.843311,maxheight,5.5,Avenida Coronel Theodomiro Porto da Fonseca
-51.144213,-29.843386,maxheight,5.5,Avenida Coronel Theodomiro Porto da Fonseca
-51.177078,-29.843473,maxheight,5.5,Rodovia BR-116
-51.143730,-29.843608,maxheight,5.5,Retorno
-51.177446,-29.844590,maxheight,5.5,Rodovia BR-116
-51.197974,-29.844959,maxheight,5.5,Rodovia Doutor Fábio André Koff
-51.197448,-29.844975,maxheight,5.5,Rodovia Doutor Fábio André Koff
-51.177672,-29.845136,maxheight,5.5,Rodovia BR-116
-51.199909,-29.845282,maxheight,5.5,Rodovia Doutor Fábio André Koff
-51.199396,-29.845304,maxheight,5.5,Rodovia Doutor Fábio André Koff
-51.201628,-29.845567,maxheight,5.5,Rodovia Doutor Fábio André Koff
-51.201518,-29.845657,maxheight,5.5,Rodovia Doutor Fábio André Koff
-51.177963,-29.845749,maxheight,5.5,Rodovia BR-116
-51.180090,-29.848650,maxheight,5.5,Avenida Independência
-51.178780,-29.848801,maxheight,5.5,Rodovia BR-116
-51.178919,-29.848869,maxheight,5.5,Rodovia BR-116
-51.179277,-29.848881,maxheight,5.5,
-51.179439,-29.850235,maxheight,5.5,Rodovia BR-116
-51.179848,-29.850280,maxheight,5.5,Avenida Independência
-51.179339,-29.850359,maxheight,5.5,Rodovia BR-116
-51.179916,-29.851088,maxheight,5.5,Avenida Independência
-51.180117,-29.852062,maxheight,5.5,Avenida Independência
-51.180086,-29.852173,maxheight,5.5,Avenida Independência
-51.180014,-29.852883,maxheight,5.5,Rodovia BR-116
-51.179785,-29.853028,maxheight,5.5,Rodovia BR-116
-51.180069,-29.853897,maxheight,5.5,Rodovia BR-116
-51.180355,-29.855218,maxheight,5.5,Rodovia BR-116
-51.180515,-29.856837,maxheight,5.5,Rodovia BR-116
-51.180780,-29.857990,maxheight,5.5,Rodovia BR-116
-51.180794,-29.858732,maxheight,5.5,Rodovia BR-116
-51.180721,-29.859137,maxheight,5.5,Rodovia BR-116
-51.181323,-29.859172,maxheight,5.5,Avenida Independência
-51.181102,-29.859546,maxheight,5.5,
-51.181400,-29.859914,maxheight,5.5,Avenida Independência
-51.180826,-29.862567,maxheight,5.5,Rodovia BR-116
-51.180896,-29.863193,maxheight,5.5,Rodovia BR-116
-51.180642,-29.865724,maxheight,5.5,Rodovia BR-116
-51.180597,-29.866517,maxheight,5.5,Rodovia BR-116
-51.180676,-29.866533,maxheight,5.5,Rodovia BR-116
-51.180381,-29.868195,maxheight,5.5,Rodovia BR-116
-51.180312,-29.868772,maxheight,5.5,Rodovia BR-116
-51.180036,-29.870209,maxheight,5.5,Rodovia BR-116
-51.179819,-29.870908,maxheight,5.5,Rodovia BR-116
-51.179906,-29.871030,maxheight,5.5,Rodovia BR-116
-51.179704,-29.871232,maxheight,5.5,Rodovia BR-116
-51.179811,-29.871333,maxheight,5.5,Rodovia BR-116
-51.179610,-29.871537,maxheight,5.5,Rodovia BR-116
-51.179730,-29.871599,maxheight,5.5,Rodovia BR-116
-51.179982,-29.872419,maxheight,5.5,
-51.179622,-29.873407,maxheight,5.5,Rodovia BR-116
-51.180085,-29.876165,maxheight,5.5,Avenida Getúlio Vargas
-51.094229,-29.876225,maxheight,5.5,Rodovia Mário Quintana
-51.180242,-29.877173,maxheight,5.5,Avenida Getúlio Vargas
-51.092238,-29.877451,maxheight,5.5,Rodovia Mário Quintana
-51.092812,-29.877453,maxheight,5.5,Rua Lateral da ERS-118
-51.091214,-29.878099,maxheight,5.5,Rua Lateral da ERS-118
-51.091272,-29.878165,maxheight,5.5,Rodovia Mário Quintana
-51.087998,-29.880186,maxheight,5.5,Rodovia Mário Quintana
-51.087560,-29.880296,maxheight,5.5,Rodovia Mário Quintana
-51.087147,-29.880303,maxheight,5.5,Rua Lateral da ERS-118
-51.087134,-29.880819,maxheight,5.5,Rua Lateral da ERS-118
-51.085813,-29.881287,maxheight,5.5,Rodovia Mário Quintana
-51.236604,-29.881672,maxheight,5.4,Rodovia Governador Leonel de Moura Brizola
-51.236182,-29.881783,maxheight,5.4,Rodovia Governador Leonel de Moura Brizola
-51.236809,-29.881945,maxheight,5.4,Rodovia Governador Leonel de Moura Brizola
-51.235551,-29.881967,maxheight,5.4,Rodovia Governador Leonel de Moura Brizola
-51.236325,-29.882080,maxheight,5.4,Rodovia Governador Leonel de Moura Brizola
-51.236041,-29.882166,maxheight,5.4,Rodovia Governador Leonel de Moura Brizola
-50.265675,-29.882335,maxheight,5.5,Rodovia Governador Mário Covas
-51.083357,-29.882663,maxheight,5.5,Rodovia Mário Quintana
-51.083154,-29.882843,maxheight,5.5,Rodovia Mário Quintana
-50.267317,-29.883319,maxheight,5.5,Rua Lateral
-50.268452,-29.883455,maxheight,5.5,Rua Lateral
-50.268205,-29.883646,maxheight,5.5,Rodovia Governador Mário Covas
-51.178380,-29.883675,maxheight,5.5,Rodovia BR-116
-51.227959,-29.884363,maxheight,5.5,
-51.178208,-29.887201,maxheight,5.5,Rodovia BR-116
-50.478891,-29.887508,maxheight,3.3,
-51.179043,-29.887679,maxheight,5.5,Avenida Getúlio Vargas
-50.276366,-29.887722,maxheight,5.5,Rodovia Governador Mário Covas
-51.179652,-29.887832,maxheight,5.5,Avenida Guilherme Schell
-50.276481,-29.887986,maxheight,5.5,Rodovia Governador Mário Covas
-50.276455,-29.888220,maxheight,5.5,Rua Lateral
-50.277943,-29.888425,maxheight,5.5,Rua Lateral
-51.176714,-29.893402,maxheight,5.5,Avenida Getúlio Vargas
-51.176217,-29.897534,maxheight,5.5,Rodovia BR-116
-51.176452,-29.899338,maxheight,5.5,Avenida Getúlio Vargas
-51.176097,-29.899536,maxheight,5.5,Avenida Getúlio Vargas
-51.176207,-29.899641,maxheight,5.5,Rodovia BR-116
-71.252821,-29.899787,maxheight,3,
-71.252823,-29.900005,maxheight,3,
-71.252954,-29.900244,maxheight,3,
-51.176424,-29.900429,maxheight,5.5,Rodovia BR-116
-51.176296,-29.900694,maxheight,5.5,Rodovia BR-116
-51.176205,-29.900799,maxheight,5.5,Avenida Getúlio Vargas
-51.176616,-29.903456,maxheight,5.5,
-71.241189,-29.903694,maxheight,4.5,Castro
-51.176723,-29.903766,maxheight,5.5,Viaduto da Avenida Boqueirão
-51.176571,-29.903771,maxheight,5.5,Viaduto da Avenida Boqueirão
-51.177013,-29.903776,maxheight,5.5,Avenida Boqueirão
-51.176308,-29.903820,maxheight,5.5,Avenida Boqueirão
-51.176919,-29.903905,maxheight,5.5,Avenida Boqueirão
-51.176659,-29.903922,maxheight,5.5,Avenida Boqueirão
-51.176403,-29.903941,maxheight,5.5,Avenida Boqueirão
-51.176697,-29.904275,maxheight,5.5,
-51.244428,-29.906921,maxheight,5.5,Rua da Barca
-51.177184,-29.907627,maxheight,5.5,Avenida Getúlio Vargas
-51.176817,-29.907665,maxheight,5.5,Avenida Getúlio Vargas
-51.177223,-29.908071,maxheight,5.5,Avenida Getúlio Vargas
-51.176857,-29.908109,maxheight,5.5,Avenida Getúlio Vargas
-71.232062,-29.908535,maxheight,4.5,Avenida 18 de Septiembre
-51.037603,-29.908731,maxheight,4.9,Avenida José Bonalume
-51.177097,-29.909626,maxheight,5.5,Rodovia BR-116
-51.177160,-29.911590,maxheight,5.5,Avenida Getúlio Vargas
-51.181816,-29.911620,maxheight,3.7,
-51.237880,-29.911824,maxheight,5.5,Rua Antônio João Bianchini
-51.177490,-29.912288,maxheight,5.5,Rodovia BR-116
-51.177633,-29.912749,maxheight,5.5,Avenida Getúlio Vargas
-51.177433,-29.913454,maxheight,5.5,Rodovia BR-116
-51.767293,-29.913930,maxheight,4.5,
-51.177544,-29.914635,maxheight,5.5,Rodovia BR-116
-51.177450,-29.914674,maxheight,5.5,Avenida Getúlio Vargas
-51.177863,-29.915350,maxheight,5.5,Avenida Getúlio Vargas
-51.177556,-29.915902,maxheight,5.5,Avenida Getúlio Vargas
-51.177691,-29.916148,maxheight,5.5,Rodovia BR-116
-51.182516,-29.918378,maxheight,4.5,Avenida Guilherme Schell
-51.182294,-29.918888,maxheight,4.5,Avenida Guilherme Schell
-51.178214,-29.919370,maxheight,5.5,Avenida Getúlio Vargas
-51.182035,-29.919459,maxheight,4.5,Avenida Guilherme Schell
-51.177858,-29.919702,maxheight,5.5,Avenida Getúlio Vargas
-51.178230,-29.919727,maxheight,5.5,Avenida Getúlio Vargas
-51.177870,-29.920040,maxheight,5.5,Rodovia BR-116
-51.178237,-29.920201,maxheight,5.5,Avenida Getúlio Vargas
-51.177867,-29.920356,maxheight,5.5,Avenida Getúlio Vargas
-51.181444,-29.920436,maxheight,3.6,
-51.181401,-29.920534,maxheight,3.6,
-51.178068,-29.920726,maxheight,5.5,Rodovia BR-116
-51.178129,-29.922326,maxheight,5.5,Avenida Getúlio Vargas
-51.177791,-29.922396,maxheight,5.5,Avenida Getúlio Vargas
-51.229714,-29.922727,maxheight,5.5,Rodovia Doutor Fábio André Koff
-51.229844,-29.922825,maxheight,5.5,Rodovia Doutor Fábio André Koff
-51.178106,-29.922916,maxheight,5.5,Avenida Getúlio Vargas
-51.229193,-29.923086,maxheight,5.5,Rodovia Doutor Fábio André Koff
-51.229451,-29.923108,maxheight,5.5,Rodovia Doutor Fábio André Koff
-51.229023,-29.923405,maxheight,5.5,Rodovia Doutor Fábio André Koff
-51.228615,-29.923475,maxheight,5.5,Rodovia Doutor Fábio André Koff
-51.177977,-29.923544,maxheight,5.5,Rodovia BR-116
-51.177844,-29.923648,maxheight,5.5,Rodovia BR-116
-51.024820,-29.924123,maxheight,5.5,
-51.024508,-29.924528,maxheight,5.5,Estrada Itacolomi
-51.024363,-29.924729,maxheight,5.5,Estrada Itacolomi
-51.024086,-29.925124,maxheight,5.5,
-53.416170,-29.925160,maxweight,24,Rodovia Romildo Bolzan
-51.177726,-29.926108,maxheight,5.5,Viaduto da Avenida Inconfidência
-51.177850,-29.926117,maxheight,5.5,Viaduto da Avenida Inconfidência
-51.177586,-29.929075,maxheight,5.5,Rodovia BR-116
-51.177643,-29.930254,maxheight,5.5,Rodovia BR-116
-51.177352,-29.932044,maxheight,5.5,Avenida Getúlio Vargas
-51.177426,-29.932489,maxheight,5.5,Rodovia BR-116
-51.177324,-29.932513,maxheight,5.5,Avenida Getúlio Vargas
-51.016713,-29.935637,maxheight,5,Rodovia Mário Quintana
-51.177217,-29.935723,maxheight,5.5,BR-116
-51.177376,-29.935734,maxheight,5.5,Rodovia BR-116
-51.016331,-29.936045,maxheight,5,Rodovia Mário Quintana
-51.177145,-29.936150,maxheight,5.5,Avenida Getúlio Vargas
-51.177120,-29.936663,maxheight,5.5,Avenida Getúlio Vargas
-51.177200,-29.937064,maxheight,5.5,Rodovia BR-116
-50.888633,-29.937477,maxheight,5.5,Freeway
-50.888398,-29.937589,maxheight,5.5,Freeway
-51.177004,-29.939042,maxheight,5,Avenida Getúlio Vargas
-51.176978,-29.939557,maxheight,5,Avenida Getúlio Vargas
-50.896573,-29.940897,maxheight,5,Freeway
-50.896486,-29.941099,maxheight,5,Freeway
-50.935174,-29.943288,maxheight,5,
-50.946035,-29.945436,maxheight,5.5,Freeway
-50.946410,-29.945659,maxheight,5.5,Freeway
-51.176730,-29.946613,maxheight,5,Rodovia BR-116
-51.176850,-29.946613,maxheight,5,Rodovia BR-116
-51.711256,-29.946922,maxweight,30,BR-470
-51.176588,-29.947339,maxheight,5,Avenida Getúlio Vargas
-50.954904,-29.947659,maxheight,5,Freeway
-51.176566,-29.947809,maxheight,5,Avenida Getúlio Vargas
-50.954851,-29.947822,maxheight,5,Freeway
-51.710003,-29.950261,maxweight,30,BR-470
-50.965676,-29.950481,maxheight,5.5,Freeway
-50.965692,-29.950672,maxheight,5.5,Freeway
-51.718501,-29.952535,maxweight,10,Rua Alice da Rosa Vanti
-51.717763,-29.952683,maxweight,10,Rua Helberto Schreinert
-50.975292,-29.952705,maxheight,4.8,Avenida Antônio Gomes Corrêa
-50.975183,-29.952732,maxheight,4.8,Avenida Antônio Gomes Corrêa
-51.720510,-29.953059,maxweight,10,Rua Alice da Rosa Vanti
-51.716513,-29.953087,maxweight,10,Rua Tenente Marcirio Domingues dos Santos
-51.720011,-29.953222,maxweight,10,Rua Dona Olivia Rosa da Rosa
-51.719128,-29.953336,maxweight,10,Travessa Delta do Jacuí
-51.721430,-29.953388,maxweight,10,Rua Sete de Setembro
-51.059159,-29.953533,maxheight,5.5,Freeway
-51.058164,-29.953597,maxheight,5.5,Freeway
-51.720426,-29.953737,maxweight,10,Rua Rilloy Guilherme Schreinert
-51.724246,-29.954029,maxweight,15,Rua Senador Ramiro Barcellos
-51.724058,-29.954123,maxweight,15,Rua Mineiro Nicácio Teixeira Machado
-51.721458,-29.954237,maxweight,10,Rua Sete de Setembro
-51.718190,-29.954309,maxweight,10,Rua Helberto Schreinert
-51.723405,-29.954327,maxweight,15,Rua Dona Zilda Ehlers
-51.176227,-29.954345,maxheight,5,Avenida Getúlio Vargas
-51.003691,-29.954699,maxheight,5,Rodovia Mário Quintana
-51.003830,-29.954731,maxheight,5,Rodovia Mário Quintana
-51.723781,-29.954841,maxweight,15,Rua General Osório
-51.722354,-29.954938,maxweight,10,Rua General Osório
-51.710695,-29.955250,maxweight,30,Rua José Antônio Flores da Cunha
-51.720048,-29.955272,maxweight,10,Rua General Osório
-51.025472,-29.955599,maxheight,3.5,Rua Paul Zivi
-51.718410,-29.955603,maxweight,10,Rua General Osório
-51.721753,-29.955810,maxweight,10,Rua Sete de Setembro
-51.722419,-29.955818,maxweight,10,Rua Luiz Müller Picarelli
-51.719809,-29.955915,maxweight,10,Rua Luciano Santana
-51.719467,-29.955982,maxweight,10,Rua Madre Adélia
-51.724523,-29.956208,maxweight,15,Rua Senador Ramiro Barcellos
-51.718711,-29.956213,maxweight,10,Rua Helberto Schreinert
-51.715987,-29.956241,maxweight,10,Rua General Osório
-51.718473,-29.956287,maxweight,10,Rua Helberto Schreinert
-51.723913,-29.956560,maxweight,15,Rua General Barreto Leite
-51.722596,-29.956612,maxweight,10,Rua General Barreto Leite
-51.723266,-29.956658,maxweight,15,Rua Coronel Antônio Soares de Carvalho
-51.719007,-29.956845,maxweight,10,Rua Rafael Athanásio Sobrinho
-51.716047,-29.956946,maxweight,10,Rua Senador Salgado Filho
-51.721997,-29.956960,maxweight,10,Rua Sete de Setembro
-51.715354,-29.957063,maxweight,10,Rua Mercedes Becker
-51.720339,-29.957065,maxweight,10,Rua Bahia
-51.719652,-29.957235,maxweight,10,Rua Antônio Pereira
-51.722298,-29.957236,maxweight,10,Rua Padre Pinto
-51.714141,-29.957358,maxweight,10,Rua Mercedes Becker
-51.719032,-29.957378,maxweight,10,Rua Helberto Schreinert
-51.715313,-29.957408,maxweight,10,Rua Angelina Dal Chiavon
-51.718774,-29.957438,maxweight,10,Rua Helberto Schreinert
-51.706012,-29.957518,maxweight,10,Rua Olaria
-51.705301,-29.957570,maxweight,10,Rua Olaria
-51.718173,-29.957573,maxweight,10,Rua Capitão Rodrigo
-51.720613,-29.957587,maxweight,10,Rua Padre Pinto
-51.717255,-29.957685,maxweight,10,Rua Professor Marcionílio Saraiva da Fonseca
-51.715249,-29.957761,maxweight,10,Rua Rafael Athanásio Sobrinho
-51.719031,-29.957918,maxweight,10,Rua Padre Pinto
-51.716327,-29.957994,maxweight,10,Rua Senador Salgado Filho
-51.721372,-29.958028,maxweight,10,Rua Riachuelo
-51.717680,-29.958200,maxweight,10,Rua Padre Pinto
-51.724676,-29.958237,maxweight,15,Rua Senador Ramiro Barcellos
-51.712967,-29.958267,maxweight,10,Rua Rafael Athanásio Sobrinho
-51.699711,-29.958324,maxweight,10,Rua Maria José de Borba Dias
-51.714404,-29.958360,maxweight,10,Rua Harry Carvalho Kuplich
-51.719080,-29.958389,maxweight,10,Rua Helberto Schreinert
-51.704844,-29.958410,maxweight,10,Rua Apolinário Marques de Souza
-51.705163,-29.958434,maxweight,10,Rua Deamantina Silveira Chananeco
-51.723916,-29.958480,maxweight,15,Rua Barão do Rio Branco
-51.724518,-29.958498,maxweight,15,Rua Barão do Rio Branco
-51.716274,-29.958500,maxweight,10,Rua Padre Pinto
-51.723406,-29.958511,maxweight,15,Rua Barão do Rio Branco
-51.723376,-29.958560,maxweight,15,Rua Coronel Antônio Soares de Carvalho
-51.722365,-29.958569,maxweight,15,Rua Barão do Rio Branco
-51.706752,-29.958571,maxweight,10,Rua Antônio Carlos Borges da Fonseca
-51.706096,-29.958628,maxweight,10,Rua Inácio Rodrigues
-51.721229,-29.958696,maxweight,15,
-51.720325,-29.958728,maxweight,30,Rua Barão do Rio Branco
-51.176201,-29.958843,maxheight,5.5,Rodovia BR-116
-51.718950,-29.958915,maxweight,30,Rua Barão do Rio Branco
-51.716597,-29.958969,maxweight,10,Rua Senador Salgado Filho
-51.724704,-29.958984,maxweight,15,Rua Senador Ramiro Barcellos
-51.722670,-29.959045,maxweight,10,Rua Luiz Müller Picarelli
-51.723446,-29.959058,maxweight,15,Rua Coronel Antônio Soares de Carvalho
-51.176001,-29.959071,maxheight,5.5,Avenida Getúlio Vargas
-51.709134,-29.959134,maxweight,10,Rua Rafael Athanásio Sobrinho
-51.700697,-29.959202,maxweight,10,Rua Paulo Borba Dias
-51.717689,-29.959241,maxweight,30,Rua Barão do Rio Branco
-51.721426,-29.959285,maxweight,10,Rua Riachuelo
-51.724104,-29.959467,maxweight,15,Rua Getúlio Vargas
-51.713713,-29.959546,maxweight,10,Rua Adroaldo Poeta
-51.711917,-29.959580,maxweight,30,Rua José Antônio Flores da Cunha
-51.711378,-29.959709,maxweight,10,Rua Carlito Carneiro
-51.715806,-29.959714,maxweight,30,Rua Barão do Rio Branco
-51.706312,-29.959772,maxweight,10,Rua Rafael Athanásio Sobrinho
-51.176374,-29.959809,maxheight,5.5,Rodovia BR-116
-51.701256,-29.959842,maxweight,10,Rua José Valdemar Dias
-51.724757,-29.959849,maxweight,15,Rua Senador Ramiro Barcellos
-51.708335,-29.959866,maxweight,10,Rua Norma Beatriz S. de Souza
-51.723511,-29.959928,maxweight,15,Rua Coronel Antônio Soares de Carvalho
-51.712761,-29.959947,maxweight,10,Rua Deplan Ferrão
-51.716905,-29.960056,maxweight,10,Rua Senador Salgado Filho
-51.711316,-29.960121,maxweight,10,Rua Ítalo Lena
-51.721422,-29.960176,maxweight,10,Viela Luíza Garcia Poeta
-51.720289,-29.960221,maxweight,10,Rua João Daisson
-51.713539,-29.960279,maxweight,30,Rua Barão do Rio Branco
-51.707770,-29.960309,maxweight,10,Rua Três Figueiras
-51.724164,-29.960310,maxweight,15,Rua Oswaldo Aranha
-51.718008,-29.960324,maxweight,10,Rua Professor Marcionílio Saraiva da Fonseca
-51.705582,-29.960365,maxweight,10,Rua Olavo Brás do Amaral
-51.707529,-29.960376,maxweight,10,Rua Oscar Pereira de Abreu
-51.719077,-29.960418,maxweight,10,Rua Luiz Justino Miller
-51.699419,-29.960428,maxweight,30,Rua Doutor José Athanásio
-51.724805,-29.960574,maxweight,15,Rua Senador Ramiro Barcellos
-51.699550,-29.960585,maxweight,30,Rua Doutor José Athanásio
-51.700739,-29.960618,maxweight,30,
-51.723569,-29.960625,maxweight,15,Rua Coronel Antônio Soares de Carvalho
-51.703856,-29.960670,maxweight,10,
-51.706823,-29.960679,maxweight,10,Rua Inácio Rodrigues
-51.710224,-29.960707,maxweight,10,Rua Waldemar Azzi
-51.712068,-29.960727,maxweight,30,
-51.701317,-29.960744,maxweight,30,Rua Doutor José Athanásio
-51.711417,-29.960811,maxweight,30,Rua Barão do Rio Branco
-51.713617,-29.960896,maxweight,10,Rua Carlos Maximiliano
-51.724786,-29.960927,maxweight,15,Rua General Bento Gonçalves
-51.723640,-29.960946,maxweight,15,Rua Coronel Antônio Soares de Carvalho
-51.715796,-29.960967,maxweight,10,Rua João Daisson
-51.724215,-29.960984,maxweight,15,Rua General Bento Gonçalves
-51.723603,-29.960989,maxweight,10,Rua General Bento Gonçalves
-51.724851,-29.961010,maxweight,15,Rua Senador Ramiro Barcellos
-51.724792,-29.961035,maxweight,15,Rua General Bento Gonçalves
-51.703248,-29.961039,maxweight,30,Rua Doutor José Athanásio
-51.712992,-29.961056,maxweight,10,Rua Fernando Ramos
-51.719025,-29.961074,maxweight,10,
-51.710372,-29.961075,maxweight,30,Rua Barão do Rio Branco
-51.724843,-29.961135,maxweight,15,Rua Senador Ramiro Barcellos
-51.706577,-29.961141,maxweight,10,Rua do Colégio
-51.717233,-29.961153,maxweight,10,Rua Senador Salgado Filho
-51.712378,-29.961207,maxweight,10,Rua José Antônio Flores da Cunha
-51.714496,-29.961218,maxweight,10,Rua Rio Pardo
-51.721970,-29.961246,maxweight,10,Rua General Bento Gonçalves
-51.710159,-29.961290,maxweight,10,Rua Antenor Custódio
-51.710674,-29.961323,maxweight,10,Rua Luiz C. de O. da Silva
-51.705352,-29.961369,maxweight,30,Rua Doutor José Athanásio
-51.708562,-29.961400,maxweight,30,Rua Barão do Rio Branco
-51.703729,-29.961422,maxweight,10,Rua Luiz Antônio Tavares Gonçalves
-51.713537,-29.961553,maxweight,10,Rua João Daisson
-51.720272,-29.961557,maxweight,10,Rua General Bento Gonçalves
-51.702793,-29.961581,maxweight,10,Rua Alfredo Bonatto
-51.093534,-29.961614,maxheight,5.5,Freeway
-51.723108,-29.961660,maxweight,10,Rua Luiz Müller Picarelli
-51.701887,-29.961666,maxweight,10,Acesso Paulo Gonçalves
-51.724873,-29.961681,maxweight,15,Rua Senador Ramiro Barcellos
-51.705465,-29.961709,maxweight,10,Rua Aurino dos Santos Ramos
-51.707486,-29.961714,maxweight,10,
-51.708329,-29.961758,maxweight,10,
-51.707579,-29.961762,maxweight,10,Rua Trinta de Setembro
-51.718460,-29.961796,maxweight,10,Rua Professor Marcionílio Saraiva da Fonseca
-51.719355,-29.961900,maxweight,10,Rua General Bento Gonçalves
-51.708251,-29.961903,maxweight,10,Rua Trinta de Setembro
-51.706674,-29.961922,maxweight,10,Rua Valdemar de Araújo
-51.713345,-29.961988,maxweight,10,Rua Trinta de Setembro
-51.721425,-29.962087,maxweight,10,Rua Major Francisco Antônio de Souza Franco
-51.094069,-29.962103,maxheight,5.5,Freeway
-51.717512,-29.962114,maxweight,10,Rua Senador Salgado Filho
-51.705833,-29.962138,maxweight,10,Rua Alfredo Bonatto
-51.712663,-29.962147,maxweight,10,Rua José Antônio Flores da Cunha
-51.708070,-29.962216,maxweight,10,Rua Deoclécio Diniz
-51.722183,-29.962249,maxweight,10,Rua Antônio Domingos Pinto
-51.724180,-29.962299,maxweight,10,Rua Olavo Bilac
-51.701837,-29.962307,maxweight,10,Acesso Paulo Gonçalves
-51.718109,-29.962370,maxweight,10,Rua General Bento Gonçalves
-51.719715,-29.962519,maxweight,10,Rua Luiz Justino Miller
-51.718700,-29.962569,maxweight,10,Rua Professor Marcionílio Saraiva da Fonseca
-51.708801,-29.962665,maxweight,10,Rua Alfredo Bonatto
-51.724946,-29.962719,maxweight,15,Rua Senador Ramiro Barcellos
-51.721658,-29.962750,maxweight,10,Rua Coronel Antônio Cândido Coutinho
-51.709796,-29.962803,maxweight,10,Rua Alfredo Bonatto
-51.175810,-29.962829,maxheight,5.5,Rua Epitácio Pessoa
-51.716417,-29.962951,maxweight,10,Rua Marechal Rondon
-51.717757,-29.962962,maxweight,10,Rua Senador Salgado Filho
-51.715748,-29.962980,maxweight,10,Rua General Bento Gonçalves
-51.713809,-29.962992,maxweight,10,Rua Glaucus Saraiva da Fonseca
-51.711333,-29.963031,maxweight,10,Travessa Laudelino da Silva Rosa
-51.718786,-29.963050,maxweight,10,Rua Professor Marcionílio Saraiva da Fonseca
-51.176187,-29.963070,maxheight,5.5,Avenida Getúlio Vargas
-51.718310,-29.963290,maxweight,10,Rua Professor Marcionílio Saraiva da Fonseca
-51.721828,-29.963345,maxweight,10,Rua Caetano Bianchi
-51.717889,-29.963402,maxweight,10,Rua Senador Salgado Filho
-51.725008,-29.963527,maxweight,15,Rua Senador Ramiro Barcellos
-51.723913,-29.963583,maxweight,10,Rua Claudio Marcolin
-51.718763,-29.963598,maxweight,10,Rua Coronel Antônio Cândido Coutinho
-51.722734,-29.963664,maxweight,10,Rua Antônio Domingos Pinto
-51.723822,-29.963704,maxweight,10,Rua Luiz Müller Picarelli
-51.710735,-29.963728,maxweight,10,Rua José Ulisses de Oliveira
-51.717749,-29.963731,maxweight,10,Rua Antônio de Carvalho
-51.713909,-29.963735,maxweight,10,Rua Glaucus Saraiva da Fonseca
-51.711522,-29.963765,maxweight,10,Rua José Ulisses de Oliveira
-51.715300,-29.963837,maxweight,10,Rua Paulinho Moreira
-51.710859,-29.963925,maxweight,10,Travessa Nossa Senhora das Graças
-51.713531,-29.964109,maxweight,10,Rua Paulinho Moreira
-51.711635,-29.964130,maxweight,10,Rua Paulinho Moreira
-51.717517,-29.964134,maxweight,10,Rua Antônio de Carvalho
-51.722116,-29.964152,maxweight,10,Rua José Bonifácio de Andrada e Silva
-51.719989,-29.964182,maxweight,10,Rua Luiz Justino Miller
-51.725054,-29.964200,maxweight,15,Rua Senador Ramiro Barcellos
-51.718678,-29.964257,maxweight,10,Rua Caetano Bianchi
-51.721286,-29.964334,maxweight,10,Rua Marechal Deodoro da Fonseca
-51.711691,-29.964368,maxweight,10,Rua Astrogildo do Nascimento
-51.718758,-29.964382,maxweight,10,Rua Epitácio Pessoa
-51.720065,-29.964522,maxweight,10,Rua Epitácio Pessoa
-51.717365,-29.964608,maxweight,10,Rua Antônio de Carvalho
-51.714051,-29.964656,maxweight,10,Rua Glaucus Saraiva da Fonseca
-51.721655,-29.964703,maxweight,10,Rua Epitácio Pessoa
-51.722931,-29.964720,maxweight,10,Rua Antônio Domingos Pinto
-51.725104,-29.964851,maxweight,15,Rua Senador Ramiro Barcellos
-51.176387,-29.964909,maxheight,5.5,Rodovia BR-116
-51.723542,-29.964925,maxweight,10,Rua Epitácio Pessoa
-51.718878,-29.964952,maxweight,10,Rua Francisco de Lima e Silva
-51.725052,-29.964991,maxweight,15,
-51.713835,-29.965245,maxweight,10,Rua José Baptista Anjolin
-51.720810,-29.965261,maxweight,10,Rua Francisco de Lima e Silva
-51.724052,-29.965310,maxweight,10,Rua Luiz Müller Picarelli
-51.710317,-29.965382,maxweight,10,Rua Jerônimo Ferreira da Silva
-51.721117,-29.965410,maxweight,10,Rua Marechal Manuel Deodoro da Fonseca
-51.720312,-29.965416,maxweight,10,Rua Francisco de Lima e Silva
-71.320358,-29.965426,maxweight,45,Ruta 5 Norte
-51.721703,-29.965488,maxweight,10,
-51.723162,-29.965529,maxweight,10,Rua Francisco de Lima e Silva
-51.717338,-29.965531,maxweight,10,Rua Antônio de Carvalho
-71.320274,-29.965550,maxweight,45,Ruta 5 Norte
-51.717911,-29.965763,maxweight,10,Rua João Antônio de Oliveira
-51.715124,-29.965836,maxweight,10,Rua Elisabeth Ehlers dos Santos
-51.176519,-29.965881,maxheight,5.5,Rodovia BR-116
-51.718468,-29.966162,maxweight,10,Rua Walter Alberto Matte
-51.176297,-29.966284,maxheight,5.5,Ponte Luís Carlos Prestes
-51.719073,-29.966517,maxweight,10,Rua Adelina Correa Ferrão
-71.323013,-29.966589,maxheight,4.5,Ruta 5 Norte
-51.716392,-29.966621,maxweight,10,Rua Capitão Osvaldo Marques de Souza
-51.201710,-29.966659,maxheight,5.5,Rua Primavera
-51.719762,-29.966730,maxweight,10,Rua Benito Garcia
-71.323078,-29.966777,maxheight,4.5,Ruta 5 Norte
-51.201838,-29.966794,maxheight,5.5,Rua Primavera
-51.201686,-29.966954,maxheight,5.5,
-51.718051,-29.967092,maxweight,10,Rua Ivo José de Barcellos
-51.720650,-29.967202,maxweight,10,Rua Coronel Jacinto Pereira Lago
-51.176441,-29.967291,maxheight,5.5,Ponte Luís Carlos Prestes
-51.176285,-29.967337,maxheight,5.5,Ponte Luís Carlos Prestes
-51.715192,-29.967390,maxweight,10,Rua Julieta Nunes de Carvalho
-51.724131,-29.967428,maxweight,10,Rua Coronel Jacinto Pereira Lago
-51.722082,-29.967493,maxweight,10,Rua Coronel Jacinto Pereira Lago
-51.715945,-29.967706,maxweight,10,Rua Antônio de Carvalho
-51.714980,-29.968160,maxweight,10,Rua Antenor Pereira Lopes
-51.721719,-29.968197,maxweight,10,Rua Mário Fischer Dornelles
-51.720753,-29.968233,maxweight,10,Rua Professor Jerônimo Pedroso de Oliveira
-51.115268,-29.968311,maxheight,5.5,Avenida Assis Brasil
-51.176272,-29.968411,maxheight,5.5,Avenida Zaida Jarros
-51.176418,-29.968470,maxheight,5.5,Avenida Zaida Jarros
-52.395091,-29.968525,maxweight,45,ERS-403
-51.722083,-29.968579,maxweight,10,Rua Alfredo Cassep
-51.721390,-29.968672,maxweight,10,Rua Oscar Henneman
-51.114994,-29.968715,maxheight,5.5,Avenida Assis Brasil
-52.398235,-29.968759,maxweight,45,ERS-403
-51.720260,-29.968872,maxweight,10,Rua Ivo José de Barcellos
-51.175780,-29.968893,maxheight,5.5,
-51.176265,-29.968946,maxheight,5.5,Avenida Zaida Jarros
-51.176446,-29.969015,maxheight,5.5,Avenida Zaida Jarros
-51.172041,-29.969189,maxheight,5.5,Freeway
-51.173521,-29.969228,maxheight,5.5,
-51.172001,-29.969426,maxheight,5.5,
-51.176262,-29.969558,maxheight,5.5,Avenida Zaida Jarros
-51.176386,-29.969568,maxheight,5.5,
-51.176489,-29.969575,maxheight,5.5,Avenida Zaida Jarros
-51.176996,-29.969600,maxheight,5.5,Avenida Ernesto Neugebauer
-51.177224,-29.969654,maxheight,5.5,Avenida Ernesto Neugebauer
-51.721894,-29.969717,maxweight,10,Rua Ivo José de Barcellos
-51.710884,-29.969771,maxweight,10,Rua Jerônimo Ferreira da Silva
-51.726403,-29.969810,maxweight,10,
-51.713873,-29.969845,maxweight,10,Rua Antônio de Carvalho
-51.176400,-29.969852,maxheight,5.5,
-51.176272,-29.969860,maxheight,5.5,Avenida Zaida Jarros
-51.724320,-29.969911,maxweight,10,Rua Ivo José de Barcellos
-51.721567,-29.969970,maxweight,10,Rua Doutor Zeno Schwengber
-51.714930,-29.969976,maxweight,10,Rua Raul Ferreira de Saibro
-51.726528,-29.969982,maxweight,10,
-51.711657,-29.969997,maxweight,10,Rua Suely da Silva Zeferino
-51.721364,-29.970057,maxweight,10,Rua Ademar S. de Sousa
-51.171810,-29.970274,maxheight,5.5,
-51.171329,-29.970401,maxheight,5.5,Freeway
-51.171650,-29.970420,maxheight,5.5,
-51.720729,-29.970456,maxweight,10,Rua Doutor Flores
-51.176407,-29.970478,maxheight,5.5,Avenida Zaida Jarros
-51.712783,-29.970592,maxweight,10,Rua Antônio de Carvalho
-51.176343,-29.970644,maxheight,5.5,Avenida Zaida Jarros
-51.176765,-29.970723,maxheight,5.5,Avenida Zaida Jarros
-51.711995,-29.970796,maxweight,10,Rua Noreci de Souza Oliveira
-51.176264,-29.970799,maxheight,5.5,
-51.711335,-29.970855,maxweight,10,Rua Noreci de Souza Oliveira
-51.715331,-29.970890,maxweight,10,Rua Vasco Antônio Ramos Alves
-51.172494,-29.970904,maxheight,5.5,Freeway
-51.174223,-29.970905,maxheight,5.5,
-51.710891,-29.970943,maxweight,10,
-51.711737,-29.971002,maxweight,10,Travessa da Saudade
-51.721409,-29.971005,maxweight,10,Rua Gentil Chiká
-51.712092,-29.971046,maxweight,10,Rua Antônio de Carvalho
-51.176584,-29.971085,maxheight,5.5,Avenida Zaida Jarros
-51.720137,-29.971147,maxweight,10,Rua Professor Jerônimo Pedroso de Oliveira
-51.711788,-29.971301,maxweight,10,
-51.714615,-29.971311,maxweight,10,Rua Belo Ferreira Sobrinho
-51.715119,-29.971339,maxweight,10,Rua Fotina Kersting Ferreira
-51.176713,-29.971433,maxheight,5.5,Avenida Zaida Jarros
-51.181381,-29.971487,maxheight,5,Freeway
-52.403999,-29.971534,maxweight,45,ERS-403
-51.181163,-29.971540,maxheight,5,Freeway
-51.175282,-29.971603,maxheight,5.5,
-51.721323,-29.971664,maxweight,10,Rua Pedro Fantin
-51.176531,-29.971667,maxheight,5.5,Avenida Zaida Jarros
-51.176856,-29.971807,maxheight,5.5,Avenida Zaida Jarros
-51.721305,-29.971843,maxweight,10,Rua Doutor Zeno Schwengber
-51.177067,-29.971852,maxheight,5.5,Avenida Zaida Jarros
-51.177707,-29.972085,maxheight,5.5,Avenida Ernesto Neugebauer
-52.387536,-29.972223,maxweight,45,ERS-403
-51.711765,-29.972294,maxweight,10,Rua Antônio de Carvalho
-51.721254,-29.972319,maxweight,10,Rua Theodoro de Almeida
-51.195797,-29.972449,maxheight,5.5,
-51.722400,-29.972546,maxweight,10,Rua Antônio José Ache
-51.177121,-29.972654,maxheight,5.5,Avenida Zaida Jarros
-51.721262,-29.972969,maxweight,10,Rua Frontino P de Abreu
-51.198137,-29.973436,maxheight,5.5,Rua João Moreira Maciel
-51.177680,-29.973618,maxheight,5.5,Avenida Zaida Jarros
-51.197206,-29.973895,maxheight,5.5,Viaduto José Alencar Gomes da Silva
-51.197686,-29.974007,maxheight,5.5,Viaduto José Alencar Gomes da Silva
-51.197134,-29.974165,maxheight,5.5,Rua Voluntários da Pátria
-51.197494,-29.974415,maxheight,5.3,
-51.196944,-29.974549,maxheight,5.5,Freeway
-51.197356,-29.974574,maxheight,5.5,Freeway
-51.197192,-29.974683,maxheight,5.5,
-51.199194,-29.974722,maxheight,5.5,Rua João Moreira Maciel
-51.197434,-29.974776,maxheight,5.5,Rua Voluntários da Pátria
-51.197039,-29.974840,maxheight,5.5,Rua Voluntários da Pátria
-51.198212,-29.974857,maxheight,5.5,Viaduto José Alencar Gomes da Silva
-51.196918,-29.974908,maxheight,4.1,
-51.198013,-29.974918,maxheight,5.5,Viaduto José Alencar Gomes da Silva
-51.197440,-29.975030,maxheight,5.3,
-51.197209,-29.975098,maxheight,5.3,Rua Voluntários da Pátria
-51.198851,-29.975323,maxheight,5.5,Viaduto José Alencar Gomes da Silva
-51.198306,-29.975709,maxheight,5.3,Rua Voluntários da Pátria
-51.199455,-29.976422,maxheight,5.5,
-51.200532,-29.978505,maxheight,5.5,Freeway
-51.200699,-29.979826,maxheight,5.5,Freeway
-51.201152,-29.980409,maxheight,5.5,Freeway
-51.201595,-29.981791,maxheight,5.5,Freeway
-50.133090,-29.982466,maxweight,12,Ponte Giuseppe Garibaldi
-50.133010,-29.982495,maxweight,24,Ponte Giuseppe Garibaldi
-51.201913,-29.983679,maxheight,5.5,Freeway
-71.353394,-29.984038,maxheight,3.4,
-51.202354,-29.984210,maxheight,5.5,Freeway
-51.247007,-29.985454,maxheight,5,Travessia Régis Bitencourt
-51.250651,-29.985502,maxheight,5,Travessia Régis Bitencourt
-51.202519,-29.985662,maxheight,5.5,Freeway
-51.244015,-29.985898,maxheight,5,Travessia Régis Bitencourt
-51.251795,-29.985948,maxheight,5,Travessia Régis Bitencourt
-51.246978,-29.986031,maxheight,5,Travessia Régis Bitencourt
-51.242624,-29.986320,maxheight,5,Travessia Régis Bitencourt
-51.242783,-29.986601,maxheight,5,Travessia Régis Bitencourt
-51.182218,-29.986822,maxheight,3.3,
-51.255561,-29.987024,maxheight,5,Travessia Régis Bitencourt
-51.182151,-29.987058,maxheight,5.5,Avenida Zaida Jarros
-51.181123,-29.987111,maxheight,5.4,
-51.181226,-29.987124,maxheight,5.4,
-51.182585,-29.987238,maxheight,5.5,Avenida Zaida Jarros
-51.182443,-29.987250,maxheight,5.5,Avenida dos Estados
-51.181554,-29.987399,maxheight,4.7,
-51.203100,-29.987505,maxheight,5.5,Freeway
-51.181188,-29.987582,maxheight,5.4,
-51.181401,-29.987738,maxheight,5.2,Terminal de Integração Trensurb / Aeroporto
-51.181393,-29.987874,maxheight,5.4,Terminal de Integração Trensurb / Aeroporto
-51.180474,-29.987951,maxheight,5.4,
-51.180922,-29.987986,maxheight,5.4,
-51.203722,-29.988020,maxheight,5.5,
-51.179994,-29.988139,maxheight,5.1,
-51.182813,-29.988256,maxheight,4.7,
-51.181911,-29.988258,maxheight,5.1,
-51.203681,-29.988508,maxheight,5,Freeway
-51.181427,-29.988615,maxheight,5,
-51.183075,-29.988724,maxheight,4.7,
-51.180741,-29.988733,maxheight,5,
-51.203277,-29.989034,maxheight,5.5,
-51.233634,-29.989391,maxheight,3.75,
-51.223438,-29.989624,maxheight,2.5,Rua Nossa Senhora Aparecida
-51.177954,-29.989691,maxheight,4.35,
-51.183980,-29.990040,maxheight,4.7,
-51.225975,-29.990413,maxheight,4,
-51.204022,-29.990420,maxheight,5,Freeway
-51.204752,-29.991034,maxheight,5.5,
-51.322903,-29.991512,maxweight,10,Estrada da Arrozeira
-51.204650,-29.991621,maxheight,5,Freeway
-51.224103,-29.992474,maxheight,4,Rua Santa Rita de Cássia
-51.221548,-29.993126,maxheight,4.5,Rua 3
-51.221437,-29.993260,maxheight,4.5,Rua 1
-51.205343,-29.993289,maxheight,5.5,
-51.221589,-29.993462,maxheight,4.5,Rua A
-51.319747,-29.994331,maxweight,10,Estrada da Arrozeira
-51.218840,-29.994368,maxheight,5.5,Travessia Régis Bitencourt
-51.217044,-29.994651,maxheight,5.5,
-51.205844,-29.994686,maxheight,5.5,
-51.216881,-29.994704,maxheight,5.5,Travessia Régis Bitencourt
-51.217586,-29.994737,maxheight,5.5,Travessia Régis Bitencourt
-51.190668,-29.995007,maxheight,4.5,
-51.188807,-29.995192,maxheight,4.4,Avenida Farrapos
-51.189008,-29.995322,maxheight,4.4,Avenida Farrapos
-51.205834,-29.995346,maxheight,5.5,Avenida Presidente Castello Branco
-51.318472,-29.995669,maxweight,10,Estrada da Arrozeira
-51.189319,-29.995965,maxheight,4.4,Avenida Farrapos
-51.189730,-29.995988,maxheight,4.4,Avenida Farrapos
-51.189622,-29.996198,maxheight,4.4,Avenida Farrapos
-51.189566,-29.996252,maxheight,4.4,Avenida Ceará
-51.206521,-29.996325,maxheight,5.5,
-51.189685,-29.996378,maxheight,4.4,
-51.206626,-29.996394,maxheight,5.5,Rua João Moreira Maciel
-51.190563,-29.996505,maxheight,4.4,Avenida Farrapos
-51.206572,-29.996524,maxheight,5,Rua João Moreira Maciel
-51.205923,-29.996682,maxheight,5.5,
-51.191645,-29.996998,maxheight,4.4,Avenida Farrapos
-51.197401,-29.997145,maxheight,4.5,Avenida Antônio Jacob Renner
-51.197591,-29.997149,maxheight,4.5,Avenida Antônio Jacob Renner
-51.206157,-29.997150,maxheight,5,Avenida Presidente Castello Branco
-51.197410,-29.997213,maxheight,4.5,Avenida Antônio Jacob Renner
-51.197610,-29.997220,maxheight,4.5,Avenida Antônio Jacob Renner
-51.190071,-29.997319,maxheight,4.4,Avenida Ceará
-51.197421,-29.997320,maxheight,4.5,Avenida Antônio Jacob Renner
-51.197640,-29.997329,maxheight,4.5,Avenida Antônio Jacob Renner
-51.205790,-29.997333,maxheight,4.5,Rua Voluntários da Pátria
-51.206946,-29.997362,maxheight,5.5,
-51.205638,-29.997369,maxheight,4.5,Rua Voluntários da Pátria
-51.197728,-29.997606,maxheight,4.5,Avenida Antônio Jacob Renner
-51.205647,-29.997720,maxheight,5.5,
-51.207088,-29.997768,maxheight,5.5,Rua João Moreira Maciel
-51.206144,-29.997878,maxheight,3.5,
-51.206048,-29.997927,maxheight,5,
-51.206880,-29.997955,maxheight,5.5,Rua João Moreira Maciel
-51.206768,-29.998022,maxheight,3.5,
-51.206566,-29.998077,maxheight,3.5,Comporta 14
-51.206465,-29.998081,maxheight,5,Avenida Presidente Castello Branco
-51.206018,-29.998198,maxheight,4.5,Rua Voluntários da Pátria
-51.205858,-29.998220,maxheight,4.5,Rua Voluntários da Pátria
-51.207245,-29.998385,maxheight,5.5,Rua João Moreira Maciel
-51.204938,-29.998400,maxheight,5.5,Avenida Sertório
-51.207141,-29.998442,maxheight,5.5,Rua João Moreira Maciel
-51.205255,-29.998527,maxheight,5.5,
-51.204684,-29.998633,maxheight,5.5,
-51.205559,-29.998661,maxheight,5.5,
-51.206085,-29.998763,maxheight,5,
-51.205910,-29.998787,maxheight,5.5,Avenida Sertório
-51.206719,-29.998874,maxheight,5,Avenida Presidente Castello Branco
-51.206017,-29.998937,maxheight,4.5,Rua Voluntários da Pátria
-51.206204,-29.998993,maxheight,4.5,Rua Voluntários da Pátria
-51.206812,-29.999339,maxheight,5,
-51.206990,-29.999706,maxheight,5,Avenida Presidente Castello Branco
-60.022692,-3.015681,maxwidth,5,
-60.024762,-3.076392,maxheight,4.6,Avenida Djalma Batista
-59.992123,-3.091424,maxheight,5.2,
-60.020010,-3.092114,maxheight,5,Avenida Darcy Vargas
-60.024109,-3.092419,maxweight,5,Avenida Djalma Batista
-60.024189,-3.092463,maxweight,5,Avenida Djalma Batista
-60.027077,-3.093194,maxheight,5,Avenida Doutor Theomário Pinto da Costa
-60.024166,-3.093496,maxweight,5,Avenida Djalma Batista
-60.024088,-3.093497,maxweight,5,Avenida Djalma Batista
-60.024198,-3.094117,maxheight,4.8,
-60.024031,-3.094119,maxheight,4.8,
-60.024155,-3.094560,maxheight,4.8,Avenida Djalma Batista
-60.024061,-3.094562,maxheight,4.8,Avenida Djalma Batista
-60.001103,-3.104761,maxheight,4.5,
-60.001104,-3.104850,maxheight,4.5,
-60.004032,-3.105454,maxheight,4.5,Avenida André Araújo
-39.378915,-3.184929,maxweight,3.5,
-59.869680,-3.202108,maxweight,23,Rodovia Manaus–Porto Velho
-59.868749,-3.215653,maxweight,23,Rodovia Porto Velho - Manaus
-59.860701,-3.245662,maxweight,23,Rodovia Manaus–Porto Velho
-59.854766,-3.275429,maxweight,23,Ponte Sobre o Rio Curuçá
-59.859434,-3.279996,maxweight,23,Rodovia Manaus–Porto Velho
-59.864071,-3.284478,maxweight,45,Ponte Sobre o Rio Altaz Mirim
-59.870310,-3.289820,maxweight,23,Rodovia Manaus–Porto Velho
-59.888997,-3.348860,maxweight,23,Rodovia Manaus–Porto Velho
-59.902058,-3.403377,maxweight,23,Rodovia Manaus–Porto Velho
-59.902298,-3.403642,maxweight,23,Rodovia Manaus–Porto Velho
-59.953218,-3.426593,maxweight,23,Rodovia Manaus–Porto Velho
-60.004698,-3.450499,maxweight,23,Ponte Sobre o Rio Araçá
-60.160585,-3.624536,maxweight,23,Rodovia Manaus–Porto Velho
-40.349229,-3.686113,maxheight,3,
-38.528000,-3.721433,maxheight,4.4,Rua Senador Pompeu
-38.537294,-3.721910,maxheight,4.4,Rua Senador Alencar
-38.528161,-3.722037,maxheight,4.4,Rua Senador Pompeu
-38.532333,-3.722214,maxheight,4.4,Rua Castro e Silva
-38.526868,-3.722246,maxheight,4.4,Rua Barão do Rio Branco
-38.531224,-3.722575,maxheight,4.4,Rua Castro e Silva
-38.530637,-3.722710,maxheight,4.4,Rua 24 de Maio
-38.525664,-3.722921,maxheight,4.4,Rua Floriano Peixoto
-38.530164,-3.722934,maxheight,4.4,Rua Castro e Silva
-38.535115,-3.723543,maxheight,4.4,Rua São Paulo
-38.527605,-3.723784,maxheight,4.4,Rua Castro e Silva
-38.505475,-3.723812,maxheight,4.4,Avenida Rui Barbosa
-38.503141,-3.724019,maxheight,4.4,Avenida Barão de Studart
-38.505619,-3.724255,maxheight,4.4,Avenida Rui Barbosa
-38.531150,-3.724280,maxheight,4.4,Rua 24 de Maio
-38.532366,-3.724295,maxheight,4.4,Avenida Tristão Gonçalves
-38.529609,-3.724312,maxheight,4.4,Rua Senador Alencar
-38.503247,-3.724338,maxheight,4.4,Avenida Barão de Studart
-38.525303,-3.724529,maxheight,4.4,Rua Castro e Silva
-38.525039,-3.724607,maxheight,4.4,Rua Castro e Silva
-38.503343,-3.724626,maxheight,4.4,Avenida Barão de Studart
-38.503390,-3.724769,maxheight,4.4,Avenida Barão de Studart
-38.525163,-3.724843,maxheight,4.4,Rua Conde D'Eu
-38.525063,-3.724873,maxheight,4.4,Rua Conde D'Eu
-38.526969,-3.724917,maxheight,4.4,Rua Major Facundo
-38.503097,-3.724941,maxheight,4.4,Avenida da Abolição
-38.503557,-3.725076,maxheight,4.4,Avenida Barão de Studart
-38.503494,-3.725096,maxheight,4.4,Avenida Barão de Studart
-38.526408,-3.725150,maxheight,4.4,Rua Floriano Peixoto
-38.489544,-3.725209,maxheight,4.4,Rua Frei Mansueto
-38.533286,-3.725262,maxheight,4.4,Rua Guilherme Rocha
-38.529694,-3.725327,maxheight,4.4,Rua São Paulo
-38.537996,-3.725336,maxheight,4.4,Rua Liberato Barroso
-38.525340,-3.725337,maxheight,4.4,Rua Conde D'Eu
-38.529178,-3.725422,maxheight,4.4,Rua Senador Pompeu
-38.501592,-3.725429,maxheight,4.4,Avenida da Abolição
-38.516645,-3.725545,maxheight,4.4,Rua Tenente Benévolo
-38.503709,-3.725551,maxheight,4.4,Avenida Barão de Studart
-38.503645,-3.725572,maxheight,4.4,Avenida Barão de Studart
-38.532175,-3.725625,maxheight,4.4,Rua Guilherme Rocha
-38.525495,-3.725727,maxheight,4.4,Rua Conde D'Eu
-38.500386,-3.725770,maxheight,4.4,Rua Nunes Valente
-38.503219,-3.725953,maxheight,4.4,Rua Silva Jatahy
-38.499911,-3.725975,maxheight,4.4,Avenida da Abolição
-38.531124,-3.726004,maxheight,4.4,Rua Guilherme Rocha
-38.503880,-3.726106,maxheight,4.4,Avenida Barão de Studart
-38.503824,-3.726124,maxheight,4.4,Avenida Barão de Studart
-38.525734,-3.726225,maxheight,4.4,Rua Conde D'Eu
-38.498935,-3.726286,maxheight,4.4,Avenida da Abolição
-38.539209,-3.726300,maxheight,4.4,Rua Pedro Pereira
-38.534830,-3.726329,maxheight,4.4,Rua Liberato Barroso
-38.502801,-3.726368,maxheight,4.4,Rua Silva Paulet
-38.532989,-3.726372,maxheight,4.4,Avenida Tristão Gonçalves
-38.510868,-3.726529,maxheight,4.4,Rua Deputado Moreira da Rocha
-38.513118,-3.726546,maxheight,4.4,Rua Deputado Moreira da Rocha
-38.511952,-3.726549,maxheight,4.4,Rua Deputado Moreira da Rocha
-38.509692,-3.726560,maxheight,4.4,Rua Deputado Moreira da Rocha
-38.497956,-3.726596,maxheight,4.4,Avenida da Abolição
-38.503436,-3.726613,maxheight,4.4,Rua Tomás Pompeu
-38.501744,-3.726672,maxheight,4.4,Rua José Vilar
-38.533719,-3.726694,maxheight,4.4,Rua Liberato Barroso
-38.497447,-3.726710,maxheight,4.4,Rua Osvaldo Cruz
-38.512893,-3.726746,maxheight,4.4,Rua Tenente Benévolo
-38.497276,-3.726814,maxheight,4.4,Avenida da Abolição
-38.530778,-3.726823,maxheight,4.4,Rua General Sampaio
-38.497486,-3.726832,maxheight,4.4,Rua Osvaldo Cruz
-38.502720,-3.726842,maxheight,4.4,Rua Tomás Pompeu
-38.506840,-3.726863,maxheight,4.4,Rua Deputado Moreira da Rocha
-38.504070,-3.726882,maxheight,4.4,Avenida Barão de Studart
-38.500756,-3.726925,maxheight,4.4,Rua Nunes Valente
-38.496794,-3.726971,maxheight,4.4,Avenida da Abolição
-38.532044,-3.727114,maxheight,4.4,Rua Liberato Barroso
-38.491276,-3.727159,maxheight,4.4,Rua Júlio Ibiapina
-38.496153,-3.727177,maxheight,4.4,Avenida da Abolição
-38.493331,-3.727193,maxheight,4.4,Rua Leonardo Mota
-38.504640,-3.727197,maxheight,4.4,Rua Deputado Moreira da Rocha
-38.536212,-3.727203,maxheight,4.4,Rua Pedro Pereira
-38.528514,-3.727262,maxheight,4.4,Rua Barão do Rio Branco
-38.506602,-3.727277,maxheight,4.4,Avenida Rui Barbosa
-38.504297,-3.727284,maxheight,4.4,Rua Deputado Moreira da Rocha
-38.495663,-3.727334,maxheight,4.4,Avenida da Abolição
-38.525876,-3.727366,maxheight,4.4,Rua Sena Madureira
-38.495526,-3.727400,maxheight,4.4,Avenida Desembargador Moreira
-38.494421,-3.727415,maxheight,4.4,Rua Barbosa de Freitas
-38.503700,-3.727434,maxheight,4.4,Rua Deputado Moreira da Rocha
-38.540390,-3.727456,maxheight,4.4,Rua Pedro I
-38.492312,-3.727473,maxheight,4.4,Rua Vicente Leite
-38.491066,-3.727580,maxheight,4.4,Rua Júlio Ibiapina
-38.493450,-3.727621,maxheight,4.4,Rua Leonardo Mota
-38.494507,-3.727656,maxheight,4.4,Rua Barbosa de Freitas
-38.504390,-3.727674,maxheight,4.4,Avenida Barão de Studart
-38.504332,-3.727691,maxheight,4.4,Avenida Barão de Studart
-38.494299,-3.727781,maxheight,4.4,Avenida Antônio Justa
-38.539319,-3.727794,maxheight,4.4,Rua Pedro I
-38.502149,-3.727798,maxheight,4.4,Rua Deputado Moreira da Rocha
-38.509715,-3.727819,maxheight,4.4,Rua Tenente Benévolo
-38.489095,-3.727919,maxheight,4.4,Rua Frei Mansueto
-38.493816,-3.727932,maxheight,4.4,Avenida Antônio Justa
-38.492466,-3.727936,maxheight,4.4,Rua Vicente Leite
-38.493543,-3.727958,maxheight,4.4,Rua Leonardo Mota
-38.518879,-3.727999,maxheight,4.4,Rua Costa Barros
-38.496812,-3.728036,maxheight,4.4,Rua Visconde de Mauá
-38.500577,-3.728052,maxheight,4.4,Rua Deputado Moreira da Rocha
-38.502202,-3.728125,maxheight,4.4,Rua José Vilar
-38.493078,-3.728160,maxheight,4.4,Avenida Antônio Justa
-38.490985,-3.728185,maxheight,4.4,Rua Júlio Ibiapina
-38.494681,-3.728198,maxheight,4.4,Rua Barbosa de Freitas
-38.504568,-3.728222,maxheight,4.4,Avenida Barão de Studart
-38.504508,-3.728242,maxheight,4.4,Avenida Barão de Studart
-38.492580,-3.728264,maxheight,4.4,Rua Vicente Leite
-38.497960,-3.728289,maxheight,4.4,Rua Osvaldo Cruz
-38.537742,-3.728297,maxheight,4.4,Rua Pedro I
-38.499065,-3.728385,maxheight,4.4,Rua Joaquim Nabuco
-38.492310,-3.728408,maxheight,4.4,Avenida Antônio Justa
-38.500154,-3.728421,maxheight,4.4,Rua Tibúrcio Cavalcante
-38.533624,-3.728491,maxheight,4.4,Avenida Tristão Gonçalves
-38.530106,-3.728511,maxheight,4.4,Rua Senador Pompeu
-38.504675,-3.728550,maxheight,4.4,Avenida Barão de Studart
-38.502926,-3.728563,maxheight,4.4,Rua Tenente Amauri Pio
-38.491817,-3.728572,maxheight,4.4,Avenida Antônio Justa
-38.504613,-3.728572,maxheight,4.4,Avenida Barão de Studart
-38.491593,-3.728589,maxheight,4.4,Rua Coronel Linhares
-38.490764,-3.728623,maxheight,4.4,Rua Júlio Ibiapina
-38.503533,-3.728640,maxheight,4.4,Rua Silva Paulet
-38.491459,-3.728688,maxheight,4.4,Avenida Antônio Justa
-38.492752,-3.728813,maxheight,4.4,Rua Vicente Leite
-38.536140,-3.728813,maxheight,4.4,Rua Pedro I
-38.526220,-3.728815,maxheight,4.4,Rua Perboyre e Silva
-38.491031,-3.728827,maxheight,4.4,Avenida Antônio Justa
-38.532648,-3.728888,maxheight,4.4,Rua 24 de Maio
-38.526917,-3.728924,maxheight,4.4,Rua Perboyre e Silva
-38.541938,-3.728939,maxheight,4.4,Rua General Clarindo de Queiroz
-38.506001,-3.729030,maxheight,4.4,Rua Tenente Benévolo
-38.515663,-3.729030,maxheight,4.4,Rua Costa Barros
-38.504836,-3.729043,maxheight,4.4,Avenida Barão de Studart
-38.490747,-3.729046,maxheight,4.4,Avenida Senador Virgílio Távora
-38.504772,-3.729064,maxheight,4.4,Avenida Barão de Studart
-38.520122,-3.729164,maxheight,4.4,Avenida Santos Dumont
-38.503136,-3.729237,maxheight,4.4,Rua Doutor Castro Medeiros
-38.529934,-3.729252,maxheight,4.4,Rua Pedro Pereira
-38.526248,-3.729253,maxheight,4.4,Rua do Rosário
-38.531514,-3.729310,maxheight,4.4,Rua General Sampaio
-38.499360,-3.729365,maxheight,4.4,Rua Canuto de Aguiar
-38.540598,-3.729367,maxheight,4.4,Rua General Clarindo de Queiroz
-38.525567,-3.729459,maxheight,4.4,Rua Sena Madureira
-38.495667,-3.729483,maxheight,4.4,Rua Ana Bilhar
-38.527179,-3.729554,maxheight,4.4,Rua Edgar Borges
-38.504377,-3.729556,maxheight,4.4,Rua Tenente Benévolo
-38.501589,-3.729560,maxheight,4.4,Rua Nunes Valente
-38.504940,-3.729584,maxheight,4.4,Avenida Barão de Studart
-38.527878,-3.729588,maxheight,4.4,Rua Floriano Peixoto
-38.526489,-3.729637,maxheight,4.4,Rua General Bezerril
-38.493060,-3.729799,maxheight,4.4,Rua Vicente Leite
-38.518075,-3.729837,maxheight,4.4,Avenida Santos Dumont
-38.490951,-3.729930,maxheight,4.4,Avenida Senador Virgílio Távora
-38.505053,-3.729937,maxheight,4.4,Avenida Barão de Studart
-38.502782,-3.729951,maxheight,4.4,Rua José Vilar
-38.530553,-3.729989,maxheight,4.4,Rua Senador Pompeu
-38.491015,-3.730036,maxheight,4.4,Avenida Senador Virgílio Távora
-38.503990,-3.730071,maxheight,4.4,Rua Silva Paulet
-38.505170,-3.730086,maxheight,4.4,Avenida Barão de Studart
-38.526105,-3.730096,maxheight,4.4,Rua do Rosário
-38.496423,-3.730156,maxheight,4.4,Avenida Desembargador Moreira
-38.517021,-3.730182,maxheight,4.4,Avenida Santos Dumont
-38.528693,-3.730205,maxheight,4.4,Rua Major Facundo
-38.502382,-3.730213,maxheight,4.4,Rua Tenente Benévolo
-38.499678,-3.730332,maxheight,4.4,Rua República do Líbano
-38.505182,-3.730335,maxheight,4.4,Avenida Barão de Studart
-38.488833,-3.730433,maxheight,4.4,Rua Frei Mansueto
-38.504077,-3.730438,maxheight,4.4,Rua Edgar Damasceno
-38.489326,-3.730475,maxheight,4.4,Rua Frederico Borges
-38.497565,-3.730477,maxheight,4.4,Rua Visconde de Mauá
-38.530926,-3.730495,maxheight,4.4,Rua Pedro I
-38.536819,-3.730576,maxheight,4.4,Rua General Clarindo de Queiroz
-38.510622,-3.730663,maxheight,4.4,Rua Costa Barros
-38.539699,-3.730666,maxheight,4.4,Rua Meton de Alencar
-38.505298,-3.730695,maxheight,4.4,Avenida Barão de Studart
-38.504219,-3.730786,maxheight,4.4,Rua Silva Paulet
-38.539355,-3.730802,maxheight,4.4,Rua Meton de Alencar
-38.507750,-3.730813,maxheight,4.4,Avenida Rui Barbosa
-38.499837,-3.730819,maxheight,4.4,Rua Joaquim Nabuco
-38.491257,-3.730908,maxheight,4.4,Rua Ana Bilhar
-38.494495,-3.730947,maxheight,4.4,Rua Leonardo Mota
-38.521890,-3.730988,maxheight,4.4,Rua Pinto Madeira
-38.538814,-3.731004,maxheight,4.4,Rua Meton de Alencar
-38.532103,-3.731034,maxheight,4.4,Avenida Duque de Caxias
-38.502080,-3.731095,maxheight,4.4,Rua Nunes Valente
-38.494017,-3.731100,maxheight,4.4,Rua Canuto de Aguiar
-38.526536,-3.731126,maxheight,4.4,Rua Solon Pinheiro
-38.495612,-3.731134,maxheight,4.4,Rua Barbosa de Freitas
-38.491369,-3.731143,maxheight,4.4,Avenida Senador Virgílio Távora
-38.498880,-3.731147,maxheight,4.4,Rua Osvaldo Cruz
-38.491310,-3.731180,maxheight,4.4,Avenida Senador Virgílio Távora
-38.538259,-3.731188,maxheight,4.4,Rua Meton de Alencar
-38.501061,-3.731242,maxheight,4.4,Rua Tibúrcio Cavalcante
-38.527572,-3.731244,maxheight,4.4,Rua da Assunção
-38.492465,-3.731323,maxheight,4.4,Rua Coronel Linhares
-38.534496,-3.731382,maxheight,4.4,Avenida Tristão Gonçalves
-38.531004,-3.731472,maxheight,4.4,Avenida Duque de Caxias
-38.505631,-3.731507,maxheight,4.4,Avenida Barão de Studart
-38.488781,-3.731518,maxheight,4.4,Rua Frei Mansueto
-38.488777,-3.731607,maxheight,4.4,Rua Frei Mansueto
-38.499014,-3.731629,maxheight,4.4,Rua Pereira Valente
-38.491528,-3.731637,maxheight,4.4,Avenida Senador Virgílio Távora
-38.519706,-3.731648,maxheight,4.4,Rua Pinto Madeira
-38.530121,-3.731673,maxheight,4.4,Avenida Duque de Caxias
-38.491468,-3.731675,maxheight,4.4,Avenida Senador Virgílio Távora
-38.529948,-3.731769,maxheight,4.4,Rua Barão do Rio Branco
-38.536406,-3.731796,maxheight,4.4,Rua Meton de Alencar
-38.500165,-3.731807,maxheight,4.4,Rua Joaquim Nabuco
-38.504562,-3.731859,maxheight,4.4,Rua Silva Paulet
-38.526622,-3.731883,maxheight,4.4,Rua Pedro I
-38.501267,-3.731884,maxheight,4.4,Rua Tibúrcio Cavalcante
-38.494821,-3.731910,maxheight,4.4,Rua República do Líbano
-38.529625,-3.731917,maxheight,4.4,Avenida Duque de Caxias
-38.511615,-3.731931,maxheight,4.4,Avenida Santos Dumont
-38.498056,-3.731949,maxheight,4.4,Rua Visconde de Mauá
-38.526804,-3.731955,maxheight,4.4,Rua Solon Pinheiro
-38.529277,-3.731989,maxheight,4.4,Rua Major Facundo
-38.506391,-3.732042,maxheight,4.4,Rua Costa Barros
-38.501096,-3.732058,maxheight,4.4,Avenida Dom Luís
-38.532328,-3.732086,maxheight,4.4,Rua General Sampaio
-38.525951,-3.732093,maxheight,4.4,Rua Pedro I
-38.489288,-3.732094,maxheight,4.4,Rua Frederico Borges
-38.524958,-3.732105,maxheight,4.4,Avenida Visconde do Rio Branco
-38.529017,-3.732114,maxheight,4.4,Avenida Duque de Caxias
-38.503697,-3.732150,maxheight,4.4,Rua Jaguaribe
-38.528604,-3.732159,maxheight,4.4,Avenida Duque de Caxias
-38.531888,-3.732159,maxheight,4.4,Rua General Clarindo de Queiroz
-38.488750,-3.732162,maxheight,4.4,Rua Frei Mansueto
-38.528731,-3.732162,maxheight,4.4,Rua Floriano Peixoto
-38.505829,-3.732226,maxheight,4.4,Rua Costa Barros
-38.493826,-3.732245,maxheight,4.4,Rua Vicente Leite
-38.530104,-3.732249,maxheight,4.4,Rua Barão do Rio Branco
-38.505887,-3.732286,maxheight,4.4,Avenida Barão de Studart
-38.525122,-3.732357,maxheight,4.4,Rua Pedro I
-38.526936,-3.732372,maxheight,4.4,Rua Solon Pinheiro
-38.491762,-3.732373,maxheight,4.4,Avenida Senador Virgílio Távora
-38.531278,-3.732380,maxheight,4.4,Rua Senador Pompeu
-38.525466,-3.732382,maxheight,4.4,Rua Jaime Benévolo
-38.491698,-3.732398,maxheight,4.4,Avenida Senador Virgílio Távora
-38.527901,-3.732475,maxheight,4.4,Avenida Duque de Caxias
-38.502534,-3.732517,maxheight,4.4,Rua Nunes Valente
-38.527489,-3.732519,maxheight,4.4,Avenida Duque de Caxias
-38.499411,-3.732606,maxheight,4.4,Avenida Dom Luís
-38.516489,-3.732631,maxheight,4.4,Rua Pinto Madeira
-38.533695,-3.732681,maxheight,4.4,Rua Meton de Alencar
-38.482549,-3.732694,maxheight,5.5,Avenida Engenheiro Alberto Sá
-38.526959,-3.732694,maxheight,4.4,Avenida Duque de Caxias
-38.482563,-3.732767,maxheight,5.5,Avenida Engenheiro Alberto Sá
-38.525615,-3.732800,maxheight,4.4,Rua Jaime Benévolo
-38.505983,-3.732828,maxheight,4.4,Avenida Barão de Studart
-38.537722,-3.732849,maxheight,4.4,Rua Antônio Pompeu
-38.506072,-3.732878,maxheight,4.4,Avenida Barão de Studart
-38.503796,-3.732892,maxheight,4.4,Rua Costa Barros
-38.503733,-3.732915,maxheight,4.4,Rua José Vilar
-38.526391,-3.732963,maxheight,4.4,Avenida Duque de Caxias
-38.534219,-3.732963,maxheight,4.4,Rua 24 de Maio
-38.494641,-3.733049,maxheight,4.4,Rua Pereira Valente
-38.532574,-3.733052,maxheight,4.4,Rua Meton de Alencar
-38.525752,-3.733081,maxheight,4.4,Avenida Duque de Caxias
-38.497830,-3.733086,maxheight,4.4,Avenida Dom Luís
-38.497370,-3.733092,maxheight,4.4,Avenida Desembargador Moreira
-38.525724,-3.733134,maxheight,4.4,Rua Jaime Benévolo
-38.532467,-3.733151,maxheight,4.4,
-38.498455,-3.733159,maxheight,4.4,Rua Visconde de Mauá
-38.489236,-3.733192,maxheight,4.4,Rua Frederico Borges
-38.532093,-3.733214,maxheight,4.4,Rua Meton de Alencar
-38.508532,-3.733236,maxheight,4.4,Avenida Rui Barbosa
-38.505024,-3.733281,maxheight,4.4,Rua Silva Paulet
-38.497719,-3.733303,maxheight,4.4,Avenida Desembargador Moreira
-38.492075,-3.733345,maxheight,4.4,Avenida Senador Virgílio Távora
-38.525161,-3.733358,maxheight,4.4,Avenida Duque de Caxias
-38.496940,-3.733361,maxheight,4.4,Avenida Dom Luís
-38.492010,-3.733371,maxheight,4.4,Avenida Senador Virgílio Távora
-38.513842,-3.733453,maxheight,4.4,Rua Pinto Madeira
-38.496628,-3.733498,maxheight,4.4,Avenida Dom Luís
-38.506274,-3.733521,maxheight,4.4,Avenida Barão de Studart
-38.497264,-3.733526,maxheight,4.4,Avenida Desembargador Moreira
-38.503391,-3.733540,maxheight,4.4,Rua Carvalho Lima
-38.506211,-3.733543,maxheight,4.4,Avenida Barão de Studart
-38.532758,-3.733555,maxheight,4.4,Rua General Sampaio
-38.501807,-3.733556,maxheight,4.4,Rua Tibúrcio Cavalcante
-38.524257,-3.733565,maxheight,4.4,Avenida Heráclito Graça
-38.496398,-3.733607,maxheight,4.4,Rua Barbosa de Freitas
-38.532716,-3.733620,maxheight,4.4,
-38.499685,-3.733621,maxheight,4.4,Rua Marcos Macêdo
-38.497621,-3.733629,maxheight,4.4,Avenida Desembargador Moreira
-38.527320,-3.733639,maxheight,4.4,Rua General Clarindo de Queiroz
-38.496186,-3.733641,maxheight,4.4,Avenida Dom Luís
-38.530563,-3.733699,maxheight,4.4,Rua Barão do Rio Branco
-38.535204,-3.733740,maxheight,4.4,Avenida Tristão Gonçalves
-38.534039,-3.733741,maxheight,4.4,
-38.488686,-3.733762,maxheight,4.4,Rua Frei Mansueto
-38.523797,-3.733791,maxheight,4.4,Avenida Heráclito Graça
-38.500812,-3.733793,maxheight,4.4,Rua Joaquim Nabuco
-38.495707,-3.733797,maxheight,4.4,Avenida Dom Luís
-38.523432,-3.733828,maxheight,4.4,Avenida Heráclito Graça
-38.531733,-3.733876,maxheight,4.4,Rua Senador Pompeu
-38.503000,-3.733948,maxheight,4.4,Rua Nunes Valente
-38.497668,-3.733993,maxheight,4.4,Avenida Desembargador Moreira
-38.505222,-3.734004,maxheight,4.4,Avenida Santos Dumont
-38.524496,-3.734063,maxheight,4.4,Avenida Visconde do Rio Branco
-38.511729,-3.734101,maxheight,4.4,Rua Pinto Madeira
-38.499831,-3.734112,maxheight,4.4,Rua Osvaldo Cruz
-38.505019,-3.734151,maxheight,2.1,
-38.522389,-3.734241,maxheight,4.4,Avenida Heráclito Graça
-38.493401,-3.734259,maxheight,4.4,Rua Coronel Linhares
-38.497719,-3.734269,maxheight,4.4,Rua Marcos Macêdo
-38.492392,-3.734324,maxheight,4.4,Avenida Senador Virgílio Távora
-38.492326,-3.734345,maxheight,4.4,Avenida Senador Virgílio Távora
-38.493991,-3.734352,maxheight,4.4,Avenida Dom Luís
-38.530048,-3.734387,maxheight,4.4,Rua Major Facundo
-38.504920,-3.734465,maxheight,2.1,
-38.497756,-3.734499,maxheight,4.4,Avenida Desembargador Moreira
-38.506517,-3.734502,maxheight,4.4,Avenida Barão de Studart
-38.503716,-3.734504,maxheight,4.4,Avenida Santos Dumont
-38.521300,-3.734506,maxheight,4.4,Avenida Heráclito Graça
-38.529519,-3.734559,maxheight,4.4,Rua Floriano Peixoto
-38.527900,-3.734567,maxheight,4.4,Rua Meton de Alencar
-38.521325,-3.734582,maxheight,4.4,Avenida Heráclito Graça
-38.500001,-3.734600,maxheight,4.4,Rua Maria Tomásia
-38.510143,-3.734603,maxheight,4.4,Rua Torres Câmara
-38.506635,-3.734643,maxheight,4.4,Avenida Barão de Studart
-38.494611,-3.734707,maxheight,4.4,Rua Vicente Leite
-38.520684,-3.734708,maxheight,4.4,Avenida Heráclito Graça
-38.489177,-3.734710,maxheight,4.4,Rua Frederico Borges
-38.530927,-3.734763,maxheight,4.4,Rua Barão do Rio Branco
-38.528743,-3.734766,maxheight,4.4,Rua da Assunção
-38.520706,-3.734778,maxheight,4.4,Avenida Heráclito Graça
-38.533536,-3.734801,maxheight,4.4,Avenida da Universidade
-38.492520,-3.734828,maxheight,4.4,Avenida Dom Luís
-38.502756,-3.734842,maxheight,4.4,Avenida Santos Dumont
-38.504354,-3.734844,maxheight,4.4,Rua José Vilar
-38.492563,-3.734850,maxheight,4.4,Avenida Senador Virgílio Távora
-38.492499,-3.734871,maxheight,4.4,Avenida Senador Virgílio Távora
-38.506094,-3.734876,maxheight,4.4,Rua Eduardo Salgado
-38.532809,-3.734974,maxheight,4.4,Rua Manuelito Moreira
-38.495283,-3.735051,maxheight,4.4,Rua Marcos Macêdo
-38.527843,-3.735052,maxheight,4.4,Rua Solon Pinheiro
-38.519543,-3.735072,maxheight,4.4,Avenida Heráclito Graça
-38.519656,-3.735114,maxheight,4.4,Avenida Heráclito Graça
-38.501781,-3.735132,maxheight,4.4,Avenida Santos Dumont
-38.492592,-3.735164,maxheight,4.4,Avenida Senador Virgílio Távora
-38.503392,-3.735165,maxheight,4.4,Rua Nunes Valente
-38.503298,-3.735172,maxheight,2.1,
-38.531030,-3.735182,maxheight,4.4,Rua Barão do Rio Branco
-38.531106,-3.735229,maxheight,4.4,Rua Barão do Rio Branco
-38.527158,-3.735237,maxheight,4.4,Rua Barão de Aratanha
-38.498031,-3.735238,maxheight,4.4,Rua Maria Tomásia
-38.508021,-3.735295,maxheight,4.4,Rua Torres Câmara
-38.532167,-3.735295,maxheight,4.4,Rua Senador Pompeu
-38.492727,-3.735353,maxheight,4.4,Avenida Senador Virgílio Távora
-38.490807,-3.735384,maxheight,4.4,Avenida Dom Luís
-38.488626,-3.735404,maxheight,4.4,Rua Frei Mansueto
-38.518610,-3.735448,maxheight,4.4,Avenida Heráclito Graça
-38.526477,-3.735454,maxheight,4.4,Rua Jaime Benévolo
-38.506835,-3.735500,maxheight,4.4,Avenida Barão de Studart
-38.509271,-3.735518,maxheight,4.4,Avenida Rui Barbosa
-38.517975,-3.735574,maxheight,4.4,Avenida Heráclito Graça
-38.500318,-3.735588,maxheight,4.4,Avenida Santos Dumont
-38.492746,-3.735634,maxheight,4.4,Avenida Senador Virgílio Távora
-38.499258,-3.735644,maxheight,4.4,Rua Visconde de Mauá
-38.517963,-3.735655,maxheight,4.4,Avenida Heráclito Graça
-38.498138,-3.735695,maxheight,4.4,Avenida Desembargador Moreira
-38.493867,-3.735705,maxheight,4.4,Rua Coronel Linhares
-38.524194,-3.735719,maxheight,4.4,Avenida Visconde do Rio Branco
-38.527479,-3.735780,maxheight,4.4,Rua Antônio Pompeu
-38.501453,-3.735781,maxheight,4.4,Rua Joaquim Nabuco
-38.489130,-3.735802,maxheight,4.4,Rua Frederico Borges
-38.503066,-3.735815,maxheight,4.4,Rua Desembargador Leite Albuquerque
-38.504736,-3.735821,maxheight,4.4,Rua Jorge da Rocha
-38.492849,-3.735834,maxheight,4.4,Rua Marcos Macêdo
-38.523892,-3.735864,maxheight,4.4,Rua Rocha Lima
-38.517057,-3.735872,maxheight,4.4,Avenida Heráclito Graça
-38.487158,-3.735892,maxheight,4.4,Avenida Farias Brito
-38.488342,-3.735944,maxheight,4.4,Avenida Farias Brito
-38.517044,-3.735948,maxheight,4.4,Avenida Heráclito Graça
-38.488865,-3.735949,maxheight,4.4,Avenida Dom Luís
-38.495595,-3.736028,maxheight,4.4,Rua Maria Tomásia
-38.516533,-3.736042,maxheight,4.4,Avenida Heráclito Graça
-38.498862,-3.736054,maxheight,4.4,Avenida Santos Dumont
-38.485278,-3.736058,maxheight,4.4,Avenida Farias Brito
-38.531377,-3.736077,maxheight,4.4,Rua Barão do Rio Branco
-38.531321,-3.736095,maxheight,4.4,Rua Barão do Rio Branco
-38.516552,-3.736105,maxheight,4.4,Avenida Heráclito Graça
-38.498362,-3.736165,maxheight,4.4,Avenida Desembargador Moreira
-38.485610,-3.736178,maxheight,4.4,Avenida Farias Brito
-38.525686,-3.736194,maxheight,4.4,Rua Conselheiro Tristão
-38.495098,-3.736200,maxheight,4.4,Rua Vicente Leite
-38.498345,-3.736220,maxheight,4.4,Avenida Santos Dumont
-38.504891,-3.736311,maxheight,4.4,Rua Torres Câmara
-38.492969,-3.736337,maxheight,4.4,Avenida Senador Virgílio Távora
-38.515466,-3.736392,maxheight,4.4,Avenida Heráclito Graça
-38.504859,-3.736410,maxheight,4.4,Rua José Vilar
-38.515488,-3.736458,maxheight,4.4,Avenida Heráclito Graça
-38.528697,-3.736615,maxheight,4.4,Rua da Aliança
-38.507277,-3.736636,maxheight,4.4,Avenida Barão de Studart
-38.507210,-3.736657,maxheight,4.4,Avenida Barão de Studart
-38.514422,-3.736735,maxheight,4.4,Avenida Heráclito Graça
-38.498478,-3.736741,maxheight,4.4,Avenida Desembargador Moreira
-38.505560,-3.736742,maxheight,4.4,Rua Argemiro Valente
-38.500162,-3.736758,maxheight,4.4,Rua Desembargador Leite Albuquerque
-38.502839,-3.736764,maxheight,4.4,Rua Tibúrcio Cavalcante
-38.506169,-3.736798,maxheight,4.4,Rua Silva Paulet
-38.514446,-3.736805,maxheight,4.4,Avenida Heráclito Graça
-38.524050,-3.736861,maxheight,4.4,Rua Antônio Pompeu
-38.524065,-3.736898,maxheight,4.4,Avenida Visconde do Rio Branco
-38.513794,-3.736944,maxheight,4.4,Avenida Heráclito Graça
-38.524057,-3.736958,maxheight,4.4,Avenida Aguanambi
-38.495909,-3.737014,maxheight,4.4,Avenida Santos Dumont
-38.513820,-3.737014,maxheight,4.4,Avenida Heráclito Graça
-38.523992,-3.737030,maxheight,4.4,Avenida Aguanambi
-38.497510,-3.737058,maxheight,4.4,Rua Barbosa de Freitas
-38.488556,-3.737068,maxheight,4.4,Rua Frei Mansueto
-38.529497,-3.737173,maxheight,4.4,Avenida Domingos Olímpio
-38.494349,-3.737200,maxheight,4.4,Rua Coronel Linhares
-38.509817,-3.737205,maxheight,4.4,Avenida Rui Barbosa
-38.498702,-3.737214,maxheight,4.4,Avenida Desembargador Moreira
-38.524634,-3.737233,maxheight,4.4,Travessa José Gomes de Moura
-38.529070,-3.737263,maxheight,4.4,Avenida Domingos Olímpio
-38.493349,-3.737302,maxheight,4.4,Avenida Senador Virgílio Távora
-38.496541,-3.737335,maxheight,4.4,Rua Leonardo Mota
-38.512773,-3.737336,maxheight,4.4,Avenida Heráclito Graça
-38.524192,-3.737345,maxheight,4.4,Avenida Aguanambi
-38.528658,-3.737350,maxheight,4.4,Avenida Domingos Olímpio
-38.512798,-3.737414,maxheight,4.4,Avenida Heráclito Graça
-38.504116,-3.737415,maxheight,4.4,Rua Padre Quinderé
-38.528275,-3.737434,maxheight,4.4,Avenida Domingos Olímpio
-38.525137,-3.737467,maxheight,4.4,Rua José Gomes de Moura
-38.500944,-3.737558,maxheight,4.4,Rua Osvaldo Cruz
-38.505233,-3.737563,maxheight,4.4,Rua José Vilar
-38.500960,-3.737588,maxheight,4.4,Rua Torres Câmara
-38.502084,-3.737743,maxheight,4.4,Rua Joaquim Nabuco
-38.498801,-3.737744,maxheight,4.4,Avenida Desembargador Moreira
-38.504293,-3.737769,maxheight,4.4,Rua Afonso Celso
-38.493472,-3.737809,maxheight,4.4,Avenida Santos Dumont
-38.524348,-3.737828,maxheight,4.4,Avenida Aguanambi
-38.524269,-3.737897,maxheight,4.4,Avenida Aguanambi
-38.511226,-3.737939,maxheight,4.4,Avenida Heráclito Graça
-38.504287,-3.737973,maxheight,4.4,Rua Nunes Valente
-38.505375,-3.737989,maxheight,4.4,Rua José Vilar
-38.511246,-3.738013,maxheight,4.4,Avenida Heráclito Graça
-38.496240,-3.738033,maxheight,4.4,Rua Desembargador Leite Albuquerque
-38.507751,-3.738107,maxheight,4.4,Avenida Barão de Studart
-38.498992,-3.738227,maxheight,4.4,Rua Eduardo Garcia
-38.505559,-3.738303,maxheight,4.4,Rua João Carvalho
-38.493671,-3.738307,maxheight,4.4,Avenida Senador Virgílio Távora
-38.524492,-3.738310,maxheight,4.4,Avenida Aguanambi
-38.493605,-3.738328,maxheight,4.4,Avenida Senador Virgílio Távora
-38.507758,-3.738348,maxheight,4.4,Avenida Barão de Studart
-38.509972,-3.738389,maxheight,4.4,Avenida Júlio Ventura
-38.509833,-3.738506,maxheight,4.4,Avenida Júlio Ventura
-38.505548,-3.738514,maxheight,4.4,Rua José Vilar
-38.491217,-3.738546,maxheight,4.4,Avenida Santos Dumont
-38.499156,-3.738625,maxheight,4.4,Avenida Desembargador Moreira
-38.499082,-3.738647,maxheight,4.4,Avenida Desembargador Moreira
-38.509156,-3.738655,maxheight,4.4,Avenida Júlio Ventura
-38.540495,-3.738678,maxheight,2.1,
-38.509286,-3.738686,maxheight,4.4,Avenida Júlio Ventura
-38.503462,-3.738711,maxheight,4.4,Rua Tibúrcio Cavalcante
-38.507972,-3.738802,maxheight,4.4,Avenida Barão de Studart
-38.493805,-3.738826,maxheight,4.4,Rua Desembargador Leite Albuquerque
-38.508583,-3.738918,maxheight,4.4,Avenida Júlio Ventura
-38.503530,-3.738932,maxheight,4.4,Rua Tibúrcio Cavalcante
-38.508293,-3.738938,maxheight,4.4,Avenida Júlio Ventura
-38.503562,-3.738962,maxheight,4.4,Rua João Carvalho
-38.494919,-3.738986,maxheight,4.4,Rua Coronel Linhares
-38.496555,-3.739012,maxheight,4.4,Rua Eduardo Garcia
-38.493841,-3.739047,maxheight,4.4,Avenida Senador Virgílio Távora
-38.493934,-3.739115,maxheight,4.4,Avenida Senador Virgílio Távora
-38.496051,-3.739146,maxheight,4.4,Rua Vicente Leite
-38.499323,-3.739154,maxheight,4.4,Avenida Desembargador Moreira
-38.499244,-3.739177,maxheight,4.4,Avenida Desembargador Moreira
-38.516654,-3.739187,maxheight,4.4,Rua Padre Valdevino
-38.502562,-3.739238,maxheight,4.4,Rua Joaquim Nabuco
-38.505861,-3.739250,maxheight,4.4,Rua Catão Mamede
-38.488963,-3.739282,maxheight,4.4,Avenida Santos Dumont
-38.505810,-3.739324,maxheight,4.4,Rua José Vilar
-38.488283,-3.739502,maxheight,4.4,Avenida Santos Dumont
-38.493997,-3.739533,maxheight,4.4,Avenida Senador Virgílio Távora
-38.494090,-3.739600,maxheight,4.4,Avenida Senador Virgílio Távora
-38.520822,-3.739605,maxheight,4.4,Avenida Antônio Sales
-38.488113,-3.739684,maxheight,4.4,Avenida Santos Dumont
-38.508252,-3.739687,maxheight,4.4,Avenida Barão de Studart
-38.499502,-3.739709,maxheight,4.4,Avenida Desembargador Moreira
-38.499430,-3.739732,maxheight,4.4,Avenida Desembargador Moreira
-38.494118,-3.739797,maxheight,4.4,Rua Eduardo Garcia
-38.493614,-3.739962,maxheight,4.4,Rua Eduardo Garcia
-38.508271,-3.739968,maxheight,4.4,Avenida Barão de Studart
-38.506024,-3.739984,maxheight,4.4,Rua José Vilar
-38.496375,-3.740131,maxheight,4.4,Rua Paula Ney
-38.492175,-3.740426,maxheight,4.4,Rua Eduardo Garcia
-38.499757,-3.740723,maxheight,4.4,Avenida Desembargador Moreira
-38.494459,-3.740755,maxheight,4.4,Avenida Senador Virgílio Távora
-38.494393,-3.740776,maxheight,4.4,Avenida Senador Virgílio Távora
-38.497663,-3.740819,maxheight,4.4,Rua Leonardo Mota
-38.490727,-3.740891,maxheight,4.4,Rua Eduardo Garcia
-38.495545,-3.740944,maxheight,4.4,Rua Coronel Linhares
-38.508662,-3.740964,maxheight,4.4,Avenida Barão de Studart
-38.508610,-3.741022,maxheight,4.4,Avenida Barão de Studart
-38.499928,-3.741042,maxheight,4.4,Avenida Desembargador Moreira
-38.489581,-3.741249,maxheight,4.4,Rua Eduardo Garcia
-38.488271,-3.741426,maxheight,5.5,Avenida Almirante Henrique Sabóia
-38.508747,-3.741454,maxheight,4.4,Avenida Barão de Studart
-38.509121,-3.741564,maxheight,4.4,Rua Padre Valdevino
-38.514814,-3.741610,maxheight,4.4,Avenida Antônio Sales
-38.508847,-3.741654,maxheight,4.4,Rua Padre Valdevino
-38.500071,-3.741702,maxheight,4.4,Avenida Desembargador Moreira
-38.488550,-3.741745,maxheight,5.5,Avenida Almirante Henrique Sabóia
-38.500239,-3.742017,maxheight,4.4,Avenida Desembargador Moreira
-38.509015,-3.742055,maxheight,4.4,Avenida Barão de Studart
-38.508945,-3.742075,maxheight,4.4,Avenida Barão de Studart
-38.494947,-3.742283,maxheight,4.4,Avenida Senador Virgílio Távora
-38.509158,-3.742490,maxheight,4.4,Avenida Barão de Studart
-38.509085,-3.742511,maxheight,4.4,Avenida Barão de Studart
-38.505840,-3.742586,maxheight,4.4,Rua Padre Valdevino
-38.500379,-3.742668,maxheight,4.4,Avenida Desembargador Moreira
-38.509157,-3.742742,maxheight,4.4,Avenida Barão de Studart
-38.613182,-3.742777,maxheight,6.4,Rodovia Presidente Juscelino Kubitschek
-38.613245,-3.742930,maxheight,6.4,Rodovia Presidente Juscelino Kubitschek
-38.510486,-3.742952,maxheight,4.4,Avenida Antônio Sales
-38.495183,-3.743022,maxheight,4.4,Avenida Senador Virgílio Távora
-38.495114,-3.743041,maxheight,4.4,Avenida Senador Virgílio Távora
-38.509349,-3.743107,maxheight,4.4,Avenida Barão de Studart
-38.500600,-3.743125,maxheight,4.4,Avenida Desembargador Moreira
-38.509348,-3.743229,maxheight,4.4,
-38.509369,-3.743297,maxheight,4.4,Avenida Antônio Sales
-38.489549,-3.743355,maxheight,5.5,Avenida Padre Antônio Tomás
-38.500602,-3.743373,maxheight,4.4,Avenida Desembargador Moreira
-38.489583,-3.743422,maxheight,5.5,Avenida Padre Antônio Tomás
-38.495341,-3.743506,maxheight,4.4,Avenida Senador Virgílio Távora
-38.501891,-3.743795,maxheight,4.4,Rua Padre Valdevino
-38.500760,-3.743856,maxheight,4.4,Avenida Desembargador Moreira
-38.535795,-3.743857,maxheight,4.4,Avenida 13 de Maio
-38.500881,-3.744104,maxheight,4.4,Rua Padre Valdevino
-38.495571,-3.744225,maxheight,4.4,Avenida Senador Virgílio Távora
-38.495499,-3.744248,maxheight,4.4,Avenida Senador Virgílio Távora
-38.509715,-3.744249,maxheight,4.4,Avenida Barão de Studart
-38.500919,-3.744343,maxheight,4.4,Avenida Desembargador Moreira
-38.505381,-3.744525,maxheight,4.4,Avenida Antônio Sales
-38.534597,-3.744795,maxheight,4.4,Avenida 13 de Maio
-38.495763,-3.744832,maxheight,4.4,Avenida Senador Virgílio Távora
-38.509838,-3.744861,maxheight,4.4,Avenida Barão de Studart
-38.534616,-3.744862,maxheight,4.4,Avenida 13 de Maio
-38.501160,-3.744878,maxheight,4.4,Avenida Desembargador Moreira
-38.498440,-3.744896,maxheight,4.4,Rua Beni Carvalho
-38.501163,-3.745128,maxheight,4.4,Avenida Desembargador Moreira
-38.495917,-3.745313,maxheight,4.4,Avenida Senador Virgílio Távora
-38.510081,-3.745387,maxheight,4.4,Avenida Barão de Studart
-38.501416,-3.745703,maxheight,4.4,Avenida Desembargador Moreira
-38.501347,-3.745725,maxheight,4.4,Avenida Desembargador Moreira
-38.501393,-3.745754,maxheight,4.4,Avenida Antônio Sales
-38.510272,-3.745983,maxheight,4.4,Avenida Barão de Studart
-38.510274,-3.746123,maxheight,4.4,
-38.494535,-3.746162,maxheight,4.4,Rua Beni Carvalho
-38.532786,-3.746337,maxheight,4.4,Avenida 13 de Maio
-38.496291,-3.746477,maxheight,4.4,Avenida Senador Virgílio Távora
-38.496222,-3.746498,maxheight,4.4,Avenida Senador Virgílio Távora
-38.498953,-3.746521,maxheight,4.4,Avenida Antônio Sales
-38.510466,-3.746589,maxheight,4.4,Avenida Barão de Studart
-38.510401,-3.746601,maxheight,4.4,Avenida Barão de Studart
-38.501650,-3.746657,maxheight,4.4,Avenida Desembargador Moreira
-38.532501,-3.746669,maxheight,4.4,Avenida 13 de Maio
-38.492750,-3.746740,maxheight,4.4,Rua Beni Carvalho
-38.501931,-3.747290,maxheight,4.4,Avenida Desembargador Moreira
-38.502004,-3.747730,maxheight,4.4,Avenida Desembargador Moreira
-38.496703,-3.747767,maxheight,4.4,Avenida Senador Virgílio Távora
-38.496634,-3.747788,maxheight,4.4,Avenida Senador Virgílio Távora
-38.510787,-3.747807,maxheight,4.4,Avenida Barão de Studart
-38.511017,-3.748310,maxheight,4.4,Avenida Barão de Studart
-38.511031,-3.748455,maxheight,4.4,
-38.496858,-3.748510,maxheight,4.4,Avenida Senador Virgílio Távora
-38.502299,-3.748636,maxheight,4.4,Avenida Desembargador Moreira
-38.530077,-3.748649,maxheight,4.4,Avenida 13 de Maio
-38.497008,-3.748736,maxheight,4.4,Avenida Senador Virgílio Távora
-38.489902,-3.748819,maxheight,5.5,
-38.511169,-3.748995,maxheight,4.4,Avenida Barão de Studart
-38.502514,-3.749090,maxheight,4.4,Avenida Desembargador Moreira
-38.511333,-3.749509,maxheight,4.4,Avenida Barão de Studart
-38.497261,-3.749793,maxheight,4.4,Avenida Senador Virgílio Távora
-38.511563,-3.750014,maxheight,4.4,Avenida Barão de Studart
-38.511496,-3.750030,maxheight,4.4,Avenida Barão de Studart
-38.528325,-3.750243,maxheight,4.4,Avenida 13 de Maio
-38.502922,-3.750361,maxheight,4.4,Avenida Desembargador Moreira
-38.511742,-3.750683,maxheight,4.4,
-38.527654,-3.750716,maxheight,4.4,Avenida 13 de Maio
-38.497883,-3.750936,maxheight,4.4,Avenida Pontes Vieira
-38.499881,-3.751088,maxheight,4.4,Avenida Pontes Vieira
-38.499191,-3.751089,maxheight,4.4,Avenida Pontes Vieira
-38.511845,-3.751121,maxheight,4.4,Avenida Barão de Studart
-38.501196,-3.751320,maxheight,4.4,Avenida Pontes Vieira
-38.512000,-3.751368,maxheight,4.4,Avenida Barão de Studart
-38.502651,-3.751416,maxheight,4.4,Avenida Pontes Vieira
-38.503196,-3.751444,maxheight,4.4,Avenida Desembargador Moreira
-38.502676,-3.751491,maxheight,4.4,Avenida Pontes Vieira
-38.503543,-3.751523,maxheight,4.4,Avenida Pontes Vieira
-38.504094,-3.751587,maxheight,4.4,Avenida Pontes Vieira
-38.504680,-3.751656,maxheight,4.4,Avenida Pontes Vieira
-38.504581,-3.751715,maxheight,4.4,Avenida Pontes Vieira
-38.505246,-3.751720,maxheight,4.4,Avenida Pontes Vieira
-38.505148,-3.751783,maxheight,4.4,Avenida Pontes Vieira
-38.526394,-3.751788,maxheight,4.4,Avenida 13 de Maio
-38.506066,-3.751813,maxheight,4.4,Avenida Pontes Vieira
-38.506125,-3.751898,maxheight,4.4,Avenida Pontes Vieira
-38.507176,-3.751944,maxheight,4.4,Avenida Pontes Vieira
-38.506968,-3.751999,maxheight,4.4,Avenida Pontes Vieira
-38.507497,-3.752059,maxheight,4.4,Avenida Pontes Vieira
-38.508320,-3.752152,maxheight,4.4,Avenida Pontes Vieira
-38.510020,-3.752279,maxheight,4.4,Avenida Pontes Vieira
-38.509452,-3.752282,maxheight,4.4,Avenida Pontes Vieira
-38.512221,-3.752292,maxheight,4.4,Avenida Barão de Studart
-38.510257,-3.752378,maxheight,4.4,Avenida Pontes Vieira
-38.511407,-3.752513,maxheight,4.4,Avenida Pontes Vieira
-38.525528,-3.752525,maxheight,4.4,Avenida 13 de Maio
-38.512342,-3.752550,maxheight,4.4,Avenida Pontes Vieira
-38.525585,-3.752590,maxheight,4.4,Avenida 13 de Maio
-38.512961,-3.752620,maxheight,4.4,Avenida Pontes Vieira
-38.513677,-3.752704,maxheight,4.4,Avenida Pontes Vieira
-38.513064,-3.752706,maxheight,4.4,Avenida Pontes Vieira
-38.514385,-3.752790,maxheight,4.4,Avenida Pontes Vieira
-38.514372,-3.752860,maxheight,4.4,Avenida Pontes Vieira
-38.516047,-3.752984,maxheight,4.4,Avenida Pontes Vieira
-38.515476,-3.752991,maxheight,4.4,Avenida Pontes Vieira
-38.516278,-3.753085,maxheight,4.4,Avenida Pontes Vieira
-38.524998,-3.753092,maxheight,4.4,Avenida 13 de Maio
-38.516837,-3.753145,maxheight,4.4,Avenida Pontes Vieira
-38.524666,-3.753265,maxheight,4.4,Avenida 13 de Maio
-38.518774,-3.753302,maxheight,4.4,Avenida Pontes Vieira
-38.524668,-3.753368,maxheight,4.4,Avenida 13 de Maio
-38.518763,-3.753374,maxheight,4.4,Avenida Pontes Vieira
-38.520455,-3.753499,maxheight,4.4,Avenida Pontes Vieira
-38.521106,-3.753576,maxheight,4.4,Avenida 13 de Maio
-38.520442,-3.753578,maxheight,4.4,Avenida Pontes Vieira
-38.523450,-3.753589,maxheight,4.4,Avenida 13 de Maio
-38.523460,-3.753654,maxheight,4.4,Avenida 13 de Maio
-38.521848,-3.753661,maxheight,4.4,Avenida 13 de Maio
-38.521231,-3.753666,maxheight,4.4,Avenida 13 de Maio
-38.522156,-3.753698,maxheight,4.4,Avenida 13 de Maio
-38.522104,-3.753763,maxheight,4.4,Avenida 13 de Maio
-38.540304,-3.754965,maxheight,4.4,Avenida Professor Gomes de Matos
-38.491299,-3.756791,maxheight,5.5,Avenida Engenheiro Santana Júnior
-38.531117,-3.757346,maxheight,3,
-38.531070,-3.757389,maxheight,3,Embarque e Desembarque
-38.486961,-3.757813,maxheight,3,
-38.488089,-3.757945,maxheight,2.4,
-38.487563,-3.758110,maxheight,2.4,
-38.486983,-3.758204,maxheight,2.4,
-38.545765,-3.761325,maxheight,4.4,Avenida Professor Gomes de Matos
-38.479396,-3.766170,maxheight,5.5,Túnel Antônio Bandeira
-38.481109,-3.766395,maxheight,5.5,Túnel Antônio Bandeira
-38.483293,-3.766763,maxheight,5.5,Túnel Antônio Bandeira
-38.551206,-3.767656,maxheight,4.4,Avenida Professor Gomes de Matos
-38.540785,-3.778870,maxheight,4.1,Desembarque
-38.540367,-3.780252,maxheight,3,
-38.516166,-3.782093,maxheight,5.5,Avenida Alberto Craveiro
-38.516475,-3.782481,maxheight,5.5,Avenida Alberto Craveiro
-38.534006,-3.782698,maxheight,5,
-38.533926,-3.782722,maxheight,5,
-38.552428,-3.789368,maxwidth,4,
-38.552360,-3.789595,maxheight,5,
-60.315964,-3.797576,maxweight,23,Rodovia Manaus–Porto Velho
-60.328293,-3.803784,maxweight,23,Rodovia Manaus–Porto Velho
-38.524767,-3.807191,maxheight,5.5,Túnel Jornalista Demócrito Dummar
-38.524695,-3.807479,maxheight,5.5,Túnel Jornalista Demócrito Dummar
-38.578400,-3.808320,maxheight,4.7,Rua Professor Glauco Lobo
-38.500748,-3.811673,maxheight,5.4,Rodovia Santos Dumont
-38.499199,-3.813749,maxheight,2.4,
-60.347732,-3.815552,maxweight,23,Rodovia Manaus–Porto Velho
-38.598615,-3.815817,maxwidth,8.01,Travessa São Benedito
-38.479266,-3.817820,maxheight,3,
-60.359722,-3.823953,maxweight,23,Rodovia Manaus–Porto Velho
-60.365538,-3.827590,maxweight,23,Ponte Sobre o Rio Castanho
-38.592438,-3.827635,maxheight,2.3,
-38.496783,-3.843376,maxweight,6,Rua Doca Sales
-40.860762,-3.904655,maxheight,2.5,Rodovia Pedro Aragão
-40.872413,-3.905768,maxheight,2.5,Rodovia Pedro Aragão
-40.867958,-3.907737,maxheight,2.5,Rodovia Pedro Aragão
-60.522741,-3.953990,maxweight,23,Rodovia Manaus–Porto Velho
-51.207392,-30.000134,maxheight,5.5,Avenida Presidente Castello Branco
-51.207560,-30.002095,maxheight,3.9,
-51.207606,-30.002196,maxheight,3.9,
-51.207977,-30.002269,maxheight,3.9,Comporta 12
-51.208245,-30.002291,maxheight,3.9,
-51.208007,-30.002351,maxheight,3.9,
-51.306405,-30.002352,maxheight,5,Avenida Getúlio Vargas
-51.306632,-30.002462,maxheight,5,Avenida Getúlio Vargas
-51.191613,-30.005549,maxheight,3.5,Rua Pereira Franco
-51.191579,-30.006323,maxheight,3.5,Rua Pereira Franco
-51.190277,-30.007018,maxheight,4.4,Avenida Benjamin Constant
-51.190588,-30.007018,maxheight,4.4,Avenida Benjamin Constant
-51.191151,-30.007050,maxheight,4.4,Avenida Benjamin Constant
-51.191145,-30.007136,maxheight,4.4,
-51.189490,-30.007187,maxheight,4.4,
-51.190978,-30.007194,maxheight,4.4,Corredor de Transporte Coletivo Benjamin Constant
-51.190212,-30.007202,maxheight,4.4,Corredor de Transporte Coletivo Benjamin Constant
-51.189490,-30.007260,maxheight,4.4,
-51.191561,-30.007307,maxheight,4.4,
-51.190673,-30.007361,maxheight,4.4,Avenida Benjamin Constant
-51.190539,-30.007529,maxheight,3.5,
-51.191625,-30.007576,maxheight,4.4,
-51.311604,-30.013778,maxweight,7,Estrada do Conde
-51.185719,-30.017286,maxheight,4.5,Passagem de Nível Mendes Ribeiro Filho
-51.185038,-30.017301,maxheight,4.5,Avenida Cristóvão Colombo
-51.186514,-30.017349,maxheight,4.5,Passagem de Nível Mendes Ribeiro Filho
-51.185686,-30.017353,maxheight,4.5,Passagem de Nível Mendes Ribeiro Filho
-51.187365,-30.017410,maxheight,4.5,Passagem de Nível Mendes Ribeiro Filho
-51.186510,-30.017416,maxheight,4.5,Passagem de Nível Mendes Ribeiro Filho
-51.187359,-30.017481,maxheight,4.5,Passagem de Nível Mendes Ribeiro Filho
-51.310960,-30.018248,maxweight,7,Estrada do Conde
-51.219209,-30.022637,maxheight,4.3,Elevada da Conceição
-51.220607,-30.023910,maxheight,4.2,Rua da Conceição
-51.221396,-30.024296,maxheight,4,Avenida Júlio de Castilhos
-51.220145,-30.024435,maxheight,4.3,Corredor Humanitário
-51.222402,-30.024791,maxheight,4.2,Avenida Júlio de Castilhos
-51.219909,-30.024956,maxheight,4.3,Corredor Humanitário
-51.200360,-30.025046,maxheight,4,Avenida Goethe
-51.219399,-30.025104,maxheight,4.3,
-51.181916,-30.025256,maxheight,4,Passagem Subterrânea Dom Cláudio Colling
-51.199727,-30.025429,maxheight,4,Avenida Goethe
-51.219594,-30.025435,maxheight,4.3,
-51.219169,-30.025492,maxheight,4.2,Rua da Conceição
-51.182726,-30.025554,maxheight,4,Passagem Subterrânea Dom Cláudio Colling
-51.218326,-30.025631,maxheight,4.2,Rua Voluntários da Pátria
-51.224432,-30.025676,maxheight,4.7,Avenida Júlio de Castilhos
-51.224649,-30.025782,maxheight,4.7,Avenida Júlio de Castilhos
-51.183496,-30.025851,maxheight,4,Passagem Subterrânea Dom Cláudio Colling
-51.218851,-30.025880,maxheight,4.2,Rua Voluntários da Pátria
-51.224872,-30.025889,maxheight,4.7,Avenida Júlio de Castilhos
-51.219226,-30.026094,maxheight,4.2,Rua da Conceição
-51.219498,-30.026208,maxheight,4.2,Rua Voluntários da Pátria
-51.219282,-30.026277,maxheight,4.2,Rua Voluntários da Pátria
-51.219562,-30.026363,maxheight,4.5,Rua da Conceição
-51.219164,-30.026568,maxheight,4.5,Corredor de Transporte Coletivo Farrapos
-51.219640,-30.026578,maxheight,4.5,Rua Voluntários da Pátria
-51.219391,-30.026612,maxheight,4.5,Rua da Conceição
-51.199546,-30.026650,maxheight,4,Avenida Goethe
-51.199844,-30.026972,maxheight,4,Avenida Goethe
-51.219568,-30.027133,maxheight,4.3,Elevada da Conceição
-51.174598,-30.027629,maxheight,5.5,Avenida Doutor Nilo Peçanha
-51.219457,-30.027928,maxheight,4.5,Avenida Alberto Bins
-51.175933,-30.028013,maxheight,5.5,Avenida Doutor Nilo Peçanha
-52.888462,-30.028045,maxweight,15,
-51.175833,-30.028085,maxheight,5.5,Avenida Doutor Nilo Peçanha
-51.199842,-30.028156,maxheight,4,Avenida Goethe
-51.200244,-30.028471,maxheight,4,Avenida Goethe
-51.309870,-30.028586,maxweight,7,Estrada do Conde
-51.181108,-30.029033,maxheight,3.5,
-51.219440,-30.029085,maxheight,4.3,Elevada da Conceição
-51.219519,-30.029150,maxheight,4.3,Elevada da Conceição
-51.180661,-30.029365,maxheight,4.4,Avenida Doutor Nilo Peçanha
-51.180632,-30.029461,maxheight,4.4,Avenida Doutor Nilo Peçanha
-51.181179,-30.029509,maxheight,4.4,Avenida Doutor Nilo Peçanha
-51.181090,-30.029593,maxheight,4.4,Avenida Doutor Nilo Peçanha
-51.180686,-30.029926,maxheight,3.5,
-51.219386,-30.029987,maxheight,4.3,Túnel da Conceição
-51.219252,-30.030217,maxheight,4.3,Túnel da Conceição
-51.252450,-30.030785,maxweight,4,Rua Marinheiros
-51.219356,-30.030910,maxheight,4.3,Rua da Conceição
-51.224601,-30.030934,maxheight,4.4,Avenida Senador Salgado Filho
-51.224275,-30.031029,maxheight,4.4,Avenida João Pessoa
-51.224534,-30.031069,maxheight,5,Avenida Senador Salgado Filho
-51.252359,-30.031072,maxweight,4,Rua Marinheiros
-51.219739,-30.031351,maxheight,4.3,Rua da Conceição
-51.252266,-30.031374,maxweight,4,Rua Marinheiros
-51.223851,-30.031435,maxheight,4.4,Viaduto José Loureiro da Silva
-51.223945,-30.031536,maxheight,5,Avenida João Pessoa
-51.223778,-30.031566,maxheight,4.4,Avenida João Pessoa
-51.219262,-30.031603,maxheight,4.3,Rua da Conceição
-51.221370,-30.034314,maxheight,4.3,Rua Sarmento Leite
-51.221299,-30.034621,maxheight,4.3,Rua Sarmento Leite
-51.221280,-30.034671,maxheight,4.3,Avenida Loureiro da Silva
-51.221502,-30.034778,maxheight,4.3,Avenida Loureiro da Silva
-51.221326,-30.034840,maxheight,4.3,Avenida Loureiro da Silva
-51.221958,-30.034878,maxheight,4.3,Avenida Loureiro da Silva
-51.174883,-30.037234,maxheight,4.2,Corredor de Transporte Coletivo Carlos Gomes
-51.174465,-30.037392,maxheight,4.2,Avenida Carlos Gomes
-51.174473,-30.037510,maxheight,4.2,Avenida Carlos Gomes
-51.310939,-30.037815,maxweight,7,Estrada do Conde
-51.229616,-30.038258,maxheight,4.3,Avenida Loureiro da Silva
-51.228314,-30.038464,maxheight,4.3,Avenida Loureiro da Silva
-51.173849,-30.038484,maxheight,4.2,Avenida Carlos Gomes
-51.173674,-30.038529,maxheight,4.2,Avenida Carlos Gomes
-51.227459,-30.038573,maxheight,4.3,Avenida Loureiro da Silva
-51.228465,-30.038724,maxheight,4.3,Avenida Loureiro da Silva
-51.173777,-30.038803,maxheight,4.2,Avenida Senador Tarso Dutra
-51.173705,-30.038824,maxheight,4.2,Corredor de Transporte Coletivo Senador Tarso Dutra
-51.173608,-30.038831,maxheight,4.2,Avenida Senador Tarso Dutra
-51.173496,-30.039825,maxheight,4.2,Corredor de Transporte Coletivo Senador Tarso Dutra
-51.173382,-30.039942,maxheight,4.2,Avenida Senador Tarso Dutra
-51.173545,-30.040088,maxheight,4.2,Avenida Senador Tarso Dutra
-51.329971,-30.041491,maxheight,5,Rodovia General Bento Gonçalves
-51.329825,-30.041685,maxheight,5.5,Rodovia General Bento Gonçalves
-51.313365,-30.042683,maxweight,7,Estrada do Conde
-51.330940,-30.043533,maxheight,5,Rodovia General Bento Gonçalves
-51.330961,-30.044038,maxheight,5,Rodovia General Bento Gonçalves
-51.315201,-30.046685,maxweight,7,Estrada do Conde
-51.228649,-30.048454,maxheight,2.2,
-51.227050,-30.049526,maxheight,2.2,
-51.227259,-30.049542,maxheight,2.2,
-51.227055,-30.049589,maxheight,2.2,
-52.909192,-30.049877,maxheight,4.5,Avenida João Neves Fontoura
-51.316124,-30.050020,maxweight,7,Estrada do Conde
-51.228897,-30.050656,maxheight,2.2,
-51.334387,-30.050946,maxheight,3,EM-2
-51.223599,-30.054430,maxheight,2.1,
-51.223618,-30.054590,maxheight,2.1,
-51.223632,-30.054654,maxheight,2.1,
-51.223613,-30.054754,maxheight,2.1,
-51.223534,-30.054758,maxheight,2.1,
-51.223431,-30.054768,maxheight,2.2,
-51.163125,-30.055447,maxheight,2.75,
-51.172731,-30.055937,maxheight,6,Avenida Ipiranga
-51.174325,-30.056634,maxheight,6,Avenida Ipiranga
-51.173677,-30.056870,maxheight,6,Avenida Ipiranga
-51.175107,-30.057495,maxheight,6,Avenida Ipiranga
-51.230671,-30.058751,maxheight,4.3,Avenida Praia de Belas
-51.230580,-30.059058,maxheight,4.3,Largo Telmo Thompson Flores
-51.230382,-30.059109,maxheight,4.3,
-51.230663,-30.059400,maxheight,4.3,Rua José de Alencar
-51.230619,-30.059404,maxheight,4.3,Largo Telmo Thompson Flores
-51.517578,-30.059412,maxheight,5.5,Rodovia Osvaldo Aranha
-51.230324,-30.059518,maxheight,4.3,Rua José de Alencar
-51.518467,-30.059769,maxheight,5.5,Rodovia Osvaldo Aranha
-52.897853,-30.062546,maxheight,4,Ponte do Fandango
-51.241701,-30.073916,maxheight,4.5,Avenida Padre Cacique
-51.241651,-30.074112,maxheight,4.4,
-51.242115,-30.074500,maxheight,4.4,
-51.242430,-30.074700,maxheight,4.5,Avenida Padre Cacique
-51.243105,-30.075421,maxheight,4.5,Avenida Padre Cacique
-51.207812,-30.077612,maxheight,4.2,Passagem de Nível Engenheiro José Portella Nunes
-51.207980,-30.077905,maxheight,4.2,Passagem de Nível Engenheiro José Portella Nunes
-51.027683,-30.084215,maxweight,3.5,Rua Luiz Rossetti
-51.028159,-30.084613,maxweight,3.5,Rua Alcebíades Azeredo dos Santos
-51.026513,-30.084723,maxweight,3.5,Rua Luiz Rossetti
-51.028101,-30.085583,maxweight,3.5,Rua Alcebíades Azeredo dos Santos
-51.024640,-30.085824,maxweight,3.5,Rua Luís Rosetti
-51.028033,-30.086656,maxweight,3.5,Rua Alcebíades Azeredo dos Santos
-51.023218,-30.086817,maxweight,3.5,Rua Coronel Mário Antunes da Veiga
-51.342132,-30.087247,maxheight,5,
-51.022882,-30.087318,maxweight,3.5,Rua Coronel Mário Antunes da Veiga
-51.023011,-30.087423,maxweight,3.5,Rua Coronel Mário Antunes da Veiga
-51.342144,-30.087472,maxheight,5,
-51.027973,-30.087490,maxweight,3.5,Rua Alcebíades Azeredo dos Santos
-51.227918,-30.108020,maxheight,2.6,
-51.227857,-30.108148,maxheight,2.6,
-51.228256,-30.108222,maxheight,2.6,
-51.227687,-30.108246,maxheight,2.6,
-51.228054,-30.108383,maxheight,2.6,
-51.227717,-30.108386,maxheight,2.6,
-51.227913,-30.108406,maxheight,2.6,
-51.227695,-30.108553,maxheight,2.6,
-51.228064,-30.108615,maxheight,2.6,
-51.227541,-30.108661,maxheight,2.6,
-51.252597,-30.109513,maxheight,2.2,
-51.252542,-30.109616,maxheight,2.2,
-51.252874,-30.109625,maxheight,2.2,
-51.252626,-30.109627,maxheight,2.2,
-51.252625,-30.109783,maxheight,2.2,
-51.252843,-30.109849,maxheight,2.2,
-51.252931,-30.109863,maxheight,2.2,
-51.253079,-30.109913,maxheight,2.2,
-51.253330,-30.110249,maxheight,2.1,
-51.253085,-30.110295,maxheight,2.1,
-51.252745,-30.110338,maxheight,2.1,
-51.252189,-30.110396,maxheight,2.2,
-51.253195,-30.110542,maxheight,2.1,
-51.347260,-30.119112,maxheight,5,Rua Santa Maria
-51.347699,-30.119654,maxheight,5,Rua Santa Maria
-51.065733,-30.129867,maxwidth,5,
-53.586800,-30.170559,maxweight,25,Rua Theophilo Pittelkow
-53.579043,-30.171746,maxheight,5.2,BR-392
-68.499715,-30.193711,maxheight,5.2,"Ruta Nacional 40 ""Libertador General Don José de San Martín"""
-68.502269,-30.196498,maxheight,5.2,"Ruta Nacional 40 ""Libertador General Don José de San Martín"""
-68.504688,-30.197956,maxheight,5.2,"Ruta Nacional 40 ""Libertador General Don José de San Martín"""
-69.210217,-30.321863,maxheight,3.4,
-53.518222,-30.359921,maxheight,5,BR-392
-71.170242,-30.447922,maxheight,4.5,Ruta 43
-71.170142,-30.448541,maxheight,4.5,Ruta 43
-54.368527,-30.486902,maxheight,4,
-53.393078,-30.583177,maxheight,5.5,BR-392
-71.196489,-30.605215,maxheight,2,
-58.012886,-30.744435,maxheight,1.5,
-57.992715,-30.756141,maxheight,2.4,
-57.975252,-30.756427,maxweight,20,Hipólito Yrigoyen
-57.991996,-30.756747,maxheight,2.4,
-57.991874,-30.758004,maxheight,2.4,
-57.977340,-30.758234,maxheight,2,
-57.994031,-30.758440,maxheight,2.4,
-57.992626,-30.758583,maxheight,2.4,
-57.977094,-30.758665,maxheight,2,
-57.999246,-30.759082,maxwidth,2.4,
-57.980452,-30.760387,maxheight,2,
-57.980540,-30.761803,maxheight,4,Ermácora
-57.980858,-30.762811,maxheight,4,Ermácora
-57.981769,-30.764059,maxheight,8,Ermácora
-57.930369,-30.767203,maxwidth,4,
-53.806900,-30.767403,maxweight,57,Ponte sobre o arroio do Hilario
-70.637555,-30.821169,maxweight,1.5,
-57.832951,-30.843332,maxwidth,1,
-64.993024,-30.853227,maxheight,4.94,
-64.993006,-30.853375,maxheight,4.94,
-64.993447,-30.853428,maxheight,5.15,
-58.784827,-30.951070,maxheight,3.4,
-61.523436,-30.967938,maxweight,130,Ruta Nacional 34
-61.523578,-30.968030,maxweight,130,Ruta Nacional 34
-54.674647,-30.981191,maxweight,8,Rua Barão do Upacarai
-54.673911,-30.984164,maxweight,10,Rua Borges de Medeiros
-70.845981,-31.123510,maxweight,12,Puente El Durazno
-61.481764,-31.159294,maxheight,5,Ruta Nacional 34
-61.482427,-31.162798,maxheight,5,Ruta Nacional 34
-61.483456,-31.164151,maxheight,5,Ruta Nacional 34
-61.483357,-31.166606,maxheight,5,Ruta Nacional 34
-61.486131,-31.170793,maxheight,5,Ruta Nacional 34
-61.487379,-31.170947,maxheight,5,Ruta Nacional 34
-52.850077,-31.171182,maxheight,5.5,BR-392;BR-471
-61.492355,-31.173600,maxheight,5,Ruta Nacional 34
-55.789091,-31.182042,maxweight,20,Avenida América
-55.748954,-31.197908,maxweight,8,18 de Julio
-70.971727,-31.199235,maxweight,8,Ruta D-755
-57.978633,-31.240749,maxheight,2.8,
-61.533928,-31.253289,maxheight,5,Ruta Nacional 34
-61.534080,-31.254913,maxheight,5,Ruta Nacional 34
-61.534312,-31.254991,maxheight,5,Ruta Nacional 34
-61.534518,-31.256737,maxheight,5,Ruta Nacional 34
-64.287231,-31.299626,maxheight,5.2,
-64.287285,-31.299675,maxheight,5.2,
-64.286968,-31.299750,maxheight,5.2,
-64.287556,-31.299835,maxheight,5.4,
-64.287048,-31.299837,maxheight,5.2,
-64.287507,-31.299873,maxheight,5.4,
-61.519760,-31.301440,maxheight,5,Ruta Nacional 34
-61.519227,-31.302703,maxheight,5,Ruta Nacional 34
-64.213886,-31.315503,maxheight,4.5,
-64.205879,-31.371854,maxheight,2.7,Avenida Monseñor Pablo Cabrera
-64.191203,-31.417161,maxheight,2,
-63.045829,-31.422920,maxheight,3,
-64.184493,-31.428486,maxheight,4.1,Túnel Plaza España
-68.715940,-31.438035,maxheight,5,Ruta Provincial 60
-53.123364,-31.451071,maxweight,40,Ponte do Passo
-68.521037,-31.481063,maxheight,4.1,Retorno
-68.519730,-31.488620,maxheight,4,
-68.518201,-31.497614,maxheight,5.1,Oro
-68.517822,-31.501994,maxheight,5.1,Porres
-68.536866,-31.520555,maxweight,45,Avenida de Circunvalación Doctor Federico Cantoni
-68.536849,-31.520668,maxweight,45,Avenida de Circunvalación Doctor Federico Cantoni
-68.539018,-31.521630,maxweight,45,Avenida de Circunvalación Doctor Federico Cantoni
-68.539003,-31.521751,maxweight,45,Avenida de Circunvalación Doctor Federico Cantoni
-68.539441,-31.521819,maxweight,45,Avenida de Circunvalación Doctor Federico Cantoni
-68.539374,-31.521920,maxweight,45,Avenida de Circunvalación Doctor Federico Cantoni
-68.542438,-31.522860,maxweight,45,Avenida de Circunvalación Doctor Federico Cantoni
-68.542399,-31.522967,maxweight,45,Avenida de Circunvalación Doctor Federico Cantoni
-68.836801,-31.529474,maxheight,6,
-68.557767,-31.529635,maxweight,45,Avenida de Circunvalación Doctor Federico Cantoni
-68.557642,-31.529674,maxweight,45,Avenida de Circunvalación Doctor Federico Cantoni
-68.836605,-31.529718,maxheight,6,
-68.552881,-31.537869,maxweight,45,Avenida de Circunvalación Doctor Federico Cantoni
-53.048975,-31.553992,maxheight,5,RS-702
-60.749706,-31.556719,maxheight,10,Monseñor Rodríguez
-63.617683,-31.595370,maxheight,2.4,
-68.528437,-31.605827,maxheight,4.8,Calle 6
-68.528570,-31.606056,maxheight,4.8,Calle 6
-67.652385,-31.607496,maxweight,25,Ruta Nacional 141
-68.529329,-31.609854,maxheight,3.5,
-68.530036,-31.612810,maxheight,3.5,
-68.531292,-31.617928,maxheight,4.8,Calle 7
-68.531309,-31.617996,maxheight,4.8,Calle 7
-68.534098,-31.629281,maxheight,4.8,Calle 8
-71.189328,-31.638989,maxheight,4,Cavilolen
-63.909973,-31.648341,maxheight,2.4,Marconi
-52.342555,-31.678585,maxheight,5.5,
-52.342189,-31.678672,maxheight,5.5,
-52.342687,-31.678820,maxheight,5.5,
-52.342233,-31.678961,maxheight,5.5,
-52.342525,-31.678969,maxheight,5.5,
-52.342417,-31.678994,maxheight,5.5,
-52.367437,-31.706951,maxheight,5.5,
-52.367655,-31.707181,maxheight,5.5,
-52.384972,-31.725360,maxheight,5.5,Avenida Um
-52.384859,-31.725455,maxheight,5.5,Rodovia General Bento Gonçalves
-52.384782,-31.725528,maxheight,5.5,Rodovia General Bento Gonçalves
-52.384654,-31.725619,maxheight,5.5,Avenida Um
-52.392733,-31.735003,maxheight,5.5,
-52.392887,-31.735199,maxheight,5.5,
-52.399114,-31.742368,maxheight,5.5,BR-116;BR-293;BR-392;BR-471
-52.399041,-31.742479,maxheight,5.5,BR-116;BR-293;BR-392;BR-471
-52.405911,-31.745648,maxheight,5.5,Rodovia General Bento Gonçalves
-52.405869,-31.745768,maxheight,5.5,Rodovia General Bento Gonçalves
-71.158692,-31.753471,maxweight,5,Ruta D-825
-52.347806,-31.777757,maxheight,2.5,
-52.359110,-31.777791,maxheight,5.5,BR-392;BR-471
-52.359303,-31.778185,maxheight,5.5,BR-392;BR-471
-52.326061,-31.851830,maxheight,5.4,BR-392;BR-471
-52.326382,-31.851871,maxheight,5.4,BR-392;BR-471
-52.325201,-31.855972,maxheight,5.5,BR-392;BR-471
-52.325377,-31.855981,maxheight,5.5,BR-392;BR-471
-68.531830,-31.867568,maxheight,5.7,Ruta Nacional 40
-68.531891,-31.867599,maxheight,5.7,Ruta Nacional 40
-68.527991,-31.873435,maxheight,5.7,Ruta Nacional 40
-68.528062,-31.873460,maxheight,5.7,Ruta Nacional 40
-71.492758,-31.878967,maxheight,5,Ruta 5 Norte
-71.492614,-31.879151,maxheight,4.5,Ruta 5 Norte
-71.492479,-31.880372,maxheight,5,Ruta 5 Norte
-71.492440,-31.881837,maxheight,4.5,Ruta 5 Norte
-64.767577,-31.896660,maxheight,1,
-64.767869,-31.896722,maxwidth,2,
-68.496557,-31.909228,maxheight,5.7,Ruta Nacional 40
-68.496622,-31.909259,maxheight,5.7,Ruta Nacional 40
-52.311075,-31.937780,maxheight,5.5,
-52.311032,-31.938025,maxheight,5.5,
-62.467073,-31.940044,maxheight,2.5,
-62.464587,-31.940660,maxheight,2.5,
-62.462215,-31.940880,maxheight,2.5,
-62.467493,-31.941677,maxheight,2.5,
-62.464926,-31.941938,maxheight,2.5,
-62.463863,-31.942320,maxheight,2.5,
-52.309654,-31.944492,maxheight,5.5,Rodovia Marginal
-52.309798,-31.944505,maxheight,5.5,BR-392;BR-471
-52.310037,-31.944545,maxheight,5.5,BR-392;BR-471
-52.310165,-31.944560,maxheight,5.5,Rodovia Marginal
-68.465091,-31.945003,maxheight,5.7,Ruta Nacional 40
-68.465151,-31.945040,maxheight,5.7,Ruta Nacional 40
-68.452434,-31.961986,maxheight,5.7,Ruta Nacional 40
-68.439852,-31.979212,maxheight,5.7,Ruta Nacional 40
-68.439750,-31.979213,maxheight,5.7,Ruta Nacional 40
-61.228267,-32.018656,maxheight,2.5,San Martín
-61.228047,-32.021332,maxheight,2.5,San Martín
-68.446996,-32.024066,maxheight,5.7,Ruta Nacional 40
-68.446893,-32.024075,maxheight,5.7,Ruta Nacional 40
-64.541698,-32.064553,maxheight,2.3,España
-64.541919,-32.064598,maxheight,2.3,España
-64.541985,-32.064611,maxheight,2.3,
-64.541559,-32.064661,maxheight,2.3,España
-64.542325,-32.064706,maxheight,2.3,Puente Vado Viena
-64.542795,-32.064773,maxheight,2.3,
-64.542664,-32.064801,maxheight,2.3,
-64.542766,-32.064915,maxheight,2.3,
-52.262163,-32.072804,maxheight,5.5,BR-392
-52.262265,-32.072868,maxheight,5.5,BR-392
-52.262479,-32.073044,maxheight,5.5,BR-392
-52.262549,-32.073118,maxheight,5.5,
-52.260835,-32.074668,maxheight,5.5,BR-392
-52.260947,-32.074747,maxheight,5.5,BR-392
-52.261141,-32.074876,maxheight,5.5,Estrada Rodagem Rio Grande Pelotas
-52.261261,-32.074933,maxheight,5.5,
-52.193908,-32.086333,maxheight,5.5,BR-392
-52.193942,-32.086528,maxheight,5.5,BR 392
-52.176563,-32.090133,maxheight,5.5,BR-392
-52.176643,-32.090345,maxheight,5.5,BR 392
-52.110006,-32.098940,maxheight,6.1,BR-392
-52.164513,-32.100141,maxheight,5,BR-392
-52.164237,-32.100847,maxheight,5,BR-392
-52.110761,-32.102692,maxheight,6.1,BR-392
-71.501399,-32.128989,maxheight,4.3,Ruta 5 Norte
-71.500671,-32.129724,maxheight,4.3,Ruta 5 Norte
-71.500631,-32.130040,maxheight,4.3,Ruta 5 Norte
-71.500433,-32.130353,maxheight,4.3,Ruta 5 Norte
-71.500308,-32.130388,maxheight,4.3,Ruta 5 Norte
-71.499967,-32.132819,maxheight,4.3,Ruta 5 Norte
-56.113665,-32.143803,maxweight,20,Avenida General José Gervasio Artigas
-56.111760,-32.148015,maxweight,20,General Juan Antonio Lavalleja
-71.514256,-32.155532,maxheight,2.8,
-61.157220,-32.166430,maxheight,2.6,Almafuerte
-71.519647,-32.171589,maxheight,4.2,Ruta 5 Norte
-71.520444,-32.173586,maxheight,4.2,Ruta 5 Norte
-71.520763,-32.174276,maxheight,4.2,Ruta 5 Norte
-71.520500,-32.174399,maxheight,4.2,Ruta 5 Norte
-71.521011,-32.174908,maxheight,4.2,Ruta 5 Norte
-71.520679,-32.174979,maxheight,4.2,Ruta 5 Norte
-71.521122,-32.175509,maxheight,4.2,Ruta 5 Norte
-71.520844,-32.175534,maxheight,4.2,Ruta 5 Norte
-71.521030,-32.176188,maxheight,4.2,Ruta 5 Norte
-71.521362,-32.176763,maxheight,4.2,Ruta 5 Norte
-71.521340,-32.178438,maxheight,4.2,Ruta 5 Norte
-64.316176,-32.356966,maxweight,50,Autovía Córdoba - Río Cuarto
-64.316109,-32.357192,maxweight,50,Autovía Córdoba - Río Cuarto
-63.236330,-32.360330,maxheight,2.5,
-63.236467,-32.360332,maxheight,2.5,
-63.236374,-32.360375,maxheight,2.5,
-63.236468,-32.360553,maxheight,2.5,
-63.236127,-32.360616,maxheight,2.5,
-63.236183,-32.360641,maxheight,2.5,
-63.236141,-32.360705,maxheight,2.5,
-63.236268,-32.360726,maxheight,2.5,
-63.236099,-32.360769,maxheight,2.5,
-63.236014,-32.360790,maxheight,2.5,
-63.236225,-32.360794,maxheight,2.5,
-63.236184,-32.360861,maxheight,2.5,
-63.236350,-32.360968,maxheight,2.5,
-63.236368,-32.360977,maxheight,2.5,
-63.236732,-32.360991,maxheight,2.5,
-63.236575,-32.361271,maxheight,2.5,
-60.873589,-32.476362,maxweight,20,
-60.860585,-32.477932,maxweight,20,
-60.852136,-32.478099,maxweight,20,
-60.852895,-32.478465,maxweight,20,
-60.856744,-32.478544,maxweight,20,
-60.853312,-32.478677,maxweight,20,
-60.853696,-32.478846,maxweight,20,
-58.307862,-32.483202,maxheight,4.4,Ruta Nacional 14 José Gervasio Artigas
-58.309646,-32.487240,maxheight,5,Ruta Nacional 14 José Gervasio Artigas
-62.686727,-32.575548,maxheight,5.1,
-62.686688,-32.575599,maxheight,5.1,Autopista Rosario - Córdoba
-62.640771,-32.577788,maxheight,5.1,Autopista Córdoba - Rosario
-62.710256,-32.588047,maxheight,5.1,Autopista Rosario - Córdoba
-62.710321,-32.588274,maxheight,5.1,Autopista Córdoba - Rosario
-71.236226,-32.605827,maxheight,5,Ruta 5 Norte
-71.236809,-32.608018,maxheight,4.3,Ruta 5 Norte
-71.232107,-32.635410,maxheight,4.3,Ruta 5 Norte
-71.232059,-32.635655,maxheight,4.3,Ruta 5 Norte
-71.210698,-32.682226,maxheight,4.5,Ruta 5 Norte
-71.210804,-32.682327,maxheight,4.5,Ruta 5 Norte
-61.012691,-32.718096,maxweight,60,Ruta Nacional 34
-71.474278,-32.745068,maxheight,5,Ruta E-30-F
-60.761057,-32.745616,maxheight,2.4,
-60.760233,-32.745895,maxheight,2.4,
-60.759253,-32.747693,maxheight,2.4,
-60.759113,-32.747902,maxheight,2.4,
-60.759162,-32.747920,maxheight,2.4,
-60.758998,-32.748083,maxheight,2.4,
-60.759054,-32.748103,maxheight,2.4,
-60.758948,-32.748185,maxheight,2.4,
-60.759001,-32.748205,maxheight,2.4,
-60.758816,-32.748397,maxheight,2.4,
-60.758935,-32.748397,maxheight,2.4,
-60.759618,-32.748706,maxheight,2.4,
-60.758496,-32.749624,maxheight,2.4,
-71.186473,-32.773149,maxheight,4.5,Ruta 5 Norte
-71.186083,-32.773466,maxheight,4.5,Ruta 5 Norte
-71.186183,-32.773550,maxheight,4.5,Ruta 5 Norte
-71.185110,-32.774258,maxheight,4.5,Ruta 5 Norte
-71.185077,-32.774456,maxheight,4.5,Ruta 5 Norte
-71.184951,-32.774560,maxheight,4.5,Ruta 5 Norte
-71.184134,-32.775229,maxheight,4.5,Ruta 5 Norte
-61.613017,-32.778599,maxheight,2.8,Flotron
-71.193950,-32.780971,maxheight,3.2,Avenida del Río
-71.193731,-32.782348,maxheight,3.2,Aconcagua
-71.193663,-32.782760,maxheight,3.2,Paso Bajo Ferrocarril
-60.724314,-32.789676,maxheight,4.1,Avenida José de San Martín
-56.533209,-32.794673,maxwidth,4,
-61.642958,-32.803024,maxheight,5.1,Autopista Rosario - Córdoba
-61.643048,-32.803252,maxheight,5.1,Autopista Córdoba - Rosario
-63.245357,-32.806272,maxheight,2.8,
-63.245357,-32.807076,maxheight,2.8,
-61.245687,-32.817795,maxheight,2.25,Ruta Provincial 27-S
-70.087350,-32.821383,maxheight,3.7,Ruta 60 CH
-61.113815,-32.828720,maxweight,4.5,Ruta Provincial 26-S
-70.554607,-32.832307,maxheight,5,Camino Internacional
-70.553707,-32.832649,maxheight,5,Camino Internacional
-70.553576,-32.832659,maxheight,5,
-71.039344,-32.838180,maxheight,4.3,Ruta 5 Norte
-61.158421,-32.842641,maxheight,2.25,
-60.784898,-32.852846,maxheight,3,Bartolomé Mitre
-71.476058,-32.863286,maxweight,10,Camino Dumuño
-71.482836,-32.864403,maxweight,10,Camino Dumuño
-71.486667,-32.865225,maxweight,10,Camino Dumuño
-71.490146,-32.865336,maxweight,10,Camino Dumuño
-61.252402,-32.868226,maxheight,5.1,
-60.685907,-32.868450,maxheight,54.9,
-61.252713,-32.868526,maxheight,5.1,
-60.712811,-32.880357,maxheight,4.1,Autopista Brigadier Estanislao López
-60.880280,-32.880515,maxheight,2.4,
-60.712542,-32.880628,maxheight,4.1,Autopista Brigadier Estanislao López
-60.709191,-32.880826,maxheight,5.1,Avenida de Circunvalación 25 de Mayo
-60.708964,-32.880834,maxheight,5.1,Avenida de Circunvalación 25 de Mayo
-60.712452,-32.881064,maxheight,4.1,Autopista Brigadier Estanislao López
-60.711190,-32.883181,maxheight,5.1,Avenida de Circunvalación 25 de Mayo
-60.711347,-32.883668,maxheight,5.1,Avenida de Circunvalación 25 de Mayo
-61.127444,-32.883784,maxheight,5.1,Autopista Ernesto Guevara
-61.127742,-32.884007,maxheight,5.1,Autopista Ernesto Guevara
-60.892395,-32.892493,maxheight,2.7,Juan José Paso
-60.891873,-32.892587,maxheight,2.7,
-60.720739,-32.892951,maxheight,4.1,Avenida Ricardo Alfonsín
-60.720265,-32.893158,maxheight,4.1,Avenida Ricardo Alfonsín
-60.720006,-32.893172,maxheight,5.1,Baigorria
-60.720135,-32.893316,maxheight,5.1,Baigorria
-60.720372,-32.893317,maxheight,5.1,Avenida Ricardo Alfonsín
-60.719645,-32.893356,maxheight,5.1,Baigorria
-60.797596,-32.893572,maxheight,2.8,Pedro Lino Funes
-60.719892,-32.893614,maxheight,5.1,Baigorria
-60.719463,-32.893669,maxheight,5.1,Baigorria
-60.718689,-32.893726,maxheight,2.6,
-60.718997,-32.893751,maxheight,5.1,Avenida Baigorria
-60.719115,-32.893849,maxheight,4.1,Avenida Baigorria
-60.718631,-32.893875,maxheight,2.6,
-60.893462,-32.894178,maxheight,2.7,Santa Cruz
-60.797404,-32.894595,maxheight,2.8,Pedro Lino Funes
-60.893741,-32.895365,maxheight,2.7,
-60.797099,-32.896165,maxheight,2.8,Pedro Lino Funes
-70.673203,-32.896209,maxheight,5,Autopista Los Libertadores
-70.673427,-32.896359,maxheight,5,Autopista Los Libertadores
-68.846570,-32.896477,maxheight,3.8,Avenida Pedro Molina
-60.796377,-32.897681,maxheight,2.8,Pedro Lino Funes
-71.230092,-32.898097,maxweight,5,Ruta F-382
-60.795821,-32.898518,maxheight,2.8,
-60.795980,-32.898534,maxheight,2.8,Colonos de Funes
-61.030309,-32.901192,maxheight,5.1,Autopista Ernesto Guevara
-61.029874,-32.901243,maxheight,5.1,
-71.246884,-32.901448,maxheight,2.8,Camino a San Isidro
-61.030095,-32.901515,maxheight,5.1,
-61.029787,-32.901561,maxheight,5.1,Autopista Ernesto Guevara
-60.892921,-32.902070,maxheight,2.4,Padre Oldani
-60.890279,-32.902535,maxheight,2.4,Padre Oldani
-60.725935,-32.903383,maxheight,2.3,
-60.885407,-32.903404,maxheight,2.4,Padre Oldani
-60.879930,-32.904385,maxheight,2.4,Padre Oldani
-60.875889,-32.905105,maxheight,2.4,Padre Oldani
-60.874557,-32.905343,maxheight,2.4,Padre Oldani
-60.873213,-32.905583,maxheight,2.4,Padre Oldani
-60.871886,-32.905820,maxheight,2.4,Padre Oldani
-60.871826,-32.905830,maxheight,2.4,Padre Oldani
-60.727640,-32.905942,maxheight,2.3,
-60.727769,-32.905942,maxheight,2.3,
-60.870171,-32.906126,maxheight,2.4,Padre Oldani
-60.867440,-32.906615,maxheight,2.4,Padre Oldani
-60.797719,-32.906956,maxheight,2.4,
-60.694194,-32.907221,maxheight,4,Avenida Sorrento
-60.694190,-32.907288,maxheight,4,Avenida Sorrento
-60.797585,-32.907730,maxheight,2.4,Bulevar Bartolomé Mitre
-60.797662,-32.908273,maxheight,2.4,Bulevar Bartolomé Mitre
-60.724490,-32.908306,maxheight,5.1,Avenida de Circunvalación 25 de Mayo
-60.723972,-32.908369,maxheight,5.1,Avenida de Circunvalación 25 de Mayo
-60.751180,-32.908937,maxheight,2.3,
-60.751264,-32.908940,maxheight,2.3,
-60.751178,-32.909102,maxheight,2.3,
-60.751256,-32.909108,maxheight,2.3,
-60.751175,-32.909310,maxheight,2.3,
-60.797504,-32.909491,maxheight,2.4,Bulevar Bartolomé Mitre
-60.684228,-32.909841,maxheight,2,
-60.797583,-32.910034,maxheight,2.4,Bulevar Bartolomé Mitre
-60.812515,-32.910483,maxheight,2.5,
-60.812347,-32.910640,maxheight,2.5,
-60.812656,-32.910669,maxheight,2.5,
-60.812334,-32.910749,maxheight,2.5,
-60.812649,-32.910758,maxheight,2.5,
-60.810527,-32.912661,maxwidth,2,
-68.768573,-32.917254,maxheight,4.7,Acceso Este
-68.769143,-32.917433,maxheight,4.7,
-68.768637,-32.917553,maxheight,4.7,Acceso Este
-60.801657,-32.918354,maxheight,2.4,Avenida Pedro A. Ríos
-60.777861,-32.918487,maxheight,2.6,
-60.777981,-32.918488,maxheight,2.6,
-60.799349,-32.918669,maxheight,2.8,
-60.799368,-32.918752,maxheight,2.8,
-60.851303,-32.918770,maxheight,2.4,
-60.798374,-32.918840,maxheight,2.8,Avenida Pedro A. Ríos
-60.798400,-32.918923,maxheight,2.8,Avenida Pedro A. Ríos
-60.796029,-32.919256,maxheight,2.8,Avenida Pedro A. Ríos
-60.796051,-32.919340,maxheight,2.8,Avenida Pedro A. Ríos
-60.851267,-32.919506,maxheight,2.4,La Tradición
-60.793445,-32.919718,maxheight,2.8,Avenida Pedro A. Ríos
-60.793375,-32.919818,maxheight,2.8,Avenida Pedro A. Ríos
-60.792605,-32.919965,maxheight,3.1,
-60.792291,-32.919967,maxheight,3.1,
-60.851242,-32.919993,maxheight,2.4,
-60.791959,-32.920026,maxheight,2.8,Avenida Pedro A. Ríos
-60.791828,-32.920101,maxheight,2.8,Avenida Pedro A. Ríos
-60.791332,-32.920130,maxheight,3.1,
-60.791201,-32.920205,maxheight,2.8,Avenida Pedro A. Ríos
-60.787651,-32.920727,maxheight,2.8,Avenida Pedro A. Ríos
-60.814774,-32.921074,maxheight,2.4,
-60.784678,-32.921161,maxheight,2.8,
-60.783411,-32.921313,maxheight,3.1,Avenida Pedro A. Ríos
-60.814853,-32.921406,maxheight,2.4,Juan Elorza
-60.666887,-32.922274,maxheight,2.6,
-60.802352,-32.922446,maxheight,2.5,
-60.802373,-32.922638,maxheight,2.5,
-60.802383,-32.922721,maxheight,2.5,
-60.815156,-32.922750,maxheight,2.4,Juan Elorza
-60.665981,-32.922846,maxheight,2.6,
-60.665606,-32.923098,maxheight,2.5,
-60.800503,-32.923321,maxheight,2.4,Bulevar Bartolomé Mitre
-60.793642,-32.923651,maxheight,2.4,
-60.664627,-32.923723,maxheight,2.5,
-60.793613,-32.923815,maxheight,2.4,Los Tordos
-60.800489,-32.923904,maxheight,2.4,Bulevar Bartolomé Mitre
-60.851062,-32.924523,maxheight,2.4,
-60.800456,-32.924976,maxheight,2.4,Bulevar Bartolomé Mitre
-60.793563,-32.925122,maxheight,2.4,Los Tordos
-60.789637,-32.925399,maxwidth,2,
-60.789377,-32.925563,maxwidth,2,
-60.789864,-32.925695,maxwidth,2,
-60.790187,-32.925765,maxwidth,2,
-68.824540,-32.925921,maxheight,4.75,Acceso Sur
-60.815229,-32.925976,maxheight,2.4,Juan Elorza
-68.824274,-32.925984,maxheight,4.75,Acceso Sur
-60.800399,-32.926437,maxheight,2.4,Bulevar Bartolomé Mitre
-60.666433,-32.926607,maxheight,2.2,
-60.793527,-32.927087,maxheight,2.4,Golondrinas
-60.800333,-32.927985,maxheight,2.4,Bulevar Bartolomé Mitre
-60.665979,-32.928449,maxheight,2.2,
-60.666215,-32.928457,maxheight,2.2,
-60.800308,-32.928599,maxheight,2.4,
-60.815108,-32.928833,maxheight,2.4,Juan Elorza
-60.666953,-32.928982,maxheight,2.2,
-60.815096,-32.929126,maxheight,2.4,
-60.666941,-32.929156,maxheight,2.2,
-60.812096,-32.929416,maxheight,2.85,Hipólito Yrigoyen
-60.812145,-32.930017,maxheight,2.85,
-60.893334,-32.930231,maxweight,4,Avenida de la Paz
-60.893162,-32.930247,maxweight,4,Avenida de la Paz
-60.812106,-32.930763,maxheight,2.85,Hipólito Yrigoyen
-60.900930,-32.930844,maxweight,4,Avenida de las Libertades
-60.900962,-32.930980,maxweight,4,Avenida de las Libertades
-60.656749,-32.930981,maxheight,4.1,Avenida Aristóbulo del Valle
-60.657013,-32.930987,maxheight,4.1,Avenida Aristóbulo del Valle
-60.657622,-32.931003,maxheight,4.1,Avenida Aristóbulo del Valle
-60.658344,-32.931021,maxheight,4.1,Avenida Aristóbulo del Valle
-60.897315,-32.931481,maxweight,4,Avenida de las Libertades
-60.898089,-32.931483,maxweight,4,Avenida de las Libertades
-60.812049,-32.931844,maxheight,2.85,Hipólito Yrigoyen
-60.894568,-32.932099,maxweight,4,Avenida de las Libertades
-60.893709,-32.932117,maxweight,4,Avenida de las Libertades
-60.893809,-32.932166,maxweight,4,Avenida de la Paz
-60.893641,-32.932196,maxweight,4,Avenida de la Paz
-60.893741,-32.932245,maxweight,4,Avenida de las Libertades
-60.891763,-32.932444,maxweight,4,Avenida de las Libertades
-60.891797,-32.932583,maxweight,4,Avenida de las Libertades
-60.894042,-32.933094,maxweight,4,Avenida de la Paz
-60.893880,-32.933124,maxweight,4,Avenida de la Paz
-60.811954,-32.933706,maxheight,2.85,Hipólito Yrigoyen
-60.894273,-32.934018,maxweight,4,Avenida de la Paz
-60.894114,-32.934045,maxweight,4,Avenida de la Paz
-60.797151,-32.934329,maxweight,20,
-60.794032,-32.934393,maxweight,20,
-60.799243,-32.934407,maxweight,20,
-60.762699,-32.934972,maxheight,4.1,Ingeniero Miglierini
-60.802205,-32.935129,maxweight,20,
-60.762681,-32.935216,maxheight,4.1,Ingeniero Miglierini
-60.762677,-32.935426,maxheight,4.1,Ingeniero Miglierini
-60.762445,-32.935638,maxheight,4.1,Ingeniero Miglierini
-60.722882,-32.935851,maxheight,5.1,Avenida de Circunvalación 25 de Mayo
-60.894575,-32.935893,maxweight,4,Avenida de la Paz
-60.762669,-32.936002,maxheight,4.1,Ingeniero Miglierini
-60.894780,-32.936037,maxweight,4,Avenida de la Paz
-60.722618,-32.936041,maxheight,5.1,Avenida de Circunvalación 25 de Mayo
-60.811829,-32.936223,maxheight,2.85,Hipólito Yrigoyen
-60.811765,-32.937572,maxheight,2.85,Hipólito Yrigoyen
-60.895066,-32.937857,maxweight,4,Avenida de la Paz
-60.793817,-32.937995,maxweight,20,
-60.638318,-32.938394,maxheight,4.1,Avenida Arturo Illia
-60.811719,-32.938552,maxheight,2.85,Hipólito Yrigoyen
-60.802013,-32.938733,maxweight,20,
-60.796784,-32.938750,maxweight,20,
-60.798869,-32.938842,maxweight,20,
-60.811688,-32.939217,maxheight,2.85,Hipólito Yrigoyen
-60.811679,-32.939400,maxheight,2.85,Hipólito Yrigoyen
-60.811673,-32.939513,maxheight,2.85,Hipólito Yrigoyen
-60.636555,-32.939662,maxheight,4.1,Avenida Arturo Illia
-60.819857,-32.939667,maxheight,5,Autopista Ernesto Guevara
-60.811663,-32.939719,maxheight,3.1,Hipólito Yrigoyen
-60.820811,-32.939768,maxheight,5,Autopista Ernesto Guevara
-60.819705,-32.939965,maxheight,5,Autopista Ernesto Guevara
-60.811632,-32.940337,maxheight,3.1,Hipólito Yrigoyen
-60.763036,-32.940778,maxheight,4,Avenida San José de Calasanz
-60.763279,-32.940791,maxheight,4,Avenida San José de Calasanz
-60.764077,-32.940887,maxheight,4,Avenida San José de Calasanz
-60.766038,-32.941123,maxheight,4,Avenida San José de Calasanz
-60.768695,-32.941648,maxheight,4,Avenida San José de Calasanz
-60.772279,-32.941671,maxheight,4,Avenida San José de Calasanz
-60.770761,-32.941985,maxheight,4,Avenida San José de Calasanz
-60.770777,-32.942092,maxheight,4,Avenida 1688
-60.770160,-32.942143,maxheight,4,Avenida 1688
-60.639760,-32.943711,maxheight,2.7,
-60.738373,-32.944205,maxheight,5.5,Bulevar Wilde
-60.892627,-32.944794,maxheight,2.8,Bulevar de la Esperanza
-60.892657,-32.944916,maxheight,2.8,Bulevar de la Esperanza
-70.683056,-32.945093,maxheight,4.3,Autopista Los Libertadores
-60.722125,-32.945448,maxheight,5.1,Avenida de Circunvalación 25 de Mayo
-60.722346,-32.945651,maxheight,5.1,Avenida de Circunvalación 25 de Mayo
-60.885377,-32.946079,maxheight,3.1,
-60.885074,-32.946388,maxheight,3.1,
-60.876998,-32.947846,maxheight,3.1,
-60.734395,-32.949229,maxheight,4.1,Autopista Ernesto Guevara
-60.734043,-32.949494,maxheight,4.1,Autopista Ernesto Guevara
-60.638191,-32.949666,maxheight,1.9,
-60.655688,-32.949980,maxheight,2.2,
-60.638151,-32.950262,maxheight,1.9,
-70.687628,-32.960076,maxheight,4.3,Autopista Los Libertadores
-70.828755,-32.963867,maxheight,4.3,Ruta 5 Norte
-70.829071,-32.963952,maxheight,4.3,Ruta 5 Norte
-70.688992,-32.964626,maxheight,4.3,Autopista Los Libertadores
-70.689403,-32.966485,maxheight,4.3,Autopista Los Libertadores
-70.688498,-32.973988,maxheight,4.3,Autopista Los Libertadores
-70.686156,-32.982419,maxheight,4.3,Autopista Los Libertadores
-60.741182,-32.983046,maxheight,4.1,Avenida José de San Martín
-70.685031,-32.987291,maxheight,4.3,Autopista Los Libertadores
-71.500737,-32.987451,maxheight,4.5,Dionisio Hernández
-70.684901,-32.991002,maxheight,4.3,Autopista Los Libertadores
-70.684858,-32.991350,maxheight,4.3,Autopista Los Libertadores
-60.702105,-32.991930,maxheight,5.1,Avenida de Circunvalación 25 de Mayo
-60.700960,-32.992690,maxheight,5.1,Avenida de Circunvalación 25 de Mayo
-70.685051,-32.992804,maxheight,4.3,Autopista Los Libertadores
-70.684946,-32.993156,maxheight,4.3,Autopista Los Libertadores
-70.685033,-32.994454,maxheight,4.3,Autopista Los Libertadores
-70.685208,-32.994734,maxheight,4.3,Autopista Los Libertadores
-70.685364,-32.995749,maxheight,4.3,Autopista Los Libertadores
-70.685697,-32.996750,maxheight,4.3,Autopista Los Libertadores
-71.502048,-32.996756,maxheight,4.5,Ruta 64
-71.501934,-32.997068,maxheight,4.5,Ruta 64
-70.685875,-32.997313,maxheight,4.3,Autopista Los Libertadores
-71.502917,-32.998460,maxheight,4.5,Ruta 64
-70.686525,-32.999080,maxheight,4.3,Autopista Los Libertadores
-71.509432,-32.999369,maxheight,4.5,Avenida Carlos Ibáñez del Campo
-71.509597,-32.999825,maxheight,4.5,Avenida Carlos Ibáñez del Campo
-70.686966,-33.000126,maxheight,4.3,Autopista Los Libertadores
-60.618308,-33.000442,maxheight,5.1,José Chapo
-70.687213,-33.000714,maxheight,4.3,Autopista Los Libertadores
-70.687243,-33.000785,maxheight,4.3,Autopista Los Libertadores
-70.687305,-33.000932,maxheight,4.3,Autopista Los Libertadores
-70.687516,-33.001431,maxheight,4.3,Autopista Los Libertadores
-70.687910,-33.002367,maxheight,4.3,Autopista Los Libertadores
-71.509848,-33.002536,maxheight,4.5,Avenida Carlos Ibáñez del Campo
-60.618349,-33.003180,maxheight,5.1,Avenida de Circunvalación 25 de Mayo
-60.618470,-33.003405,maxheight,5.1,Avenida de Circunvalación 25 de Mayo
-60.618563,-33.003638,maxheight,5.1,
-60.690573,-33.004221,maxwidth,10,Avenida Manuel Arijón
-60.692343,-33.004263,maxwidth,10,Avenida Manuel Arijón
-71.505205,-33.009005,maxheight,70,Avenida Carlos Ibáñez del Campo
-70.690708,-33.009248,maxheight,4.3,Autopista Los Libertadores
-71.546943,-33.009944,maxheight,1.9,
-58.570518,-33.010619,maxheight,3452,Luis N Palma
-60.618562,-33.011929,maxheight,4.1,Córdoba
-60.617929,-33.012144,maxheight,4.1,Córdoba
-60.664699,-33.012194,maxheight,4.5,Autopista Juan José Valle
-60.616707,-33.012851,maxheight,4.1,Córdoba
-71.501640,-33.013119,maxheight,4.5,Avenida Carlos Ibáñez del Campo
-60.620378,-33.014687,maxheight,5.1,Avenida de Circunvalación 25 de Mayo
-60.620216,-33.014810,maxheight,5.1,Avenida de Circunvalación 25 de Mayo
-60.664219,-33.015037,maxheight,4.5,Autopista Juan José Valle
-60.661517,-33.015103,maxheight,5.1,Avenida de Circunvalación 25 de Mayo
-60.662289,-33.015214,maxheight,4.5,Avenida de Circunvalación 25 de Mayo
-60.658478,-33.015658,maxheight,5.1,Avenida de Circunvalación 25 de Mayo
-60.658237,-33.015893,maxheight,5.1,Avenida de Circunvalación 25 de Mayo
-70.693517,-33.016927,maxheight,4.3,Autopista Los Libertadores
-71.500626,-33.017801,maxheight,4.5,Avenida Rubén Hurtado
-71.500839,-33.018165,maxheight,4.5,Avenida Rubén Hurtado
-60.890054,-33.018724,maxwidth,2.7,
-71.501515,-33.019381,maxheight,4.5,Avenida Rubén Hurtado
-71.501852,-33.021050,maxheight,4.5,Avenida Rubén Hurtado
-60.889914,-33.024043,maxwidth,2.7,
-71.500499,-33.026176,maxheight,4.5,Avenida Rubén Hurtado
-60.645400,-33.026213,maxheight,100,San Lorenzo
-60.645263,-33.029554,maxheight,100,San Lorenzo
-71.641782,-33.030464,maxheight,4.8,Camino La Pólvora
-71.630290,-33.031639,maxheight,4.8,Camino La Pólvora
-70.693283,-33.035009,maxheight,4.3,Autopista Los Libertadores
-70.693423,-33.035064,maxheight,4.3,Autopista Los Libertadores
-71.484380,-33.035488,maxweight,12,Los Lunes
-71.484322,-33.035493,maxweight,12,Los Lunes
-71.524661,-33.035980,maxheight,4.5,
-71.484214,-33.036033,maxweight,12,Los Lunes
-71.523745,-33.036715,maxheight,4.5,1 Norte
-71.523883,-33.036752,maxheight,4.5,1 Norte
-70.693589,-33.037101,maxheight,4.3,Autopista Los Libertadores
-70.693845,-33.037668,maxheight,4.3,Autopista Los Libertadores
-71.521863,-33.037911,maxheight,45,1 Norte
-71.520812,-33.038177,maxheight,45,1 Norte
-71.520557,-33.038214,maxheight,45,1 Norte
-71.390314,-33.040044,maxweight,30,El Bosque
-70.694192,-33.040251,maxheight,4.3,Autopista Los Libertadores
-71.653256,-33.040433,maxheight,4.8,Camino La Pólvora
-71.419527,-33.041337,maxheight,4.5,Baden Powell
-70.694538,-33.041691,maxheight,4.3,Autopista Los Libertadores
-71.376189,-33.042232,maxheight,3.6,Progreso
-60.610095,-33.042575,maxheight,4.1,Avenida San Martín
-71.651364,-33.043341,maxheight,3.5,John Kennedy
-71.405374,-33.043531,maxheight,3.7,Almirante Gómez Carreño
-70.694670,-33.043617,maxheight,4.3,Autopista Los Libertadores
-71.606189,-33.044111,maxheight,4.2,Avenida Brasil
-71.654268,-33.044484,maxheight,4.8,Camino La Pólvora
-71.381075,-33.044525,maxheight,4.6,
-71.443178,-33.045324,maxheight,3.2,General Velásquez
-70.694839,-33.045693,maxheight,4.3,Autopista Los Libertadores
-71.514585,-33.045716,maxheight,4.5,Limache
-70.694946,-33.046045,maxheight,4.3,Autopista Los Libertadores
-71.650900,-33.047155,maxheight,4.2,Avenida Federico Santa María
-71.428977,-33.047980,maxheight,4,Marga Marga
-71.428855,-33.048417,maxheight,4,Marga Marga
-71.428870,-33.048767,maxheight,4,Marga Marga
-71.512417,-33.048969,maxheight,4.5,
-71.353747,-33.057409,maxheight,20,Pasaje Vicepresidente Bernardo Leighton
-71.354969,-33.057667,maxheight,20,Pasaje Vicepresidente Bernardo Leighton
-70.695032,-33.060585,maxheight,4.3,Autopista Los Libertadores
-70.695170,-33.061960,maxheight,4.3,Autopista Los Libertadores
-71.637437,-33.066230,maxheight,4.8,Camino La Pólvora
-71.637601,-33.066308,maxheight,4.8,Camino La Pólvora
-71.365004,-33.069280,maxheight,4.5,Avenida Vicepresidente Bernardo Leighton
-71.627957,-33.071382,maxheight,4.8,
-70.694794,-33.075934,maxheight,4.3,Autopista Los Libertadores
-70.694933,-33.076302,maxheight,4.3,Autopista Los Libertadores
-60.566066,-33.077506,maxweight,30,San Juan
-60.566125,-33.077556,maxweight,30,San Juan
-70.694793,-33.077587,maxheight,4.3,Autopista Los Libertadores
-60.634395,-33.081439,maxheight,4.1,Autopista Juan José Valle
-60.634652,-33.081583,maxheight,4.1,Autopista Juan José Valle
-60.800973,-33.106499,maxheight,2.5,
-60.551196,-33.106768,maxheight,2.7,
-60.554151,-33.107156,maxheight,2.7,1 de Mayo
-71.555416,-33.108551,maxheight,4.3,Camino La Pólvora
-60.549527,-33.108581,maxheight,2.7,
-60.551053,-33.108784,maxheight,2.7,Belgrano
-70.801946,-33.145708,maxheight,4.5,Ruta 5 Norte
-70.801427,-33.146298,maxheight,4.5,Ruta 5 Norte
-70.801293,-33.146451,maxheight,4.5,Ruta 5 Norte
-70.800770,-33.147044,maxheight,4.5,Ruta 5 Norte
-60.716142,-33.149472,maxheight,4.1,Acceso a Villa Amelia
-60.717050,-33.149590,maxheight,4.1,Acceso a Villa Amelia
-70.798012,-33.150182,maxheight,4.5,Ruta 5 Norte
-60.720200,-33.156198,maxheight,3.1,Ruta Provincial 18
-60.720459,-33.156631,maxheight,3.1,Ruta Provincial 18
-71.539273,-33.162693,maxheight,4.5,Ruta F-800
-70.780158,-33.187783,maxheight,4.3,Retorno
-70.667474,-33.207518,maxheight,4.3,Alpatacal
-70.756866,-33.240251,maxheight,4.5,Ruta 5 Norte
-70.756578,-33.240377,maxheight,4.5,Ruta 5 Norte
-70.756784,-33.240429,maxheight,4.5,Ruta 5 Norte
-70.756485,-33.240586,maxheight,4.5,Ruta 5 Norte
-70.697856,-33.241544,maxheight,4.5,
-70.697488,-33.241546,maxheight,4.5,
-70.697958,-33.241669,maxheight,4.5,General San Martín
-70.697964,-33.242062,maxheight,4.5,General San Martín
-70.697294,-33.243496,maxheight,4.5,General San Martín
-70.697551,-33.243745,maxheight,4.5,Autopista Los Libertadores
-70.697999,-33.244281,maxheight,4.5,General San Martín
-70.697802,-33.244475,maxheight,4.5,Autopista Los Libertadores
-70.697485,-33.246001,maxheight,4.5,General San Martín
-70.697686,-33.246234,maxheight,4.5,Autopista Los Libertadores
-61.360134,-33.246367,maxheight,4.5,Bulevar Roque Sáenz Peña
-70.698067,-33.246514,maxheight,4.5,General San Martín
-70.698131,-33.248296,maxheight,4.5,General San Martín
-70.697991,-33.248601,maxheight,4.5,Autopista Los Libertadores
-58.029376,-33.249451,maxheight,2.7,General José Artigas
-58.029888,-33.249564,maxheight,2.7,Wilson Ferreira Aldunate
-58.030409,-33.249617,maxheight,2.7,Cristóbal Colón
-70.698174,-33.250019,maxheight,4.5,General San Martín
-70.698722,-33.255964,maxheight,4.5,General San Martín
-70.698705,-33.258318,maxheight,4.5,General San Martín
-70.699977,-33.261610,maxheight,4.5,Autopista Los Libertadores
-70.699282,-33.261842,maxheight,4.5,General San Martín
-70.699322,-33.262327,maxheight,4.5,General San Martín
-70.700506,-33.265042,maxheight,4.5,Autopista Los Libertadores
-70.699862,-33.266087,maxheight,4.5,General San Martín
-70.701161,-33.271719,maxheight,4.5,General San Martín
-68.073757,-33.272557,maxheight,5.5,Ruta Nacional 7 Libertador General San Martín
-70.701179,-33.274131,maxheight,4.5,General San Martín
-70.702466,-33.277649,maxheight,4.5,Autopista Los Libertadores
-70.702595,-33.279321,maxheight,4.5,General San Martín
-70.702970,-33.280731,maxheight,4.5,Autopista Los Libertadores
-70.702176,-33.282060,maxheight,4.5,Autopista Los Libertadores
-70.702331,-33.283340,maxheight,4.5,Autopista Los Libertadores
-70.701678,-33.285493,maxheight,4.5,Avenida Chicureo
-60.380327,-33.286006,maxheight,4.1,Autopista Juan José Valle
-60.380518,-33.286209,maxheight,4.1,Autopista Juan José Valle
-70.701531,-33.289174,maxheight,4.5,General San Martín
-70.700957,-33.290791,maxheight,4.5,General San Martín
-71.496737,-33.291564,maxweight,10,Ruta F-840-G
-71.495908,-33.291596,maxweight,10,Ruta F-840-G
-71.485638,-33.292856,maxweight,10,Ruta F-840-G
-71.510580,-33.294535,maxweight,10,Ruta F-840-G
-70.731898,-33.295530,maxheight,4.5,Ruta 5 Norte
-71.475960,-33.295611,maxweight,10,Ruta F-830
-70.731144,-33.297206,maxheight,4.5,Ruta 5 Norte
-70.731331,-33.297235,maxheight,4.5,Ruta 5 Norte
-66.304427,-33.297880,maxheight,3.6,Chacho Peñaloza
-66.304001,-33.298096,maxheight,3.6,Chacho Peñaloza
-66.303738,-33.298322,maxheight,3.6,Chacho Peñaloza
-70.730281,-33.299129,maxheight,4.5,Ruta 5 Norte
-70.729822,-33.300153,maxheight,4.5,Ruta 5 Norte
-70.729993,-33.300218,maxheight,4.5,Ruta 5 Norte
-66.313949,-33.301542,maxheight,3.6,Riobamba
-70.699671,-33.302764,maxheight,4.5,Autopista Los Libertadores
-70.699994,-33.304412,maxheight,4.5,Autopista Los Libertadores
-70.699295,-33.305231,maxheight,4.5,Autopista Los Libertadores
-67.995310,-33.305770,maxheight,5.5,Ruta Nacional 7 Libertador General San Martín
-66.322358,-33.306865,maxheight,3.6,Hilario Ascasubi
-66.322702,-33.307115,maxheight,3.6,Hilario Ascasubi
-66.322220,-33.307354,maxheight,3.6,Hilario Ascasubi
-71.446567,-33.307906,maxheight,9,Ruta F-830
-66.330018,-33.311491,maxheight,3.6,Avenida Raúl Alfonsín
-66.330304,-33.311575,maxheight,3.6,Avenida Raúl Alfonsín
-66.330578,-33.311639,maxheight,3.6,
-66.342661,-33.317407,maxheight,3.6,Avenida Lafinur Sur
-66.342772,-33.317437,maxheight,3.6,Avenida Lafinur Sur
-70.543391,-33.321190,maxheight,2.5,
-70.543315,-33.321289,maxheight,2.5,
-60.308652,-33.327098,maxheight,4.1,Autopista Juan José Valle
-60.308841,-33.327273,maxheight,4.1,Autopista Juan José Valle
-70.694337,-33.342835,maxheight,4.5,Caupolicán
-70.712149,-33.356423,maxheight,4.2,Lo Marcoleta
-70.712080,-33.356512,maxheight,4.2,Lo Marcoleta
-70.728962,-33.357431,maxheight,4.3,
-70.691270,-33.357435,maxheight,4.5,Autopista Los Libertadores
-70.729034,-33.357460,maxheight,4.3,
-70.691467,-33.357472,maxheight,4.5,Autopista Los Libertadores
-70.510253,-33.364223,maxheight,4.3,Autopista Costanera Norte
-70.511398,-33.364683,maxheight,4.3,Autopista Costanera Norte
-70.664789,-33.365259,maxheight,2.1,
-70.512627,-33.365323,maxheight,4.3,Autopista Costanera Norte
-70.513961,-33.365887,maxheight,4.3,Autopista Costanera Norte
-70.514988,-33.365945,maxheight,40,
-70.514862,-33.366436,maxheight,4.3,Autopista Costanera Norte
-70.515340,-33.366618,maxheight,4.3,Autopista Costanera Norte
-70.515855,-33.367022,maxheight,4.3,Autopista Costanera Norte
-70.516369,-33.367246,maxheight,4.3,Autopista Costanera Norte
-70.735287,-33.367431,maxheight,3.7,
-70.516549,-33.367456,maxheight,4.3,Autopista Costanera Norte
-70.517855,-33.368216,maxheight,4.3,Autopista Costanera Norte
-70.518018,-33.368452,maxheight,4.3,Autopista Costanera Norte
-70.519111,-33.369064,maxheight,4.3,Autopista Costanera Norte
-70.519323,-33.369352,maxheight,4.3,Autopista Costanera Norte
-70.519855,-33.369621,maxheight,4.3,Autopista Costanera Norte
-70.519818,-33.369735,maxheight,4.3,Autopista Costanera Norte
-70.521462,-33.370498,maxheight,4.3,Autopista Costanera Norte
-70.521408,-33.370601,maxheight,4.3,Autopista Costanera Norte
-70.523543,-33.371271,maxheight,4.3,Autopista Costanera Norte
-70.526662,-33.372787,maxheight,4.3,Autopista Costanera Norte
-70.528139,-33.373742,maxheight,4.3,Autopista Costanera Norte
-70.529823,-33.374559,maxheight,4.3,Autopista Costanera Norte
-70.550113,-33.375112,maxheight,4.3,Autopista Costanera Norte
-70.548244,-33.375169,maxheight,4.3,Autopista Costanera Norte
-70.531799,-33.375470,maxheight,4.3,Autopista Costanera Norte
-70.554969,-33.375839,maxheight,4.3,Autopista Costanera Norte
-70.557998,-33.376045,maxheight,4.3,Autopista Costanera Norte
-61.711885,-33.376205,maxheight,2.1,
-70.533706,-33.376211,maxheight,4.3,Autopista Costanera Norte
-70.542068,-33.376232,maxheight,4.3,Autopista Costanera Norte
-70.541539,-33.376283,maxheight,4.3,Autopista Costanera Norte
-70.561916,-33.376494,maxheight,4.3,Autopista Costanera Norte
-70.561278,-33.376534,maxheight,4.3,Autopista Costanera Norte
-70.541179,-33.376597,maxheight,4.3,Autopista Costanera Norte
-70.534638,-33.376614,maxheight,4.3,Autopista Costanera Norte
-61.712031,-33.376619,maxheight,2.1,San Martín
-70.535337,-33.376675,maxheight,4.3,Autopista Costanera Norte
-70.540483,-33.376691,maxheight,4.3,Autopista Costanera Norte
-70.539126,-33.376757,maxheight,4.3,Autopista Costanera Norte
-70.536234,-33.376790,maxheight,4.3,Autopista Costanera Norte
-70.537148,-33.376800,maxheight,4.3,Autopista Costanera Norte
-70.538138,-33.376826,maxheight,4.3,Autopista Costanera Norte
-61.712173,-33.376890,maxheight,2.1,San Martín
-70.566173,-33.376973,maxheight,4.3,Autopista Costanera Norte
-70.568008,-33.377157,maxheight,4.3,Autopista Costanera Norte
-70.566947,-33.377160,maxheight,4.3,Autopista Costanera Norte
-70.568366,-33.377314,maxheight,4.3,Autopista Costanera Norte
-61.712362,-33.377344,maxheight,2.1,San Martín
-70.569631,-33.377361,maxheight,4.3,Autopista Costanera Norte
-70.569667,-33.377480,maxheight,4.3,Autopista Costanera Norte
-61.712459,-33.377560,maxheight,2.1,
-70.571528,-33.377983,maxheight,4.3,Autopista Costanera Norte
-70.571767,-33.378207,maxheight,4.3,Autopista Costanera Norte
-70.573934,-33.378999,maxheight,4.3,Autopista Costanera Norte
-70.574265,-33.379005,maxheight,4.3,Autopista Costanera Norte
-70.579643,-33.380340,maxheight,4.3,Autopista Costanera Norte
-70.580542,-33.380507,maxheight,4.3,Autopista Costanera Norte
-70.586099,-33.381602,maxheight,4.3,Autopista Costanera Norte
-70.587132,-33.381743,maxheight,4.3,Autopista Costanera Norte
-70.586696,-33.381803,maxheight,4.3,Autopista Costanera Norte
-70.587966,-33.381859,maxheight,4.3,Autopista Costanera Norte
-70.588696,-33.382016,maxheight,4.3,Autopista Costanera Norte
-70.590149,-33.382760,maxheight,4.3,Autopista Costanera Norte
-70.532963,-33.382911,maxheight,4.3,Avenida Presidente Kennedy
-70.533175,-33.382951,maxheight,4.3,Avenida Presidente Kennedy
-70.590419,-33.383318,maxheight,4.3,Autopista Costanera Norte
-70.534169,-33.383547,maxheight,4.3,
-70.550364,-33.383687,maxheight,2.5,
-70.534038,-33.383806,maxheight,4.3,Avenida Presidente Kennedy
-70.592206,-33.384211,maxheight,4.3,Autopista Costanera Norte
-70.534808,-33.384244,maxheight,4.3,Avenida Presidente Kennedy
-70.534642,-33.384301,maxheight,4.3,Avenida Presidente Kennedy
-70.550436,-33.384448,maxheight,2.5,
-70.535615,-33.384697,maxheight,4.3,Avenida Presidente Kennedy
-70.592626,-33.384700,maxheight,4.3,Autopista Costanera Norte
-70.535477,-33.384774,maxheight,4.3,Avenida Presidente Kennedy
-70.535964,-33.384973,maxheight,4.3,Avenida Presidente Kennedy
-70.536681,-33.385147,maxheight,4.3,Avenida Presidente Kennedy
-70.593406,-33.385176,maxheight,4.3,Autopista Costanera Norte
-70.536995,-33.385404,maxheight,4.3,Avenida Presidente Kennedy
-70.537049,-33.385603,maxheight,4.3,
-70.593946,-33.385603,maxheight,4.3,Autopista Costanera Norte
-70.538230,-33.385800,maxheight,4.3,Avenida Presidente Kennedy
-70.538172,-33.385903,maxheight,4.3,Avenida Presidente Kennedy
-70.539033,-33.386267,maxheight,4.3,Avenida Presidente Kennedy
-70.537857,-33.386270,maxheight,4.3,
-70.594708,-33.386349,maxheight,4.3,Autopista Costanera Norte
-70.539967,-33.386514,maxheight,4.3,Avenida Presidente Kennedy
-70.539625,-33.386518,maxheight,4.3,Avenida Presidente Kennedy
-70.540717,-33.386685,maxheight,4.3,
-70.540374,-33.386818,maxheight,4.3,Avenida Presidente Kennedy
-70.541038,-33.387078,maxheight,4.3,Avenida Presidente Kennedy
-70.541512,-33.387133,maxheight,4.3,Avenida Presidente Kennedy
-70.541373,-33.387208,maxheight,4.3,Avenida Presidente Kennedy
-70.541800,-33.387370,maxheight,4.3,Avenida Presidente Kennedy
-70.542281,-33.387429,maxheight,4.3,Avenida Presidente Kennedy
-70.542265,-33.387548,maxheight,4.3,Avenida Presidente Kennedy
-70.542946,-33.387690,maxheight,4.3,Avenida Presidente Kennedy
-70.544070,-33.388114,maxheight,4.3,Avenida Presidente Kennedy
-70.596956,-33.388124,maxheight,4.3,Autopista Costanera Norte
-70.597958,-33.388476,maxheight,4.2,
-70.545171,-33.388510,maxheight,4.3,Avenida Presidente Kennedy
-70.545348,-33.388716,maxheight,4.3,Avenida Presidente Kennedy
-70.597795,-33.388732,maxheight,4.3,Autopista Costanera Norte
-70.598313,-33.389183,maxheight,4.3,Autopista Costanera Norte
-70.547045,-33.389499,maxheight,2,
-70.547975,-33.389545,maxheight,4.3,Avenida Presidente Kennedy
-70.547936,-33.389735,maxheight,2,
-70.599695,-33.389870,maxheight,4.3,
-70.550063,-33.390251,maxheight,4.3,
-70.549992,-33.390458,maxheight,4.3,Avenida Presidente Kennedy
-70.598104,-33.390764,maxheight,4.3,Autopista Vespucio Oriente
-70.598601,-33.390785,maxheight,4.3,Autopista Vespucio Oriente
-70.551438,-33.390848,maxheight,4.3,Avenida Presidente Kennedy
-70.599606,-33.390909,maxheight,4.3,Autopista Vespucio Oriente
-70.596628,-33.390958,maxheight,4.3,Autopista Vespucio Oriente
-70.601055,-33.391048,maxheight,4.3,
-70.600515,-33.391204,maxheight,4.3,Autopista Costanera Norte
-70.553467,-33.391609,maxheight,4.3,Avenida Presidente Kennedy
-70.554118,-33.391801,maxheight,4.3,
-70.554368,-33.392049,maxheight,4.3,Avenida Presidente Kennedy
-70.554957,-33.392150,maxheight,4.3,Avenida Presidente Kennedy
-70.572238,-33.392167,maxheight,4.3,Avenida Manquehue Norte
-70.555816,-33.392452,maxheight,4.3,Avenida Presidente Kennedy
-70.627711,-33.392559,maxheight,4.3,Autopista Vespucio Oriente
-70.602494,-33.392738,maxheight,4.3,Autopista Costanera Norte
-71.250290,-33.392775,maxheight,4.5,Caletera Ruta 68
-70.556758,-33.392782,maxheight,4.3,Avenida Presidente Kennedy
-70.557395,-33.393132,maxheight,4.3,Avenida Presidente Kennedy
-70.572167,-33.393437,maxheight,4.3,Avenida Manquehue Norte
-70.558208,-33.393566,maxheight,4.3,
-70.602862,-33.393583,maxheight,4.3,Autopista Costanera Norte
-70.603092,-33.393700,maxheight,4.3,Autopista Costanera Norte
-70.572076,-33.394067,maxheight,4.3,Avenida Manquehue Norte
-70.561189,-33.394315,maxheight,4.3,Avenida Presidente Kennedy
-70.603324,-33.394342,maxheight,4.3,Autopista Costanera Norte
-70.621505,-33.394514,maxheight,4.3,Avenida del Parque
-70.561534,-33.394566,maxheight,4.3,Avenida Presidente Kennedy
-70.621906,-33.395034,maxheight,4.3,
-70.603878,-33.395045,maxheight,4.3,Autopista Costanera Norte
-70.571897,-33.395106,maxheight,4.3,Avenida Manquehue Norte
-70.623148,-33.395177,maxheight,4.3,
-70.604492,-33.395293,maxheight,4.3,Autopista Vespucio Oriente
-70.564641,-33.395429,maxheight,4.3,
-70.621893,-33.395520,maxheight,4.3,
-70.565572,-33.395834,maxheight,4.3,Avenida Presidente Kennedy
-70.571725,-33.395884,maxheight,4.3,Avenida Manquehue Norte
-70.603996,-33.395887,maxheight,4.3,Autopista Costanera Norte
-70.621235,-33.395906,maxheight,4.3,
-70.565811,-33.396049,maxheight,4.3,Avenida Presidente Kennedy
-71.235691,-33.396198,maxheight,4.2,Cuesta Zapata
-70.604378,-33.396272,maxheight,4.3,Autopista Costanera Norte
-70.620341,-33.396310,maxheight,4.3,
-70.571601,-33.396364,maxheight,4.3,Avenida Manquehue Norte
-70.566870,-33.396419,maxheight,4.3,Avenida Presidente Kennedy
-70.567745,-33.396725,maxheight,4.3,Avenida Presidente Kennedy
-70.568472,-33.396880,maxheight,4.3,Avenida Presidente Kennedy
-70.568377,-33.396951,maxheight,4.3,Avenida Presidente Kennedy
-70.571404,-33.397045,maxheight,4.3,Avenida Manquehue Norte
-70.569169,-33.397246,maxheight,4.3,Avenida Presidente Kennedy
-70.604381,-33.397379,maxheight,4.3,Autopista Costanera Norte
-70.604528,-33.397399,maxheight,4.3,Autopista Costanera Norte
-70.590919,-33.397443,maxheight,4.3,Autopista Vespucio Oriente
-70.570338,-33.397682,maxheight,4.3,Avenida Presidente Kennedy
-70.569878,-33.397726,maxheight,4.3,Avenida Presidente Kennedy Lateral
-70.605881,-33.397764,maxheight,4.3,
-70.571199,-33.397872,maxheight,4.3,Avenida Presidente Kennedy
-70.571112,-33.397943,maxheight,4.4,Avenida Manquehue
-70.571156,-33.397992,maxheight,4.3,Avenida Presidente Kennedy
-70.571198,-33.398079,maxheight,4.4,Avenida Manquehue
-70.614527,-33.398971,maxheight,4.3,Autopista Vespucio Oriente
-70.574363,-33.399093,maxheight,4.3,Avenida Presidente Kennedy
-70.604499,-33.399298,maxheight,4.3,Autopista Costanera Norte
-70.574715,-33.399383,maxheight,4.3,Avenida Presidente Kennedy
-70.612547,-33.399428,maxheight,4.3,Autopista Vespucio Oriente
-70.608152,-33.399476,maxheight,4.3,
-70.609714,-33.399682,maxheight,4.3,Autopista Vespucio Oriente
-70.576786,-33.399939,maxheight,4.3,
-70.577746,-33.400417,maxheight,4.3,Avenida Presidente Kennedy
-70.578505,-33.400740,maxheight,4.3,Avenida Presidente Kennedy
-70.578501,-33.400877,maxheight,4.3,Avenida Presidente Kennedy
-70.579295,-33.401076,maxheight,4.3,Avenida Presidente Kennedy
-70.579576,-33.401337,maxheight,4.3,Avenida Presidente Kennedy
-70.580036,-33.401394,maxheight,4.3,Avenida Presidente Kennedy
-70.604332,-33.401550,maxheight,4.3,Autopista Costanera Norte
-70.581132,-33.401993,maxheight,4.3,Avenida Presidente Kennedy
-70.582121,-33.402298,maxheight,4.3,Avenida Presidente Kennedy
-70.576148,-33.402602,maxheight,2.15,
-70.569819,-33.402751,maxheight,4,
-70.582921,-33.402770,maxheight,4.3,Avenida Presidente Kennedy
-70.576351,-33.402781,maxheight,2.15,
-70.584000,-33.403367,maxheight,4.5,
-70.584173,-33.403386,maxheight,4.3,Avenida Presidente Kennedy
-70.585195,-33.403481,maxheight,4.3,Avenida Presidente Kennedy Lateral
-70.604890,-33.403543,maxheight,4.3,Autopista Costanera Norte
-70.585186,-33.403575,maxheight,4.3,Avenida Alonso de Córdova
-70.585375,-33.403671,maxheight,4.3,Avenida Presidente Kennedy
-70.586897,-33.403771,maxheight,4.3,Alonso de Córdova
-70.585637,-33.403773,maxheight,4.3,Avenida Presidente Kennedy Lateral
-70.586736,-33.403820,maxheight,4.3,Alonso de Córdova
-70.585236,-33.403880,maxheight,4.3,Avenida Presidente Kennedy
-70.586195,-33.403954,maxheight,4.3,Avenida Presidente Kennedy Lateral
-70.586383,-33.404188,maxheight,4.3,Autopista Vespucio Oriente
-70.586451,-33.404291,maxheight,4.3,Avenida Presidente Kennedy
-70.604587,-33.404473,maxheight,4.3,Autopista Costanera Norte
-70.589097,-33.404825,maxheight,4.3,Avenida Presidente Kennedy
-70.586280,-33.404950,maxheight,4.3,Autopista Vespucio Oriente
-70.586394,-33.405599,maxheight,4.3,Autopista Vespucio Oriente
-70.586433,-33.405743,maxheight,4.3,Autopista Vespucio Oriente
-70.570316,-33.406138,maxheight,2.1,
-70.593898,-33.406293,maxheight,4.3,Avenida Presidente Kennedy
-70.586682,-33.406310,maxheight,4.3,Autopista Vespucio Oriente
-70.593559,-33.406365,maxheight,4.3,Avenida Presidente Kennedy
-70.603943,-33.406513,maxheight,4.3,Costanera Sur
-70.586771,-33.406537,maxheight,4.3,Autopista Vespucio Oriente
-70.605129,-33.406686,maxheight,4.3,Autopista Costanera Norte
-70.613806,-33.406759,maxheight,4.5,Túnel San Cristóbal
-70.708194,-33.406956,maxheight,4.3,
-70.614214,-33.407007,maxheight,4.5,Túnel San Cristóbal
-70.587065,-33.407082,maxheight,4.3,Autopista Vespucio Oriente
-70.705718,-33.407156,maxheight,4.3,Autopista Costanera Norte
-70.704085,-33.407206,maxheight,4.3,
-70.707434,-33.407228,maxheight,4.3,Autopista Costanera Norte
-70.704998,-33.407235,maxheight,4.3,Autopista Costanera Norte
-70.705717,-33.407267,maxheight,4.3,Autopista Costanera Norte
-70.709938,-33.407306,maxheight,4.3,Autopista Costanera Norte
-70.706800,-33.407313,maxheight,4.3,Autopista Costanera Norte
-70.587143,-33.407336,maxheight,4.3,Autopista Vespucio Oriente
-70.705015,-33.407342,maxheight,4.3,Autopista Costanera Norte
-70.708179,-33.407377,maxheight,4.3,Autopista Costanera Norte
-70.707191,-33.407398,maxheight,4.3,
-70.709191,-33.407408,maxheight,4.3,Autopista Costanera Norte
-70.705594,-33.407416,maxheight,4.3,
-70.704992,-33.407423,maxheight,4.3,
-70.706127,-33.407434,maxheight,4.3,
-70.605486,-33.407440,maxheight,4.3,
-70.597348,-33.407557,maxheight,4.3,Avenida Presidente Kennedy
-70.704324,-33.407616,maxheight,4.3,
-70.703420,-33.407776,maxheight,4.3,Autopista Costanera Norte
-70.712722,-33.407811,maxheight,4.3,Autopista Costanera Norte
-70.703574,-33.407812,maxheight,4.3,Autopista Costanera Norte
-70.605487,-33.407830,maxheight,4.3,Autopista Costanera Norte
-70.702981,-33.407854,maxheight,4.3,
-70.712149,-33.407907,maxheight,4.3,Autopista Costanera Norte
-70.703201,-33.408005,maxheight,4.3,
-70.598988,-33.408023,maxheight,4.3,Avenida Presidente Kennedy
-70.599758,-33.408141,maxheight,4.3,Avenida Presidente Kennedy
-70.600281,-33.408159,maxheight,4.3,Avenida Presidente Kennedy
-70.604385,-33.408222,maxheight,4.3,Costanera Sur
-70.604268,-33.408244,maxheight,4.3,Costanera Sur
-70.600444,-33.408323,maxheight,4.3,Avenida Presidente Kennedy
-70.601067,-33.408347,maxheight,4.3,Avenida Presidente Kennedy
-70.601661,-33.408381,maxheight,4.3,Avenida Presidente Kennedy
-70.702358,-33.408419,maxheight,4.3,Autopista Costanera Norte
-70.714888,-33.408475,maxheight,4.3,Autopista Costanera Norte
-70.602387,-33.408506,maxheight,4.3,Avenida Presidente Kennedy
-70.587324,-33.408519,maxheight,4.3,Autopista Vespucio Oriente
-70.714811,-33.408561,maxheight,4.3,Autopista Costanera Norte
-70.604471,-33.408637,maxheight,4.3,Costanera Sur
-70.701764,-33.408646,maxheight,4.3,Autopista Costanera Norte
-70.606183,-33.408747,maxheight,4.3,
-70.717207,-33.409084,maxheight,4.3,Autopista Costanera Norte
-70.587186,-33.409126,maxheight,4.3,Autopista Vespucio Oriente
-70.716928,-33.409162,maxheight,4.3,Autopista Costanera Norte
-70.586811,-33.409165,maxheight,4.3,Autopista Vespucio Oriente
-70.603916,-33.409223,maxheight,4.3,
-70.605437,-33.409249,maxheight,4.3,Avenida Presidente Kennedy
-70.587087,-33.409351,maxheight,4.3,Autopista Vespucio Oriente
-70.606646,-33.409363,maxheight,4.3,
-70.604793,-33.409370,maxheight,4.3,Costanera Sur
-70.700792,-33.409381,maxheight,4.3,Autopista Costanera Norte
-70.606111,-33.409543,maxheight,4.3,
-70.606148,-33.409555,maxheight,4.3,Autopista Costanera Norte
-70.586972,-33.409592,maxheight,4.3,Autopista Vespucio Oriente
-70.719690,-33.409594,maxheight,4.3,Autopista Costanera Norte
-70.605013,-33.409595,maxheight,4.3,Costanera Sur
-70.720409,-33.409701,maxheight,4.3,
-70.719570,-33.409715,maxheight,4.3,Autopista Costanera Norte
-70.699977,-33.409762,maxheight,4.3,Autopista Costanera Norte
-70.606885,-33.409787,maxheight,4.3,
-70.606115,-33.409818,maxheight,4.3,
-70.605390,-33.409827,maxheight,4.3,Avenida Presidente Kennedy
-70.721131,-33.409851,maxheight,4.3,
-70.605223,-33.409859,maxheight,4.3,Costanera Sur
-70.720693,-33.409933,maxheight,4.3,Autopista Costanera Norte
-70.602224,-33.409988,maxheight,4.3,P8.3 Costanera Norte - Las Tranqueras
-70.606876,-33.410094,maxheight,4.3,
-70.605048,-33.410103,maxheight,4.3,Costanera Sur
-70.606729,-33.410148,maxheight,4.3,
-70.721552,-33.410237,maxheight,4.3,Autopista Costanera Norte
-70.606260,-33.410324,maxheight,4.3,Autopista Costanera Norte
-70.722431,-33.410347,maxheight,4.3,
-70.699220,-33.410371,maxheight,4.3,Autopista Costanera Norte
-70.721938,-33.410469,maxheight,4.3,Autopista Costanera Norte
-70.606585,-33.410484,maxheight,4.3,Autopista Costanera Norte
-70.606488,-33.410522,maxheight,4.3,
-70.721902,-33.410629,maxheight,4.3,
-70.606892,-33.410634,maxheight,4.3,Avenida Presidente Kennedy
-70.723343,-33.410770,maxheight,4.3,
-70.607297,-33.410790,maxheight,4.3,
-70.606747,-33.410864,maxheight,4.3,Autopista Costanera Norte
-70.692913,-33.410899,maxheight,4.3,General Velásquez
-70.723175,-33.410922,maxheight,4.3,Autopista Costanera Norte
-70.693078,-33.410944,maxheight,4.3,General Velásquez
-70.606697,-33.410996,maxheight,4.3,
-70.723102,-33.411014,maxheight,4.3,Autopista Costanera Norte
-70.605829,-33.411061,maxheight,4.3,
-70.607325,-33.411068,maxheight,4.3,
-70.606472,-33.411086,maxheight,4.3,Avenida Presidente Kennedy
-70.722871,-33.411261,maxheight,4.3,
-70.692756,-33.411284,maxheight,4.3,General Velásquez
-70.692921,-33.411327,maxheight,4.3,General Velásquez
-70.586067,-33.411356,maxheight,4.3,Autopista Vespucio Oriente
-70.747113,-33.411396,maxheight,4.3,
-70.723907,-33.411414,maxheight,4.3,Autopista Costanera Norte
-70.745222,-33.411447,maxheight,4.3,
-70.607017,-33.411450,maxheight,4.3,Avenida Presidente Kennedy
-70.606943,-33.411458,maxheight,4.3,Autopista Costanera Norte
-70.748565,-33.411480,maxheight,4.3,
-70.606734,-33.411537,maxheight,4.3,Autopista Costanera Norte
-70.750166,-33.411541,maxheight,4.3,Autopista Costanera Norte
-70.606881,-33.411572,maxheight,4.3,
-70.748126,-33.411574,maxheight,4.3,Autopista Costanera Norte
-70.723742,-33.411575,maxheight,4.3,
-70.585986,-33.411584,maxheight,4.3,Autopista Vespucio Oriente
-70.744011,-33.411584,maxheight,4.3,
-70.746216,-33.411612,maxheight,4.3,Autopista Costanera Norte
-70.725165,-33.411643,maxheight,4.3,
-70.744527,-33.411647,maxheight,4.3,Autopista Costanera Norte
-70.749874,-33.411647,maxheight,4.3,Autopista Costanera Norte
-70.724781,-33.411669,maxheight,4.3,Autopista Costanera Norte
-70.742932,-33.411677,maxheight,4.3,Autopista Costanera Norte
-70.748209,-33.411679,maxheight,4.3,Autopista Costanera Norte
-70.782483,-33.411707,maxheight,4.3,Autopista Vespucio Norte
-70.606677,-33.411711,maxheight,4.3,
-70.746197,-33.411721,maxheight,4.3,Autopista Costanera Norte
-70.748751,-33.411744,maxheight,4.3,
-70.744483,-33.411756,maxheight,4.3,Autopista Costanera Norte
-70.742784,-33.411787,maxheight,4.3,Autopista Costanera Norte
-70.607054,-33.411843,maxheight,4.3,Autopista Costanera Norte
-70.744030,-33.411844,maxheight,4.3,
-70.747316,-33.411869,maxheight,4.3,
-70.724928,-33.411915,maxheight,4.3,Autopista Costanera Norte
-70.745117,-33.411918,maxheight,4.3,
-70.608166,-33.411949,maxheight,4.3,
-70.735615,-33.411955,maxheight,4.3,Autopista Costanera Norte
-70.606839,-33.411974,maxheight,4.3,Autopista Costanera Norte
-70.724957,-33.411989,maxheight,4.3,
-70.733984,-33.412106,maxheight,4.3,Autopista Costanera Norte
-70.692507,-33.412133,maxheight,4.3,General Velásquez
-70.692678,-33.412144,maxheight,4.3,General Velásquez
-70.725611,-33.412222,maxheight,4.3,Autopista Costanera Norte
-70.607075,-33.412284,maxheight,4.3,
-70.726544,-33.412395,maxheight,4.3,Autopista Costanera Norte
-70.728423,-33.412508,maxheight,4.3,Autopista Costanera Norte
-70.727481,-33.412517,maxheight,4.3,Autopista Costanera Norte
-70.609077,-33.412523,maxheight,4.3,
-70.608568,-33.412565,maxheight,4.3,
-70.585465,-33.412592,maxheight,4.3,Autopista Vespucio Oriente
-70.610527,-33.412673,maxheight,4.3,
-70.610054,-33.412749,maxheight,4.3,
-70.761714,-33.412766,maxheight,4.3,Autopista Costanera Norte
-70.761304,-33.412835,maxheight,4.3,Autopista Costanera Norte
-70.782218,-33.412861,maxheight,4.3,Autopista Vespucio Norte
-70.607248,-33.412872,maxheight,4.3,Autopista Costanera Norte
-70.695518,-33.413006,maxheight,4.3,Autopista Costanera Norte
-70.695579,-33.413104,maxheight,4.3,Autopista Costanera Norte
-70.782179,-33.413297,maxheight,4.3,Autopista Vespucio Norte
-70.607163,-33.413342,maxheight,4.3,Autopista Costanera Norte
-70.611257,-33.413410,maxheight,4.3,
-70.692340,-33.413672,maxheight,4.3,General Velásquez
-70.692190,-33.413677,maxheight,4.3,General Velásquez
-70.782148,-33.413831,maxheight,4.3,Autopista Vespucio Norte
-70.611737,-33.413836,maxheight,4.3,
-70.782386,-33.413840,maxheight,4.3,Autopista Vespucio Norte
-70.584554,-33.413846,maxheight,4,Avenida Américo Vespucio Norte
-70.792874,-33.413968,maxheight,4.3,Autopista Aeropuerto
-70.585066,-33.414000,maxheight,4,Avenida Américo Vespucio Norte
-70.584402,-33.414176,maxheight,4,Avenida Américo Vespucio Norte
-70.584531,-33.414180,maxheight,4,Avenida Américo Vespucio Norte
-70.692650,-33.414186,maxheight,4.3,
-70.611957,-33.414233,maxheight,4.3,
-70.584590,-33.414237,maxheight,4,Avenida Américo Vespucio Norte
-70.584817,-33.414259,maxheight,4,Avenida Américo Vespucio Norte
-70.772912,-33.414285,maxheight,4.3,Autopista Costanera Norte
-70.584718,-33.414288,maxheight,4,Avenida Américo Vespucio Sur
-70.772757,-33.414319,maxheight,4.3,Autopista Costanera Norte
-70.584908,-33.414335,maxheight,4,Avenida Américo Vespucio Norte
-70.613671,-33.414393,maxheight,4.5,Túnel San Cristóbal
-70.584569,-33.414399,maxheight,4.3,Autopista Vespucio Oriente
-63.295953,-33.414443,maxheight,3,Hipólito Yrigoyen
-70.782344,-33.414474,maxheight,4.3,Autopista Vespucio Norte
-70.692872,-33.414541,maxheight,4.3,
-70.613783,-33.414625,maxheight,4.5,Túnel San Cristóbal
-70.613015,-33.414713,maxheight,4.5,
-70.692135,-33.414883,maxheight,4.3,General Velásquez
-70.782115,-33.414894,maxheight,4.3,Autopista Vespucio Norte
-70.692581,-33.414898,maxheight,4.3,
-70.773599,-33.414906,maxheight,4.3,Autopista Costanera Norte
-70.781805,-33.414915,maxheight,4.3,
-70.774449,-33.415058,maxheight,4.3,Autopista Costanera Norte
-70.792812,-33.415058,maxheight,4.3,Autopista Aeropuerto
-70.792634,-33.415083,maxheight,4.3,Autopista Aeropuerto
-70.691955,-33.415134,maxheight,4.3,General Velásquez
-70.782289,-33.415138,maxheight,4.3,Autopista Vespucio Norte
-70.607706,-33.415194,maxheight,4.3,Autopista Costanera Norte
-70.692309,-33.415306,maxheight,4.3,
-70.782736,-33.415364,maxheight,4.3,
-70.776082,-33.415486,maxheight,4.3,Autopista Costanera Norte
-70.784077,-33.415489,maxheight,4.3,
-70.782254,-33.415567,maxheight,4.3,Autopista Vespucio Norte
-70.778185,-33.415641,maxheight,4.3,Autopista Costanera Norte
-70.781178,-33.415648,maxheight,4.3,
-70.583934,-33.415683,maxheight,4.3,Autopista Vespucio Oriente
-70.692041,-33.415704,maxheight,4.3,Autopista Costanera Norte
-70.781625,-33.415774,maxheight,4.3,Autopista Costanera Norte
-70.782706,-33.415775,maxheight,4.3,
-70.779394,-33.415817,maxheight,4.3,Autopista Costanera Norte
-70.691087,-33.415821,maxheight,4.3,
-70.691939,-33.415835,maxheight,4.3,General Velásquez
-70.783732,-33.415846,maxheight,4.3,Autopista Costanera Norte
-70.782096,-33.415856,maxheight,4.3,Autopista Vespucio Norte
-70.782238,-33.415859,maxheight,4.3,Autopista Vespucio Norte
-70.781599,-33.415894,maxheight,4.3,Autopista Costanera Norte
-70.690807,-33.415906,maxheight,4.3,
-70.783836,-33.415967,maxheight,4.3,Autopista Costanera Norte
-70.786104,-33.415971,maxheight,4.3,Autopista Costanera Norte
-70.691765,-33.416054,maxheight,4.3,General Velásquez
-70.608879,-33.416126,maxheight,4.3,Autopista Costanera Norte
-70.691072,-33.416154,maxheight,4.3,
-70.691795,-33.416180,maxheight,4.3,Autopista Costanera Norte
-70.782221,-33.416203,maxheight,4.3,Autopista Vespucio Norte
-70.792549,-33.416221,maxheight,4.3,Autopista Aeropuerto
-70.608259,-33.416330,maxheight,4.3,Autopista Costanera Norte
-70.782694,-33.416367,maxheight,4.3,
-70.583606,-33.416376,maxheight,4.3,Autopista Vespucio Oriente
-70.792733,-33.416431,maxheight,4.3,Autopista Aeropuerto
-70.781372,-33.416468,maxheight,4.3,
-70.782068,-33.416595,maxheight,4.3,Autopista Vespucio Norte
-70.691566,-33.416724,maxheight,4.3,General Velásquez
-70.690572,-33.416859,maxheight,4.3,
-70.782184,-33.416886,maxheight,4.3,Autopista Vespucio Norte
-70.789045,-33.416956,maxheight,4.3,Autopista Costanera Norte
-70.608860,-33.417076,maxheight,4.3,Autopista Costanera Norte
-70.690465,-33.417185,maxheight,4.3,Autopista Costanera Norte
-70.788548,-33.417322,maxheight,4.3,Autopista Costanera Norte
-70.792607,-33.417468,maxheight,4.3,Autopista Aeropuerto
-70.583078,-33.417528,maxheight,4.3,Autopista Vespucio Oriente
-70.782020,-33.417534,maxheight,4.3,Autopista Vespucio Norte
-70.791828,-33.417540,maxheight,4.3,
-70.690027,-33.417785,maxheight,4.3,Autopista Costanera Norte
-63.296894,-33.417933,maxheight,3,Hipólito Yrigoyen
-70.791009,-33.417955,maxheight,4.3,Autopista Costanera Norte
-70.689554,-33.417976,maxheight,4.3,
-70.791582,-33.418310,maxheight,4.3,Autopista Costanera Norte
-70.691243,-33.418456,maxheight,4.3,General Velásquez
-70.792208,-33.418464,maxheight,4.3,Autopista Aeropuerto
-70.792304,-33.418526,maxheight,4.3,Autopista Aeropuerto
-70.690148,-33.418552,maxheight,4.3,
-70.689317,-33.418564,maxheight,4.3,
-70.791755,-33.418601,maxheight,4.3,
-70.791944,-33.418647,maxheight,4.3,Autopista Costanera Norte
-70.792160,-33.418667,maxheight,4.3,Autopista Costanera Norte
-70.610781,-33.418721,maxheight,4.3,Autopista Costanera Norte
-70.688611,-33.418741,maxheight,4.3,Autopista Costanera Norte
-70.582494,-33.418750,maxheight,4.3,Autopista Vespucio Oriente
-70.792157,-33.418779,maxheight,4.3,Autopista Costanera Norte
-70.793169,-33.418792,maxheight,4.3,
-70.691003,-33.418800,maxheight,4.3,General Velásquez
-70.582143,-33.418809,maxheight,4.3,Autopista Vespucio Oriente
-70.792361,-33.418907,maxheight,4.3,Autopista Costanera Norte
-70.791512,-33.418942,maxheight,4.3,
-70.792653,-33.418986,maxheight,4.3,Autopista Costanera Norte
-70.688063,-33.419157,maxheight,4.3,Autopista Costanera Norte
-70.793076,-33.419180,maxheight,4.3,
-70.690463,-33.419213,maxheight,4.3,
-70.792953,-33.419292,maxheight,4.3,Autopista Costanera Norte
-70.612050,-33.419362,maxheight,4.3,Autopista Costanera Norte
-70.792431,-33.419419,maxheight,4.3,
-70.687016,-33.419450,maxheight,4.3,Autopista Costanera Norte
-70.791820,-33.419514,maxheight,4.3,Autopista Aeropuerto
-70.686614,-33.419770,maxheight,4.3,Autopista Costanera Norte
-70.605984,-33.419814,maxheight,3.9,Avenida Los Leones
-70.794279,-33.419969,maxheight,4.3,
-70.685444,-33.420038,maxheight,4.3,Autopista Costanera Norte
-70.685487,-33.420149,maxheight,4.3,Autopista Costanera Norte
-70.790956,-33.420167,maxheight,4.3,Autopista Aeropuerto
-70.794285,-33.420297,maxheight,4.3,Autopista Costanera Norte
-70.791241,-33.420323,maxheight,4.3,Autopista Aeropuerto
-70.614279,-33.420456,maxheight,4.3,Autopista Costanera Norte
-70.790059,-33.420810,maxheight,4.3,
-70.795156,-33.420867,maxheight,4.3,
-70.790729,-33.420988,maxheight,4.3,
-70.675173,-33.421042,maxheight,4.3,Autopista Central
-71.696592,-33.421167,maxweight,20,Camino Antiguo
-70.615621,-33.421495,maxheight,4.3,Autopista Costanera Norte
-70.795526,-33.421532,maxheight,4.3,Autopista Costanera Norte
-70.789372,-33.421713,maxheight,4.3,Autopista Aeropuerto
-70.789211,-33.421785,maxheight,4.3,Autopista Aeropuerto
-70.616743,-33.421817,maxheight,4.3,Autopista Costanera Norte
-70.617560,-33.421897,maxheight,4.3,Autopista Costanera Norte
-70.618793,-33.422047,maxheight,4.3,
-70.796275,-33.422063,maxheight,4.3,Autopista Costanera Norte
-70.617659,-33.422077,maxheight,4.3,Autopista Costanera Norte
-70.619834,-33.422152,maxheight,4.3,
-70.618481,-33.422184,maxheight,4.3,Autopista Costanera Norte
-70.619111,-33.422212,maxheight,4.3,
-70.618876,-33.422307,maxheight,4.3,
-70.618504,-33.422317,maxheight,4.3,Autopista Costanera Norte
-70.620064,-33.422409,maxheight,4.3,
-70.620487,-33.422463,maxheight,4.3,
-70.619087,-33.422495,maxheight,4.3,Autopista Costanera Norte
-70.787949,-33.422518,maxheight,4.3,Autopista Aeropuerto
-70.679346,-33.422722,maxheight,4.3,Autopista Costanera Norte
-70.579744,-33.422788,maxheight,4.3,Autopista Vespucio Oriente
-70.620036,-33.422802,maxheight,4.3,Autopista Costanera Norte
-70.678513,-33.423113,maxheight,4.3,Autopista Costanera Norte
-70.621022,-33.423114,maxheight,4.3,
-70.578940,-33.423178,maxheight,4.3,Autopista Vespucio Oriente
-70.620509,-33.423178,maxheight,4.3,
-70.786922,-33.423198,maxheight,4.3,Autopista Aeropuerto
-70.786664,-33.423215,maxheight,4.3,Autopista Aeropuerto
-70.620548,-33.423321,maxheight,4.3,Autopista Costanera Norte
-70.797640,-33.423394,maxheight,4.3,Autopista Costanera Norte
-70.621225,-33.423415,maxheight,4.3,Autopista Costanera Norte
-70.621558,-33.423643,maxheight,4.3,Autopista Costanera Norte
-70.578912,-33.423769,maxheight,4.3,Autopista Vespucio Oriente
-70.621755,-33.423814,maxheight,4.3,Autopista Costanera Norte
-70.798023,-33.423885,maxheight,4.3,Autopista Costanera Norte
-70.672633,-33.423907,maxheight,4.3,Autopista Central
-70.621966,-33.424003,maxheight,4.3,Autopista Costanera Norte
-70.621812,-33.424115,maxheight,4.3,Autopista Costanera Norte
-70.798615,-33.424343,maxheight,4.3,Autopista Costanera Norte
-70.622068,-33.424394,maxheight,4.3,Autopista Costanera Norte
-70.622357,-33.424474,maxheight,4.3,Autopista Costanera Norte
-70.783425,-33.424911,maxheight,5,Autopista Vespucio Norte
-70.783570,-33.424946,maxheight,5,
-70.577808,-33.424947,maxheight,4.3,Autopista Vespucio Oriente
-70.799760,-33.425145,maxheight,4.3,
-70.783201,-33.425153,maxheight,5,
-70.799507,-33.425173,maxheight,4.3,Autopista Costanera Norte
-70.799728,-33.425270,maxheight,4.3,Autopista Costanera Norte
-70.799495,-33.425293,maxheight,4.3,
-70.622696,-33.425380,maxheight,4.3,Autopista Costanera Norte
-70.622636,-33.425417,maxheight,4.3,
-70.671062,-33.425565,maxheight,4.3,Autopista Central
-70.672758,-33.425571,maxheight,4.3,Autopista Costanera Norte
-70.671128,-33.425696,maxheight,4.3,Autopista Central
-70.670933,-33.425702,maxheight,4.3,
-70.800698,-33.425710,maxheight,4.3,
-70.800837,-33.425790,maxheight,4.3,
-70.671143,-33.425850,maxheight,4.3,
-70.671182,-33.425950,maxheight,4.3,
-70.801133,-33.425954,maxheight,4.3,
-70.800671,-33.425975,maxheight,4.3,Autopista Costanera Norte
-70.671229,-33.426008,maxheight,4.3,Autopista Costanera Norte
-70.669870,-33.426018,maxheight,4.3,Autopista Central
-70.800617,-33.426039,maxheight,4.3,Autopista Costanera Norte
-70.576755,-33.426052,maxheight,4.3,Autopista Vespucio Oriente
-70.783549,-33.426059,maxheight,5,Autopista Vespucio Norte
-71.141566,-33.426064,maxwidth,10,
-70.670013,-33.426115,maxheight,4.3,Autopista Central
-70.671262,-33.426117,maxheight,4.3,Autopista Costanera Norte
-70.670095,-33.426155,maxheight,4.3,
-70.800510,-33.426234,maxheight,4.3,
-70.623186,-33.426305,maxheight,4.3,Autopista Costanera Norte
-70.800699,-33.426326,maxheight,4.3,
-70.669848,-33.426432,maxheight,4.3,Autopista Costanera Norte
-70.669102,-33.426441,maxheight,4.3,Autopista Central
-70.801768,-33.426442,maxheight,4.3,Autopista Costanera Norte
-70.802059,-33.426465,maxheight,4.3,
-70.668923,-33.426505,maxheight,4.3,Autopista Central
-70.623141,-33.426513,maxheight,4.3,
-70.801732,-33.426514,maxheight,4.3,Autopista Costanera Norte
-70.669913,-33.426531,maxheight,4.3,Autopista Costanera Norte
-70.668414,-33.426537,maxheight,4.3,Autopista Central
-70.801780,-33.426658,maxheight,4.3,
-70.668486,-33.426661,maxheight,4.3,Autopista Central
-70.667333,-33.426839,maxheight,4.3,
-70.669053,-33.426848,maxheight,4.3,Autopista Costanera Norte
-70.623346,-33.426938,maxheight,4.3,
-70.667845,-33.426975,maxheight,4.3,
-70.668269,-33.426993,maxheight,4.3,Autopista Costanera Norte
-70.667415,-33.427077,maxheight,4.3,Autopista Central
-70.803133,-33.427083,maxheight,4.3,Autopista Costanera Norte
-70.623535,-33.427127,maxheight,4.3,
-70.623485,-33.427198,maxheight,4.3,
-70.803692,-33.427215,maxheight,4.3,Autopista Costanera Norte
-70.666457,-33.427230,maxheight,4.3,Autopista Central
-70.667784,-33.427290,maxheight,4.3,
-70.667225,-33.427316,maxheight,4.3,
-70.666698,-33.427367,maxheight,4.3,
-70.667285,-33.427402,maxheight,4.3,
-70.665504,-33.427488,maxheight,4.3,
-70.665933,-33.427531,maxheight,4.3,
-70.623697,-33.427540,maxheight,4.3,
-70.667244,-33.427566,maxheight,4.3,
-70.575359,-33.427619,maxheight,4.3,Autopista Vespucio Oriente
-70.804924,-33.427791,maxheight,4.3,Autopista Costanera Norte
-70.575672,-33.427806,maxheight,4.3,Autopista Vespucio Oriente
-70.664948,-33.427816,maxheight,4.3,
-70.664686,-33.427854,maxheight,4.3,Autopista Central
-70.665252,-33.427858,maxheight,4.3,Autopista Central
-70.623922,-33.427870,maxheight,4.3,
-70.666244,-33.427910,maxheight,4.3,
-70.664257,-33.428004,maxheight,4.3,Autopista Central
-70.665033,-33.428004,maxheight,4.3,
-70.665340,-33.428019,maxheight,4.3,Autopista Costanera Norte
-70.805764,-33.428061,maxheight,4.3,Autopista Costanera Norte
-70.629845,-33.428072,maxheight,2.4,Avenida Carlos Reed
-70.624008,-33.428114,maxheight,4.3,
-70.664790,-33.428141,maxheight,4.3,
-70.660705,-33.428176,maxheight,4.3,
-70.665199,-33.428184,maxheight,4.3,
-70.664318,-33.428229,maxheight,4.3,
-70.660948,-33.428246,maxheight,4.3,
-70.663156,-33.428354,maxheight,4.3,
-70.664098,-33.428381,maxheight,4.3,
-70.623809,-33.428398,maxheight,4.3,
-70.661284,-33.428419,maxheight,4.3,
-70.664742,-33.428457,maxheight,4.3,Autopista Costanera Norte
-70.663579,-33.428462,maxheight,4.3,Autopista Central
-70.623615,-33.428585,maxheight,4.3,
-70.661483,-33.428618,maxheight,4.3,
-70.663127,-33.428753,maxheight,4.3,Autopista Central
-70.807229,-33.428761,maxheight,4.3,Autopista Costanera Norte
-70.661965,-33.428764,maxheight,4.3,
-70.660960,-33.428772,maxheight,4.3,
-70.623387,-33.428783,maxheight,4.3,
-70.662922,-33.428789,maxheight,4.3,Autopista Costanera Norte
-70.807036,-33.428799,maxheight,4.3,Autopista Costanera Norte
-70.663553,-33.428801,maxheight,4.3,Autopista Costanera Norte
-70.661503,-33.428805,maxheight,4.3,
-70.662992,-33.428826,maxheight,4.3,Autopista Central
-70.623632,-33.428849,maxheight,4.3,
-70.662741,-33.428921,maxheight,4.3,Autopista Costanera Norte
-70.661497,-33.428991,maxheight,4.3,
-70.661369,-33.429016,maxheight,4.3,
-70.661702,-33.429093,maxheight,4.3,Autopista Costanera Norte
-70.807814,-33.429139,maxheight,4.3,
-70.661714,-33.429200,maxheight,4.3,Autopista Costanera Norte
-70.662545,-33.429206,maxheight,4.3,Autopista Central
-70.661040,-33.429235,maxheight,4.3,
-70.662002,-33.429314,maxheight,4.3,
-70.661502,-33.429355,maxheight,4.3,
-70.574943,-33.429358,maxheight,4.3,Autopista Vespucio Oriente
-70.662392,-33.429372,maxheight,4.3,Autopista Central
-70.660743,-33.429391,maxheight,4.3,Autopista Costanera Norte
-70.624089,-33.429629,maxheight,4.3,
-70.662014,-33.429630,maxheight,4.3,Autopista Central
-70.660289,-33.429637,maxheight,4.3,Autopista Costanera Norte
-70.659723,-33.429638,maxheight,4.3,Autopista Costanera Norte
-70.635955,-33.429640,maxheight,2.4,Avenida Carlos Reed
-70.661947,-33.429640,maxheight,4.3,
-70.808452,-33.429676,maxheight,4.3,
-70.662161,-33.429711,maxheight,4.3,Autopista Central
-70.659090,-33.429732,maxheight,4.3,
-70.635720,-33.429845,maxheight,2.4,Avenida Carlos Reed
-70.808151,-33.429918,maxheight,4.3,
-70.660999,-33.429935,maxheight,4.3,
-70.661829,-33.429938,maxheight,4.3,Autopista Central
-70.658371,-33.429974,maxheight,4.3,Autopista Costanera Norte
-70.657081,-33.430001,maxheight,4.3,
-70.658842,-33.430003,maxheight,4.3,Autopista Costanera Norte
-70.808345,-33.430038,maxheight,4.3,Autopista Costanera Norte
-70.659062,-33.430041,maxheight,4.3,
-70.662082,-33.430063,maxheight,4.3,
-70.661904,-33.430109,maxheight,4.3,Autopista Central
-70.661721,-33.430158,maxheight,4.3,Autopista Central
-70.808391,-33.430174,maxheight,4.3,Autopista Costanera Norte
-70.657402,-33.430212,maxheight,4.3,
-70.657957,-33.430233,maxheight,4.3,Autopista Costanera Norte
-70.656155,-33.430255,maxheight,4.3,
-70.657543,-33.430288,maxheight,4.3,Autopista Costanera Norte
-70.634981,-33.430294,maxheight,2.4,Avenida Carlos Reed
-70.574658,-33.430348,maxheight,4.3,
-70.662048,-33.430367,maxheight,4.3,
-70.657644,-33.430390,maxheight,4.3,Autopista Costanera Norte
-70.630069,-33.430424,maxheight,4.3,Autopista Costanera Norte
-70.661749,-33.430444,maxheight,4.3,Autopista Central
-70.661541,-33.430543,maxheight,4.3,Autopista Central
-70.662060,-33.430641,maxheight,4.3,
-70.634193,-33.430716,maxheight,2.4,Avenida Carlos Reed
-70.657019,-33.430731,maxheight,4.3,Autopista Costanera Norte
-70.627419,-33.430779,maxheight,4.3,Autopista Costanera Norte
-70.574515,-33.430839,maxheight,4.3,
-70.662438,-33.430874,maxheight,4.3,
-70.661200,-33.431230,maxheight,4.3,Autopista Central
-70.809191,-33.431271,maxheight,4.3,Autopista Costanera Norte
-70.809093,-33.431272,maxheight,4.3,Autopista Costanera Norte
-70.662042,-33.431376,maxheight,4.3,
-70.661245,-33.431509,maxheight,4.3,Autopista Central
-70.654212,-33.431583,maxheight,4.3,Autopista Costanera Norte
-70.809370,-33.431660,maxheight,4.3,Autopista Costanera Norte
-70.661341,-33.431669,maxheight,4.3,
-70.652237,-33.431776,maxheight,4.3,Autopista Costanera Norte
-70.649028,-33.431807,maxheight,4.3,
-70.660617,-33.431914,maxheight,4.3,
-70.809381,-33.431923,maxheight,4.3,Autopista Costanera Norte
-70.809595,-33.432128,maxheight,4.3,Autopista Costanera Norte
-70.651539,-33.432264,maxheight,4.3,Autopista Costanera Norte
-70.660719,-33.432466,maxheight,4.3,Autopista Central
-70.647916,-33.432517,maxheight,4.3,
-70.574335,-33.432890,maxheight,4.3,Autopista Vespucio Oriente
-70.650667,-33.432908,maxheight,4.3,
-70.809686,-33.432938,maxheight,4.3,Autopista Costanera Norte
-70.810202,-33.432980,maxheight,4.3,Autopista Costanera Norte
-70.810368,-33.433052,maxheight,4.3,
-70.809552,-33.433062,maxheight,4.3,
-70.647163,-33.433114,maxheight,4.3,Autopista Costanera Norte
-70.649587,-33.433379,maxheight,4.3,
-70.574250,-33.433647,maxheight,4.3,Autopista Vespucio Oriente
-70.644688,-33.433686,maxheight,4.3,Autopista Costanera Norte
-70.809823,-33.433702,maxheight,4.3,Autopista Costanera Norte
-70.810852,-33.433852,maxheight,4.3,Autopista Costanera Norte
-70.809917,-33.434096,maxheight,4.3,Autopista Costanera Norte
-70.641916,-33.434191,maxheight,4.3,Autopista Costanera Norte
-70.641820,-33.434351,maxheight,4.3,Autopista Costanera Norte
-70.639871,-33.434396,maxheight,4.3,
-70.810063,-33.434449,maxheight,4.3,Autopista Costanera Norte
-70.811115,-33.434468,maxheight,4.3,Autopista Costanera Norte
-70.536986,-33.434555,maxweight,4,El Alcázar de La Reina
-70.640464,-33.434564,maxheight,4.3,
-70.639430,-33.434699,maxheight,4.3,
-70.638936,-33.434713,maxheight,4.3,
-70.810278,-33.434805,maxheight,4.3,Autopista Costanera Norte
-70.639532,-33.434889,maxheight,4.3,Autopista Costanera Norte
-70.638689,-33.434937,maxheight,4.3,
-70.660488,-33.435033,maxheight,4.4,Autopista Central
-70.626211,-33.435076,maxheight,2.2,
-70.632097,-33.435319,maxheight,4.3,Autopista Costanera Norte
-70.637625,-33.435335,maxheight,4.3,Autopista Costanera Norte
-70.811331,-33.435492,maxheight,4.3,Autopista Costanera Norte
-70.810877,-33.435603,maxheight,4.3,Autopista Costanera Norte
-70.595741,-33.435798,maxheight,4,
-70.595918,-33.435888,maxheight,4,
-70.633126,-33.435986,maxheight,4.3,
-70.811934,-33.437223,maxheight,4.3,Autopista Costanera Norte
-70.811832,-33.437259,maxheight,4.3,Autopista Costanera Norte
-70.660172,-33.437475,maxheight,4.4,Autopista Central
-70.812527,-33.438403,maxheight,4.3,Autopista Costanera Norte
-70.812374,-33.438425,maxheight,4.3,Autopista Costanera Norte
-70.561237,-33.438452,maxheight,4.2,
-70.813876,-33.438726,maxheight,4.3,
-70.812531,-33.438767,maxheight,4.3,Autopista Costanera Norte
-71.022524,-33.438777,maxheight,2.5,Caletera Ruta 68
-70.813913,-33.439046,maxheight,4.3,Ruta 68
-70.812737,-33.439219,maxheight,4.3,Autopista Costanera Norte
-70.811886,-33.439343,maxheight,4.3,Ruta 68
-70.659910,-33.439441,maxheight,4.4,Autopista Central
-70.659968,-33.439509,maxheight,4.4,Autopista Central
-70.812247,-33.440063,maxheight,4.3,
-70.807635,-33.440268,maxheight,4.3,Ruta 68
-70.807080,-33.440281,maxheight,4.3,Ruta 68
-70.660345,-33.442076,maxheight,4.4,Autopista Central
-70.654270,-33.444068,maxheight,2,Estacionamiento Saba
-70.567483,-33.444223,maxweight,5,Avenida Tobalaba
-70.645631,-33.444505,maxheight,1.9,Estacionamiento Saba Santa Rosa
-70.565779,-33.445840,maxweight,5,Avenida Tobalaba
-70.564654,-33.446841,maxweight,5,Avenida Tobalaba
-70.666791,-33.446863,maxheight,2.5,
-70.666692,-33.447147,maxheight,2.5,
-70.564168,-33.447226,maxweight,5,Avenida Tobalaba
-70.666641,-33.447299,maxheight,2.5,
-70.563124,-33.448021,maxweight,5,Avenida Tobalaba
-70.571196,-33.448242,maxheight,4.1,
-70.561929,-33.448980,maxweight,5,Avenida Tobalaba
-70.561198,-33.449725,maxweight,5,Avenida Tobalaba
-70.567492,-33.450361,maxweight,3.5,Javiera Carrera Norte
-70.560124,-33.450876,maxweight,5,Avenida Tobalaba
-70.559242,-33.451837,maxweight,5,Avenida Tobalaba
-70.558932,-33.452191,maxweight,5,Avenida Tobalaba
-70.558645,-33.452580,maxweight,5,Avenida Tobalaba
-61.497115,-33.453099,maxheight,4.5,Ruta Nacional 33 Ruta del Desierto Doctor Adolfo Alsina
-70.556058,-33.456327,maxweight,5,Avenida Tobalaba
-70.949312,-33.457786,maxheight,4.3,Ruta 68
-70.582039,-33.458668,maxheight,4,Dublé Almeyda
-70.948840,-33.458810,maxheight,4.3,Ruta 68
-70.582788,-33.460331,maxheight,4,Alcalde Eduardo Castillo Velasco
-70.552715,-33.461181,maxweight,5,Avenida Tobalaba
-70.598801,-33.465401,maxheight,2.8,
-70.551221,-33.466017,maxweight,5,Avenida Tobalaba
-70.552350,-33.469516,maxweight,5,Avenida Tobalaba
-70.655997,-33.470207,maxheight,4.2,Avenida Viel
-70.656301,-33.471461,maxheight,4.2,Autopista Central
-70.553779,-33.471495,maxweight,5,Avenida Tobalaba
-70.655463,-33.471556,maxheight,4.2,Avenida Viel
-70.655338,-33.472471,maxheight,4.2,Autopista Central
-70.654878,-33.472870,maxheight,4.2,Avenida Viel
-70.655494,-33.473021,maxheight,4.2,Avenida Viel
-70.654795,-33.473405,maxheight,4.2,Autopista Central
-70.555162,-33.473459,maxweight,5,Avenida Tobalaba
-70.655364,-33.473684,maxheight,4.2,Autopista Central
-70.654830,-33.475541,maxheight,3.8,
-70.654876,-33.475663,maxheight,3.8,
-70.654444,-33.475707,maxheight,3.8,
-70.753085,-33.483381,maxheight,4.3,Autopista Vespucio Norte
-70.752894,-33.483439,maxheight,4.3,Avenida Américo Vespucio
-70.753396,-33.483533,maxheight,4.3,Avenida Américo Vespucio
-70.753184,-33.483542,maxheight,4.3,Autopista Vespucio Norte
-70.748700,-33.490137,maxheight,4.3,Ruta 78
-70.749064,-33.490316,maxheight,4.3,
-70.749202,-33.490736,maxheight,4.3,Ruta 78
-70.671887,-33.491843,maxheight,3.5,Félix Mendelssohn
-70.672536,-33.493167,maxheight,3.5,Félix Mendelssohn
-58.800578,-33.498827,maxheight,5,Ruta Nacional 14 José Gervasio Artigas
-58.799351,-33.501961,maxheight,5,Ruta Nacional 14 José Gervasio Artigas
-70.695014,-33.502102,maxheight,4.2,Avenida Lo Errázuriz
-70.695058,-33.502184,maxheight,4.2,Avenida Lo Errázuriz
-70.697978,-33.503080,maxheight,4.2,Avenida Lo Errázuriz
-70.656144,-33.503084,maxheight,3.9,Avenida Departamental
-70.655933,-33.503217,maxheight,3.9,Avenida Departamental
-70.698450,-33.503270,maxheight,4.2,Avenida Lo Errázuriz
-70.654960,-33.503542,maxheight,3.9,Avenida Departamental
-70.653820,-33.503761,maxheight,3.9,Avenida Departamental
-70.653872,-33.503833,maxheight,3.9,Avenida Departamental
-70.701507,-33.504751,maxheight,4.2,Avenida Lo Errázuriz
-70.684347,-33.505743,maxheight,4,Avenida Lo Ovalle
-70.684355,-33.505785,maxheight,4,Avenida Lo Ovalle
-70.683909,-33.505838,maxheight,4,Avenida Lo Ovalle
-70.683918,-33.505881,maxheight,4,Avenida Lo Ovalle
-70.606168,-33.512760,maxheight,4.2,Mirador Azul
-70.606139,-33.512839,maxheight,4.2,Mirador Azul
-70.606192,-33.512951,maxheight,4.2,Avenida Vicuña Mackenna Oriente
-70.719524,-33.515282,maxheight,2.7,Camino a Lonquén
-70.598386,-33.515855,maxheight,2.8,San Carlos de Ancud
-70.598779,-33.516203,maxheight,2.8,
-70.707451,-33.518733,maxheight,4.2,Autopista Vespucio Sur
-70.598921,-33.519591,maxheight,2.5,
-70.598361,-33.519961,maxheight,6,Serafín Zamora
-70.704179,-33.520002,maxheight,4.2,Autopista Vespucio Sur
-70.702147,-33.520817,maxheight,4.2,Autopista Vespucio Sur
-70.701410,-33.550224,maxheight,4.2,
-70.701548,-33.550309,maxheight,4.2,
-70.701240,-33.550412,maxheight,4.2,
-70.701385,-33.550501,maxheight,4.2,
-70.701005,-33.550671,maxheight,4.2,
-70.701158,-33.550768,maxheight,4.2,
-70.694838,-33.555924,maxheight,4.5,Ochagavía
-71.569010,-33.559055,maxheight,4.3,Ruta 78
-71.568623,-33.559262,maxheight,4.3,Ruta 78
-70.819393,-33.570467,maxheight,4.4,Avenida San Ignacio
-70.610802,-33.582702,maxheight,5,Autopista Acceso Sur
-70.610595,-33.582900,maxheight,5,Autopista Acceso Sur
-70.698496,-33.584768,maxheight,4.5,Gran Avenida José Miguel Carrera
-70.698607,-33.584925,maxheight,3.8,Gran Avenida José Miguel Carrera
-70.698546,-33.584928,maxheight,3.8,Gran Avenida José Miguel Carrera
-70.698976,-33.585318,maxheight,4.5,Gran Avenida José Miguel Carrera
-70.609901,-33.586627,maxheight,5,Autopista Acceso Sur
-70.607717,-33.593690,maxheight,5,Autopista Acceso Sur
-70.607434,-33.594765,maxheight,5,Autopista Acceso Sur
-70.698967,-33.597232,maxheight,4.5,Avenida San José
-70.697807,-33.597739,maxheight,4.5,Avenida San José
-70.696632,-33.597947,maxheight,4.5,Avenida San José
-70.695488,-33.598453,maxheight,4.5,Avenida San José
-70.849322,-33.604831,maxheight,4.3,Ruta 78
-70.600914,-33.615148,maxheight,5,Autopista Acceso Sur
-70.600703,-33.615391,maxheight,5,Autopista Acceso Sur
-70.599150,-33.619280,maxheight,5,Autopista Acceso Sur
-70.598903,-33.619735,maxheight,5,Autopista Acceso Sur
-71.609654,-33.630021,maxwidth,3.5,Ruta de la Fruta
-71.610547,-33.632257,maxwidth,3.5,Ruta de la Fruta
-71.610764,-33.632922,maxwidth,3.5,Ruta de la Fruta
-70.615081,-33.632985,maxheight,5,Autopista Acceso Sur
-70.615040,-33.633159,maxheight,5,Autopista Acceso Sur
-71.610697,-33.633163,maxwidth,3.5,Ruta de la Fruta
-71.610788,-33.633175,maxwidth,3.5,Ruta de la Fruta
-71.610756,-33.633436,maxwidth,3.5,Ruta de la Fruta
-71.610584,-33.633791,maxwidth,3.5,Ruta de la Fruta
-71.610475,-33.634186,maxwidth,3.5,Ruta de la Fruta
-71.610416,-33.634762,maxwidth,3.5,Ruta de la Fruta
-71.610214,-33.635117,maxwidth,3.5,Ruta de la Fruta
-71.380704,-33.635952,maxheight,4.3,Ruta 78
-71.380842,-33.635976,maxheight,4.3,Ruta 78
-71.610092,-33.636136,maxwidth,3.5,Ruta de la Fruta
-71.609989,-33.636162,maxwidth,3.5,Ruta de la Fruta
-71.610163,-33.636616,maxwidth,3.5,Ruta de la Fruta
-71.610076,-33.636647,maxwidth,3.5,Ruta de la Fruta
-70.660324,-33.648871,maxheight,5,Autopista Acceso Sur
-70.660508,-33.648903,maxheight,5,Autopista Acceso Sur
-65.457257,-33.659266,maxheight,3.1,Túnel Los Arrieros Puntanos
-65.457292,-33.659339,maxweight,10,Avenida Mitre
-65.457469,-33.660032,maxheight,3.1,Túnel Los Arrieros Puntanos
-70.673537,-33.670935,maxheight,5,Autopista Acceso Sur
-70.922408,-33.673015,maxheight,4.3,
-70.675133,-33.673209,maxheight,5,Autopista Acceso Sur
-70.923861,-33.673719,maxheight,4.3,
-70.924596,-33.674012,maxheight,4.3,
-70.686104,-33.686476,maxheight,5,Autopista Acceso Sur
-70.692873,-33.698890,maxheight,5,Autopista Acceso Sur
-61.981011,-33.713728,maxheight,5.2,
-61.981163,-33.713799,maxheight,5.2,
-61.980982,-33.713890,maxheight,5.2,Ruta Nacional 33
-61.981118,-33.713927,maxheight,5.2,
-61.981528,-33.714188,maxheight,5.2,Ruta Nacional 33
-61.982594,-33.714804,maxheight,5.2,Ruta Nacional 33
-61.982574,-33.714857,maxheight,5.2,Ruta Nacional 33
-61.984747,-33.716001,maxheight,5.2,Ruta Nacional 33 Ruta del Desierto Doctor Adolfo Alsina
-70.705388,-33.767548,maxheight,5,Autopista Acceso Sur
-70.705604,-33.769970,maxheight,5,Autopista Acceso Sur
-70.708080,-33.800521,maxheight,5,Autopista Acceso Sur
-70.707892,-33.801497,maxheight,5,Autopista Acceso Sur
-70.751679,-33.840435,maxwidth,3.15,Caletera Ruta 5 Sur
-58.417582,-33.876602,maxheight,2.8,12
-58.418196,-33.878326,maxheight,2.8,
-61.689197,-33.886872,maxheight,2.4,
-60.577896,-33.887122,maxweight,8,Boulevard Alsina
-60.577277,-33.887335,maxweight,8,Boulevard Alsina
-60.578655,-33.887398,maxweight,8,Boulevard Colón
-60.576765,-33.887507,maxweight,8,Boulevard Alsina
-60.576251,-33.887679,maxweight,8,Boulevard Alsina
-60.575761,-33.887844,maxweight,8,Boulevard Alsina
-61.691108,-33.887864,maxheight,2.4,
-60.578905,-33.887919,maxweight,8,Boulevard Colón
-60.575190,-33.888037,maxweight,8,Boulevard Alsina
-60.574679,-33.888207,maxweight,8,Boulevard Alsina
-60.579080,-33.888279,maxweight,8,Boulevard Colón
-60.574161,-33.888378,maxweight,8,Boulevard Alsina
-60.573660,-33.888547,maxweight,8,Boulevard Alsina
-60.579248,-33.888627,maxweight,8,Boulevard Colón
-60.573134,-33.888724,maxweight,8,Boulevard Alsina
-60.572632,-33.888896,maxweight,8,Boulevard Alsina
-60.579428,-33.889015,maxweight,8,Boulevard Colón
-60.572197,-33.889047,maxweight,8,Boulevard Alsina
-60.572034,-33.889088,maxweight,8,Boulevard Alsina
-60.571911,-33.889113,maxweight,8,Boulevard Alsina
-60.571562,-33.889229,maxweight,8,Boulevard Alsina
-60.571697,-33.889232,maxweight,8,Boulevard Alsina
-60.571032,-33.889406,maxweight,8,Boulevard Alsina
-60.571058,-33.889462,maxweight,8,Boulevard Alsina
-60.570532,-33.889556,maxweight,8,Boulevard Alsina
-60.570566,-33.889627,maxweight,8,Boulevard Alsina
-60.570226,-33.889641,maxweight,8,Boulevard Alsina
-60.570266,-33.889726,maxweight,8,Boulevard Alsina
-60.569868,-33.889791,maxweight,8,Boulevard Alsina
-60.579837,-33.889887,maxweight,8,Boulevard Colón
-60.569429,-33.889970,maxweight,8,Boulevard Alsina
-60.568934,-33.890136,maxweight,8,Boulevard Alsina
-60.568455,-33.890295,maxweight,8,Boulevard Alsina
-60.568073,-33.890423,maxweight,8,Boulevard Alsina
-60.567721,-33.890542,maxweight,8,Boulevard Alsina
-60.579456,-33.890630,maxweight,8,Avenida de Mayo
-60.567087,-33.890755,maxweight,8,Boulevard Alsina
-60.572806,-33.890859,maxweight,8,Merced
-60.580303,-33.890866,maxweight,8,Boulevard Colón
-60.578252,-33.891045,maxweight,8,Avenida de Mayo
-60.565956,-33.891138,maxweight,8,Boulevard Alsina
-60.577646,-33.891259,maxweight,8,Avenida de Mayo
-60.577142,-33.891427,maxweight,8,Avenida de Mayo
-60.564781,-33.891533,maxweight,8,Boulevard Alsina
-60.580697,-33.891683,maxweight,8,Boulevard Colón
-60.564130,-33.891751,maxweight,8,Boulevard Alsina
-60.576132,-33.891759,maxweight,8,Avenida de Mayo
-60.580883,-33.892067,maxweight,8,Boulevard Colón
-60.575097,-33.892099,maxweight,8,Avenida de Mayo
-60.564247,-33.892203,maxweight,8,Boulevard Rocha
-60.574344,-33.892350,maxweight,8,Avenida de Mayo
-60.581050,-33.892413,maxweight,8,Boulevard Colón
-60.573815,-33.892530,maxweight,8,Avenida de Mayo
-60.564459,-33.892654,maxweight,8,Boulevard Rocha
-60.581229,-33.892784,maxweight,8,Boulevard Colón
-60.572952,-33.892823,maxweight,8,Avenida de Mayo
-60.564637,-33.893033,maxweight,8,Boulevard Rocha
-60.571802,-33.893206,maxweight,8,Avenida de Mayo
-60.564824,-33.893430,maxweight,8,Boulevard Rocha
-61.699854,-33.893524,maxheight,2.4,
-60.570697,-33.893571,maxweight,8,Avenida de Mayo
-61.699721,-33.893575,maxheight,2.4,
-60.581646,-33.893650,maxweight,8,Boulevard Colón
-60.556473,-33.893780,maxheight,3.5,Nuestra Señora de Itatí
-60.565009,-33.893820,maxweight,8,Boulevard Rocha
-60.569708,-33.893895,maxweight,8,Avenida de Mayo
-60.581813,-33.894009,maxweight,8,Boulevard Colón
-60.568769,-33.894200,maxweight,8,Avenida de Mayo
-60.565211,-33.894245,maxweight,8,Boulevard Rocha
-61.699148,-33.894313,maxheight,2.4,
-60.567612,-33.894584,maxweight,8,Avenida de Mayo
-61.697662,-33.894589,maxheight,2.4,
-60.582164,-33.894747,maxweight,8,Boulevard Colón
-60.565461,-33.894775,maxweight,8,Boulevard Rocha
-60.574509,-33.894893,maxweight,8,Merced
-60.566314,-33.895015,maxweight,8,Pasaje Papa Francisco
-60.582556,-33.895554,maxweight,8,Boulevard Colón
-60.565876,-33.895640,maxweight,8,Boulevard Rocha
-60.582761,-33.895976,maxweight,8,Boulevard Colón
-60.566094,-33.896090,maxweight,8,Boulevard Rocha
-60.582962,-33.896391,maxweight,8,Boulevard Colón
-60.566282,-33.896482,maxweight,8,Boulevard Rocha
-60.566485,-33.896903,maxweight,8,Boulevard Rocha
-60.583301,-33.897088,maxweight,8,Boulevard Colón
-60.566677,-33.897297,maxweight,8,Boulevard Rocha
-60.575620,-33.897438,maxweight,8,Merced
-60.583483,-33.897463,maxweight,8,Boulevard Colón
-60.583700,-33.897908,maxweight,8,Boulevard Colón
-60.567012,-33.897990,maxweight,8,Boulevard Rocha
-60.567201,-33.898381,maxweight,8,Boulevard Rocha
-60.583985,-33.898496,maxweight,8,Boulevard Colón
-60.576210,-33.898531,maxweight,8,Merced
-60.567403,-33.898799,maxweight,8,Boulevard Rocha
-60.584173,-33.898882,maxweight,8,Boulevard Colón
-60.584456,-33.899465,maxweight,8,Boulevard Colón
-60.567759,-33.899533,maxweight,8,Boulevard Rocha
-60.576922,-33.899837,maxweight,8,Merced
-60.567949,-33.899924,maxweight,8,Boulevard Rocha
-60.568079,-33.900190,maxweight,8,Boulevard Rocha
-60.584809,-33.900221,maxweight,8,Boulevard Colón
-60.568271,-33.900582,maxweight,8,Boulevard Rocha
-60.585005,-33.900656,maxweight,8,Boulevard Colón
-60.585068,-33.900792,maxweight,8,Boulevard Colón
-60.583533,-33.900923,maxweight,8,Intendente Biscayart
-60.568455,-33.900961,maxweight,8,Boulevard Rocha
-60.577704,-33.901271,maxweight,8,Merced
-60.568645,-33.901349,maxweight,8,Boulevard Rocha
-60.580465,-33.901661,maxweight,8,Intendente Biscayart
-60.568830,-33.901727,maxweight,8,Boulevard Rocha
-60.569019,-33.902118,maxweight,8,Boulevard Rocha
-60.578526,-33.902136,maxweight,8,Intendente Biscayart
-60.578242,-33.902260,maxweight,8,Merced
-60.569299,-33.902705,maxweight,8,Boulevard Rocha
-60.538828,-33.903011,maxheight,2.8,Acceso Miguel Cané
-60.574105,-33.903165,maxweight,8,Intendente Biscayart
-60.569738,-33.903605,maxweight,8,Boulevard Rocha
-60.570028,-33.904178,maxweight,8,Boulevard Rocha
-60.570079,-33.904268,maxweight,8,Boulevard Rocha
-60.538690,-33.905496,maxheight,2.8,Acceso Miguel Cané
-60.538442,-33.909860,maxheight,2.8,Acceso Miguel Cané
-60.465988,-33.913703,maxweight,45,Ex-Ruta Nacional 8
-70.701010,-33.988789,maxheight,4.5,Ruta 5 Sur
-70.701180,-33.988838,maxheight,4.5,Ruta 5 Sur
-55.841709,-4.052785,maxweight,20,Estrada de Barreiras
-60.680103,-4.080457,maxweight,23,Rodovia Manaus–Porto Velho
-60.744229,-4.131397,maxweight,23,Rodovia Manaus–Porto Velho
-60.807429,-4.182139,maxweight,23,Ponte Sobre o Rio Tupana
-60.808259,-4.184180,maxweight,23,Rodovia Manaus–Porto Velho
-44.780645,-4.243638,maxheight,4.5,Travessa Arthur da Costa e Silva
-38.949807,-4.252829,maxheight,6,
-56.032644,-4.253472,maxweight,23,Estrada Transamazônica
-56.032879,-4.253715,maxweight,23,Estrada Transamazônica
-56.039742,-4.259773,maxweight,23,Estrada Transamazônica
-55.990634,-4.265061,maxwidth,2,Rua João Lourenço Paxiúba
-55.984431,-4.272389,maxheight,3.5,Avenida Belém
-56.057881,-4.275572,maxweight,23,Estrada Transamazônica
-56.069311,-4.285428,maxweight,23,Estrada Transamazônica
-56.084160,-4.295476,maxweight,23,Estrada Transamazônica
-56.098768,-4.305603,maxweight,23,Estrada Transamazônica
-60.913621,-4.308223,maxweight,23,Rodovia Manaus–Porto Velho
-56.194082,-4.371850,maxweight,23,Estrada Transamazônica
-61.019177,-4.431503,maxweight,23,Rodovia Manaus–Porto Velho
-56.285395,-4.453729,maxweight,23,Estrada Transamazônica
-43.886366,-4.455066,maxheight,2.5,Avenida Maranhão
-56.283980,-4.469686,maxweight,23,Estrada Transamazônica
-56.281299,-4.488939,maxweight,23,Estrada Transamazônica
-61.100164,-4.494995,maxweight,23,Estrada Manaus–Porto Velho
-56.290330,-4.508077,maxweight,23,Estrada Transamazônica
-61.180543,-4.558041,maxweight,23,Estrada Manaus–Porto Velho
-56.339719,-4.567441,maxweight,23,Estrada Transamazônica
-56.389100,-4.624708,maxweight,23,Ponte Sobre o Igarapé Mambuaí
-61.236466,-4.634709,maxweight,23,Estrada Manaus–Porto Velho
-56.510695,-4.662849,maxweight,23,Estrada Transamazônica
-56.632341,-4.663723,maxweight,23,Estrada Transamazônica
-56.687176,-4.692112,maxweight,23,Estrada Transamazônica
-56.740789,-4.720521,maxweight,23,Estrada Transamazônica
-61.353580,-4.781097,maxweight,23,Estrada Manaus–Porto Velho
-56.798079,-4.803908,maxweight,23,Estrada Transamazônica
-38.782814,-4.822845,maxwidth,2,
-38.783079,-4.823292,maxwidth,2,
-61.414274,-4.849746,maxweight,23,Estrada Manaus–Porto Velho
-61.433667,-4.873623,maxweight,23,Estrada Manaus–Porto Velho
-56.855857,-4.887269,maxweight,23,Estrada Transamazônica
-61.459935,-4.900793,maxweight,23,Estrada Manaus–Porto Velho
-61.467138,-4.904300,maxweight,23,Estrada Manaus–Porto Velho
-42.863126,-4.906519,maxheight,5,Via Rural Santa Helena
-56.864057,-4.909985,maxweight,23,Estrada Transamazônica
-42.865059,-4.911669,maxheight,5,Via Rural Santa Helena
-42.863632,-4.912347,maxheight,5,
-56.865291,-4.932811,maxweight,23,Ponte Sobre o Igarapé Montanha
-61.513972,-4.936840,maxweight,23,Estrada Manaus–Porto Velho
-56.901491,-4.960778,maxweight,23,Estrada Transamazônica
-56.937806,-4.988774,maxweight,23,Ponte Sobre o Igarapé Jutaí
-42.832529,-4.992563,maxheight,7,Rua Violoncelista Caio Michel
-42.833416,-4.992835,maxweight,2.5,
-42.830238,-4.994491,maxweight,4500,Rua Imdustrial José Lapa
-42.830390,-4.996006,maxweight,4500,Rua Marlene Damasceno
-42.829613,-4.996230,maxweight,4500,Rua Indusrrial José Lapa
-42.830236,-4.996477,maxweight,4500,Rua Eutique Alves
-42.830866,-4.996701,maxweight,4500,Rua Sérgio Luís do Nascimento
-42.831269,-4.996839,maxheight,7,Rua Dezoito
-42.830074,-4.996953,maxweight,4500,Rua Domingas Alves
-42.831685,-4.996983,maxheight,7,Rua Sete
-61.593231,-4.999174,maxweight,23,Estrada Manaus–Porto Velho
-61.664533,-5.064429,maxweight,23,Estrada Manaus–Porto Velho
-42.795213,-5.082508,maxheight,4.5,Ponte Juscelino Kubitschek
-42.795163,-5.082636,maxheight,4.5,Ponte Juscelino Kubitschek
-42.795134,-5.082686,maxheight,4.5,Ponte Juscelino Kubitschek
-56.991507,-5.092763,maxweight,23,Estrada Transamazônica
-42.789102,-5.094858,maxheight,5,Avenida Marechal Castelo Branco
-61.703271,-5.099867,maxweight,23,Estrada Manaus–Porto Velho
-61.742603,-5.132932,maxweight,23,Estrada Manaus–Porto Velho
-42.787836,-5.143291,maxheight,3.5,Avenida Marechal Juarez Távora
-61.781973,-5.165963,maxweight,23,Ponte Sobre o Igarapé Milagre
-40.699065,-5.178854,maxwidth,1,
-40.699428,-5.179215,maxwidth,1,
-40.698955,-5.180221,maxwidth,1,
-61.809089,-5.182973,maxweight,23,Estrada Manaus–Porto Velho
-40.698508,-5.188580,maxwidth,1,
-40.698844,-5.188588,maxwidth,1,
-40.698347,-5.191029,maxwidth,1,
-40.698707,-5.191069,maxwidth,1,
-40.698589,-5.192750,maxwidth,1,
-57.045222,-5.196608,maxweight,23,Estrada Transamazônica
-61.882816,-5.241195,maxweight,23,Estrada Manaus–Porto Velho
-57.095499,-5.274780,maxweight,23,Estrada Transamazônica
-61.929603,-5.282518,maxweight,23,Estrada Manaus–Porto Velho
-61.950709,-5.294507,maxweight,23,Estrada Manaus–Porto Velho
-61.971842,-5.306466,maxweight,23,Estrada Manaus–Porto Velho
-61.986099,-5.311960,maxweight,23,Estrada Manaus–Porto Velho
-62.000439,-5.317483,maxweight,23,Ponte Sobre o Rio Novo
-62.012019,-5.327496,maxweight,23,Estrada Manaus–Porto Velho
-62.023446,-5.337480,maxweight,23,Ponte Sobre o Igarapé Rio de Janeiro
-62.025223,-5.339943,maxweight,23,Estrada Manaus–Porto Velho
-62.027004,-5.342411,maxweight,23,Ponte Sobre o Igarapé São Paulo
-62.031296,-5.348229,maxweight,23,Estrada Manaus–Porto Velho
-62.036233,-5.354936,maxweight,23,Estrada Manaus–Porto Velho
-62.036930,-5.355897,maxweight,23,Estrada Manaus–Porto Velho
-57.137001,-5.358015,maxweight,23,Estrada Transamazônica
-57.138066,-5.363079,maxweight,23,Ponte Sobre o Igarapé da Missão
-62.060909,-5.389713,maxweight,23,Estrada Manaus–Porto Velho
-57.170509,-5.421113,maxweight,23,Estrada Transamazônica
-62.084885,-5.423532,maxweight,23,Ponte Sobre o Igarapé Maranhão
-62.086243,-5.426297,maxweight,23,Estrada Manaus–Porto Velho
-62.087598,-5.429065,maxweight,23,Estrada Manaus–Porto Velho
-62.091598,-5.437066,maxweight,23,Estrada Manaus–Porto Velho
-62.095701,-5.445270,maxweight,23,Estrada Manaus–Porto Velho
-62.098735,-5.451683,maxweight,23,Rodovia Álvaro Maia
-62.101807,-5.458181,maxweight,23,Ponte Sobre o Igarapé Jutaí
-57.202966,-5.479010,maxweight,23,Estrada Transamazônica
-62.112741,-5.480837,maxweight,23,Rodovia Álvaro Maia
-57.203542,-5.481470,maxweight,23,Estrada Transamazônica
-57.203998,-5.483961,maxweight,23,Estrada Transamazônica
-57.221144,-5.498218,maxweight,23,Estrada Transamazônica
-62.123537,-5.503205,maxweight,23,Ponte Sobre o Igarapé Ceará
-62.129939,-5.512364,maxweight,23,Rodovia Álvaro Maia
-57.236426,-5.512558,maxweight,23,Estrada Transamazônica
-62.136406,-5.521584,maxweight,23,Ponte Sobre o Igarapé Goiabal
-57.272477,-5.550058,maxweight,23,Estrada Transamazônica
-62.167283,-5.566261,maxweight,23,Rodovia Álvaro Maia
-57.310197,-5.587459,maxweight,23,Ponte Sobre o Igarapé Coatá Pequeno
-57.335160,-5.603726,maxweight,23,Estrada Transamazônica
-62.198150,-5.610953,maxweight,23,Estrada Manaus–Porto Velho
-57.360156,-5.620053,maxweight,23,Ponte Sobre o Igarapé Coatá Grande
-57.484802,-5.691994,maxweight,23,Estrada Transamazônica
-62.254852,-5.699588,maxweight,23,Estrada Manaus–Porto Velho
-35.212821,-5.745743,maxheight,5.5,Rua Conselheiro Tristão
-35.196567,-5.767710,maxheight,5.5,Rua Professor José Melquíades
-35.196276,-5.768089,maxheight,5.5,Viaduto de Santos Reis
-35.196462,-5.768320,maxheight,5.5,Rua Professor José Melquíades
-57.608252,-5.776158,maxweight,23,Estrada Transamazônica
-62.311521,-5.788175,maxweight,23,Estrada Manaus–Porto Velho
-62.321860,-5.802777,maxweight,23,Estrada Manaus–Porto Velho
-62.332238,-5.817405,maxweight,23,Ponte Sobre o Igarapé Caetano
-57.637246,-5.820226,maxweight,23,Estrada Transamazônica
-62.337990,-5.823495,maxweight,23,Estrada Manaus–Porto Velho
-62.343688,-5.829530,maxweight,23,Ponte Sobre o Igarapé Veloso
-35.213279,-5.858578,maxheight,5.5,
-35.213335,-5.858694,maxheight,5.5,
-62.372141,-5.859920,maxweight,23,Estrada Manaus–Porto Velho
-35.214842,-5.861951,maxheight,4,Avenida das Alagoas
-57.666332,-5.864314,maxweight,23,Ponte Sobre o Igarapé do Pinto
-57.679587,-5.884819,maxweight,23,Estrada Transamazônica
-38.620744,-5.885653,maxheight,4,
-38.620968,-5.887348,maxheight,3,
-62.400599,-5.890308,maxweight,23,Ponte Sobre o Igarapé do Chico
-57.692744,-5.905398,maxweight,23,Estrada Transamazônica
-57.736037,-5.970831,maxweight,23,Estrada Transamazônica
-62.489602,-5.999347,maxweight,23,Rodovia Álvaro Maia
-57.779349,-6.036141,maxweight,23,Estrada Transamazônica
-57.782603,-6.044142,maxweight,23,Estrada Transamazônica
-57.785315,-6.052182,maxweight,23,Estrada Transamazônica
-57.787236,-6.070288,maxweight,23,Estrada Transamazônica
-35.235872,-6.071806,maxheight,5.5,Rodovia Governador Mário Covas
-35.235920,-6.071905,maxheight,5.5,Rodovia Governador Mário Covas
-57.785680,-6.088456,maxweight,23,Estrada Transamazônica
-62.578602,-6.108386,maxweight,23,Estrada Manaus–Porto Velho
-57.806302,-6.151473,maxweight,23,Estrada Transamazônica
-57.826923,-6.214364,maxweight,23,Estrada Transamazônica
-57.827462,-6.215715,maxweight,23,Estrada Transamazônica
-57.829245,-6.217668,maxweight,23,Estrada Transamazônica
-62.693427,-6.239651,maxweight,23,Rodovia Álvaro Maia
-57.887805,-6.257881,maxweight,23,Estrada Transamazônica
-35.211430,-6.262360,maxheight,5.5,Rodovia Governador Mário Covas
-35.211544,-6.262401,maxheight,5.5,Rodovia Governador Mário Covas
-57.945283,-6.296870,maxweight,23,Estrada Transamazônica
-57.969933,-6.305730,maxweight,23,Estrada Transamazônica
-57.994748,-6.314667,maxweight,23,Estrada Transamazônica
-57.995376,-6.314941,maxweight,23,Ponte Sobre o Igarapé Muiuçu
-35.158803,-6.360218,maxheight,5.5,Rodovia Governador Mário Covas
-35.158906,-6.360274,maxheight,5.5,Rodovia Governador Mário Covas
-58.117849,-6.368065,maxweight,23,Estrada Transamazônica
-62.808366,-6.371017,maxweight,23,Estrada Manaus–Porto Velho
-58.240201,-6.421146,maxweight,23,Estrada Transamazônica
-58.336831,-6.462580,maxweight,23,Estrada Transamazônica
-58.433410,-6.508886,maxweight,23,Estrada Transamazônica
-58.488967,-6.521848,maxweight,23,Estrada Transamazônica
-58.544564,-6.534809,maxweight,23,Estrada Transamazônica
-58.572409,-6.558607,maxweight,23,Estrada Transamazônica
-58.600344,-6.582599,maxweight,23,Ponte Sobre o Igarapé Água Branca
-62.924448,-6.600604,maxweight,23,Rodovia Álvaro Maia
-35.049498,-6.602805,maxweight,3,Rua Pedro de Menezes Lyra
-58.699565,-6.630556,maxweight,23,Estrada Transamazônica
-58.798649,-6.678312,maxweight,23,Estrada Transamazônica
-58.830066,-6.688236,maxweight,23,Estrada Transamazônica
-58.861530,-6.698147,maxweight,23,Ponte Sobre o Rio Abacaxi
-58.951773,-6.746163,maxweight,23,Estrada Transamazônica
-59.083012,-6.806282,maxweight,23,Estrada Transamazônica
-63.040486,-6.830219,maxweight,23,Estrada Manaus–Porto Velho
-63.045009,-6.837076,maxweight,23,Estrada Manaus–Porto Velho
-35.135134,-6.848803,maxheight,5.5,PB-041
-35.135250,-6.848816,maxheight,5.5,Rodovia Governador Mário Covas
-35.135352,-6.848824,maxheight,5.5,Rodovia Governador Mário Covas
-63.054025,-6.851773,maxweight,23,Estrada Manaus–Porto Velho
-63.058662,-6.859947,maxweight,23,Estrada Manaus–Porto Velho
-59.226231,-6.874316,maxweight,23,Estrada Transamazônica
-63.074094,-6.908642,maxweight,23,Estrada Manaus–Porto Velho
-59.329217,-6.933424,maxweight,23,Estrada Transamazônica
-63.089488,-6.957205,maxweight,23,Estrada Manaus–Porto Velho
-63.094124,-6.971558,maxweight,23,Estrada Manaus–Porto Velho
-63.098788,-6.986116,maxweight,23,Estrada Manaus–Porto Velho
-59.486632,-7.010778,maxweight,23,Estrada Transamazônica
-37.277069,-7.020967,maxheight,2,
-63.104453,-7.035530,maxweight,23,Estrada Manaus–Porto Velho
-63.110069,-7.084864,maxweight,23,Estrada Manaus–Porto Velho
-59.644097,-7.087786,maxweight,23,Estrada Transamazônica
-59.667560,-7.095509,maxweight,23,Estrada Transamazônica
-34.847642,-7.098082,maxheight,5.2,Avenida Governador Flávio Ribeiro Coutinho
-59.691399,-7.103497,maxweight,23,Ponte Sobre o Rio Acari
-59.711133,-7.104925,maxweight,23,Estrada Transamazônica
-59.701426,-7.105124,maxweight,23,Estrada Transamazônica
-34.845148,-7.122141,maxheight,5.4,Rodovia Governador Antônio Mariz
-34.958314,-7.132044,maxheight,5.9,Rodovia Governador Antônio Mariz
-34.853842,-7.136837,maxheight,5.4,Avenida Dom Pedro II
-59.774318,-7.139390,maxweight,23,Estrada Transamazônica
-59.855659,-7.181142,maxweight,23,Rodovia Transamazônica
-59.877188,-7.189931,maxweight,23,Rua Mário Andreazza
-59.880467,-7.191312,maxweight,23,Avenida Mário Andreazza
-59.880436,-7.191357,maxweight,23,Rua Mário Andreazza
-59.880970,-7.191567,maxweight,23,Avenida Mário Andreazza
-59.883139,-7.192928,maxweight,23,Avenida Mário Andreazza
-59.886514,-7.195885,maxweight,23,Avenida Mário Andreazza
-59.888038,-7.196433,maxweight,23,Avenida Mário Andreazza
-59.891874,-7.199596,maxweight,23,Avenida Mário Andreazza
-59.893572,-7.201450,maxweight,23,Avenida Mário Andreazza
-59.894929,-7.202934,maxweight,23,Avenida Mário Andreazza
-59.898055,-7.206206,maxweight,23,Avenida Mário Andreazza
-59.922190,-7.212073,maxweight,23,Ponte Sobre o Rio Preto
-59.911736,-7.213031,maxweight,23,Estrada Transamazônica
-63.152069,-7.222402,maxweight,23,Rodovia  Manaus–Porto Velho
-59.951774,-7.222628,maxweight,23,Estrada Transamazônica
-39.333072,-7.226149,maxheight,6,Avenida Padre Cícero
-39.333450,-7.226513,maxheight,6,Avenida Padre Cícero
-39.347665,-7.227318,maxheight,6,Avenida Padre Cícero
-39.347658,-7.227428,maxheight,6,Avenida Padre Cícero
-59.981559,-7.231161,maxweight,23,Estrada Transamazônica
-60.019138,-7.254822,maxweight,23,Estrada Transamazônica
-60.056750,-7.278794,maxweight,23,Ponte Sobre o Rio Juma
-35.448263,-7.318816,maxheight,5,PB-066;BR-408
-39.270986,-7.341677,maxwidth,4,
-60.280944,-7.371890,maxweight,23,Estrada Transamazônica
-63.199394,-7.373975,maxweight,23,Rodovia  Manaus–Porto Velho
-35.101146,-7.398992,maxheight,6,Rua Prefeitor Doutor Francisco Cordeiro da Silva
-60.505266,-7.463633,maxweight,23,Ponte Sobre o Rio Jatuarana
-63.237181,-7.475540,maxweight,23,Rodovia  Manaus–Porto Velho
-63.001181,-7.486927,maxweight,23,Estrada Transamazônica
-62.966562,-7.487558,maxweight,23,Estrada Transamazônica
-62.989586,-7.487865,maxweight,23,Estrada Transamazônica
-62.978029,-7.488011,maxweight,23,Estrada Transamazônica
-60.577337,-7.492678,maxweight,23,Estrada Transamazônica
-60.649262,-7.517606,maxweight,23,Estrada Transamazônica
-60.659905,-7.520700,maxweight,23,Estrada Transamazônica
-62.916140,-7.521984,maxweight,23,Estrada Transamazônica
-62.865758,-7.557392,maxweight,23,Estrada Transamazônica
-63.269435,-7.563680,maxweight,23,BR-319;BR-230
-62.805950,-7.574929,maxweight,23,Estrada Transamazônica
-60.751142,-7.581593,maxweight,23,Estrada Transamazônica
-62.746059,-7.592477,maxweight,23,Estrada Transamazônica
-62.714400,-7.606258,maxweight,23,Estrada Transamazônica
-34.973825,-7.613007,maxheight,5.5,Rodovia Governador Mário Covas
-34.973932,-7.613071,maxheight,5.5,Rodovia Governador Mário Covas
-62.682868,-7.620027,maxweight,23,Estrada Transamazônica
-62.672988,-7.626025,maxweight,23,Estrada Transamazônica
-34.965580,-7.627431,maxheight,5.5,Pista Auxiliar
-34.965771,-7.627506,maxheight,5.5,Rodovia Governador Mário Covas
-34.965897,-7.627564,maxheight,5.5,Rodovia Governador Mário Covas
-34.965997,-7.627742,maxheight,5.5,Pista Auxiliar
-62.662926,-7.632102,maxweight,23,Ponte Sobre o Rio Maicimirim
-60.830520,-7.642151,maxweight,23,Estrada Transamazônica
-60.891918,-7.664470,maxweight,23,Estrada Transamazônica
-62.578520,-7.682314,maxweight,23,Estrada Transamazônica
-60.953365,-7.686398,maxweight,23,Estrada Transamazônica
-61.062596,-7.731632,maxweight,23,Estrada Transamazônica
-62.494108,-7.732494,maxweight,23,Estrada Transamazônica
-44.238264,-7.746180,maxheight,5.5,
-62.419390,-7.769825,maxweight,23,Estrada Transamazônica
-61.171792,-7.777631,maxweight,23,Estrada Transamazônica
-62.344592,-7.807307,maxweight,23,Ponte Sobre o Rio Maici
-61.255713,-7.816786,maxweight,23,Estrada Transamazônica
-62.320677,-7.821040,maxweight,23,Estrada Transamazônica
-62.296774,-7.834546,maxweight,23,Estrada Transamazônica
-61.339755,-7.855929,maxweight,23,Ponte Sobre o Rio Manicoré
-61.365785,-7.862318,maxweight,23,Estrada Transamazônica
-61.391702,-7.868692,maxweight,23,Estrada Transamazônica
-61.468320,-7.890841,maxweight,23,Estrada Transamazônica
-62.173472,-7.896778,maxweight,23,Estrada Transamazônica
-61.562845,-7.922587,maxweight,23,Estrada Transamazônica
-61.584007,-7.933291,maxweight,23,Estrada Transamazônica
-35.412804,-7.951509,maxwidth,2,Rua da Semente
-61.628453,-7.952143,maxweight,23,Estrada Transamazônica
-62.050171,-7.959250,maxweight,23,Ponte Sobre o Rio dos Marmelos
-61.669989,-7.970274,maxweight,23,Ponte Sobre o Igarapé Branco
-61.725519,-7.988848,maxweight,23,Estrada Transamazônica
-61.915326,-7.995133,maxweight,23,Estrada Transamazônica
-34.976805,-8.015277,maxheight,2.4,
-35.006068,-8.019748,maxheight,10,
-35.005965,-8.019837,maxheight,10,
-35.005864,-8.019923,maxheight,10,
-35.005988,-8.019990,maxheight,10,
-35.005766,-8.020007,maxheight,10,
-35.005673,-8.020087,maxheight,10,
-34.910128,-8.021125,maxheight,1.9,Rua da Macaíba
-34.910574,-8.021471,maxheight,1.9,Rua da Macaíba
-34.911141,-8.021821,maxheight,1.9,Rua da Macaíba
-34.911480,-8.021913,maxheight,1.9,Rua da Macaíba
-34.902623,-8.031174,maxheight,2.15,
-34.942304,-8.032201,maxheight,5.5,Avenida Professor Joaquim Cavalcanti
-34.942195,-8.032205,maxheight,5.5,Avenida Professor Joaquim Cavalcanti
-34.909326,-8.040104,maxheight,2.4,
-34.910379,-8.040536,maxheight,2.4,
-34.909289,-8.040840,maxheight,2.4,
-34.910029,-8.041170,maxheight,2.4,
-48.466050,-8.041523,maxheight,5,BR-153
-48.466062,-8.042092,maxheight,5,BR-153
-48.466157,-8.042092,maxheight,5,BR-153
-34.885362,-8.061389,maxheight,2,
-35.003012,-8.066482,maxweight,8,Rua Rivaldo Ferreira
-34.905263,-8.078432,maxheight,3.5,Rua Nicolau Pereira
-35.039032,-8.094472,maxheight,4.2,
-34.913798,-8.114268,maxheight,2.3,
-34.902983,-8.118282,maxheight,2.4,
-34.907160,-8.119453,maxheight,1.9,
-34.907054,-8.119576,maxheight,1.9,
-34.906620,-8.119730,maxheight,1.9,
-34.906679,-8.119888,maxheight,1.9,
-34.927001,-8.161347,maxheight,5.4,Avenida Barreto de Menezes
-44.284376,-8.183840,maxheight,5.5,
-35.007602,-8.362177,maxheight,5.5,
-35.011716,-8.402412,maxheight,5.5,Rodovia PE-009
-44.550438,-8.688146,maxheight,5.5,
-35.090976,-8.729488,maxheight,2.1,
-63.872721,-8.736507,maxheight,5.5,Avenida dos Imigrantes
-63.873548,-8.738570,maxheight,5.5,Rua Chico Reis
-63.870227,-8.738696,maxheight,5.5,Estrada da Penal
-63.873572,-8.738935,maxheight,5.5,Rua Francisco Hotero
-63.865769,-8.739916,maxheight,5.5,Avenida Guaporé
-63.876133,-8.741159,maxheight,5.5,Estrada da Penal
-63.878265,-8.742226,maxheight,5.5,Estrada da Penal
-63.878234,-8.742275,maxheight,5.5,Estrada da Penal
-63.886206,-8.774278,maxheight,4,Acesso Rio de Janeiro
-63.897013,-8.784894,maxheight,6,
-42.939967,-9.047976,maxheight,1.8,
-36.227243,-9.168670,maxheight,4.5,Estrada Alto do Carvalho
-44.836562,-9.282317,maxheight,5.5,
-40.505452,-9.409498,maxheight,2.2,Rua Osvaldo Cruz
-40.505269,-9.409517,maxheight,2.2,Rua Osvaldo Cruz
-40.505227,-9.409550,maxheight,2.2,Rua Osvaldo Cruz
-40.505096,-9.409626,maxheight,2.2,Rua Osvaldo Cruz
-40.505198,-9.409704,maxweight,48.5,Ponte Presidente Dutra
-40.505674,-9.410395,maxheight,4.5,Rua Barão do Rio Branco
-40.505505,-9.410431,maxheight,4.5,Rua Barão do Rio Branco
-40.504463,-9.410667,maxheight,4.5,Praça Barão do Rio Branco
-40.505876,-9.411381,maxheight,4.5,
-40.505719,-9.411399,maxheight,4.5,
-40.505522,-9.411426,maxheight,4.5,
-40.506404,-9.415058,maxheight,2.5,
-40.506037,-9.415147,maxheight,2.5,
-40.507347,-9.420635,maxheight,2.5,
-45.575911,-9.513359,maxweight,3,
-45.678756,-9.546117,maxweight,3,
-45.602294,-9.634892,maxweight,5,PI-254
-51.081512,0.003851,maxheight,4.5,Avenida Aurora Boreau
-60.744614,2.748084,maxheight,6,
-60.744607,2.748260,maxheight,6,
-59.317521,3.871888,maxweight,2,
-73.765382,4.049498,maxweight,52,Vía Villavicencio - Acacías
-73.659499,4.100120,maxheight,5.5,Avenida Carrera 48
-73.658628,4.101676,maxheight,5.5,Avenida Carrera 48
-73.615368,4.119790,maxheight,4.5,
-73.615600,4.120830,maxheight,4.5,
-73.646487,4.122709,maxheight,5.5,
-73.756154,4.195323,maxheight,4.5,
-73.756162,4.195352,maxheight,4.5,
-73.774845,4.198991,maxheight,4.5,
-73.873949,4.332977,maxheight,4.5,
-52.456655,4.792969,maxweight,3.5,Pont des Cascades
-52.332742,4.854834,maxheight,4,
-52.529178,4.877070,maxweight,30,Route du Galion
-52.336370,4.883428,maxheight,4.8,
-52.278551,4.890156,maxweight,3.5,Rue des Frères Farlot
-52.333593,4.891426,maxheight,4.7,
-52.333348,4.891539,maxheight,4.7,
-52.289992,4.892141,maxheight,5,
-52.289954,4.892174,maxheight,5,
-52.289790,4.892316,maxheight,5,
-52.331832,4.893030,maxheight,4.8,
-52.324039,4.903049,maxheight,4.2,
-52.324526,4.903295,maxheight,4,
-52.321038,4.904729,maxheight,3.6,
-52.320910,4.904834,maxheight,3.6,
-52.320866,4.904925,maxheight,2.3,
-52.321194,4.905111,maxheight,2.2,
-52.321014,4.905140,maxheight,2.2,
-52.321325,4.905170,maxheight,2.2,6
-52.321459,4.905234,maxheight,2.2,7
-52.321601,4.905283,maxheight,2.2,
-52.321745,4.905328,maxheight,2.2,
-52.321896,4.905359,maxheight,2.2,
-52.322056,4.905373,maxheight,2.2,
-52.322210,4.905384,maxheight,2.2,
-73.943249,4.907580,maxheight,4.5,
-52.277535,4.918436,maxheight,2.4,
-73.997992,4.920785,maxheight,4.5,
-73.997379,4.920859,maxheight,4.5,
-52.282125,4.922447,maxheight,5.2,
-52.282067,4.922539,maxheight,5.2,
-52.322352,4.924003,maxheight,2.5,
-73.996802,4.924136,maxheight,4.5,
-73.997048,4.924314,maxheight,4.5,
-52.322122,4.924329,maxheight,3.6,
-52.322372,4.924488,maxheight,2.9,
-52.286025,4.925574,maxheight,4.5,
-52.319357,4.928474,maxweight,3.5,Rue Léonard Pauillac
-52.310849,4.929100,maxweight,5.5,Rue des Frères Bellony
-52.310164,4.929245,maxweight,5.5,Rue des Frères Bellony
-52.309256,4.929452,maxweight,5.5,Rue des Frères Bellony
-52.333578,4.931332,maxweight,30,
-73.984328,4.936270,maxheight,4.5,
-73.984261,4.936562,maxheight,4.5,
-52.314765,4.936597,maxheight,4.6,
-52.327769,4.936617,maxheight,5,Pont Berland
-73.963325,4.939236,maxheight,4.5,Vía Bogotá - Tunja
-73.964190,4.939520,maxheight,4.5,Vía Bogotá - Tunja
-73.959972,4.939787,maxheight,4.5,Vía Bogotá - Tunja
-73.960093,4.939896,maxheight,4.5,Calle 7
-73.960171,4.940025,maxheight,4.5,Vía Bogotá - Tunja
-73.959168,4.940429,maxheight,4.5,Vía Bogotá - Tunja
-73.957713,4.941894,maxheight,4.5,Vía Bogotá - Tunja
-73.961358,4.942034,maxheight,4.5,Carrera 5
-73.956868,4.942879,maxheight,4.5,Vía Bogotá - Tunja
-73.956488,4.943140,maxheight,4.5,Vía Bogotá - Tunja
-73.956120,4.943591,maxheight,4.5,Vía Bogotá - Tunja
-52.309260,4.943954,maxheight,4.8,
-73.938949,4.952389,maxheight,4.5,Vía Bogotá - Tunja
-73.938941,4.952512,maxheight,4.5,Vía Bogotá - Tunja
-73.914488,4.958244,maxheight,4.5,
-73.913766,4.958675,maxheight,4.5,
-73.914237,4.963805,maxheight,4.5,
-73.912429,4.964631,maxheight,4.5,
-73.377686,4.967090,maxweight,5,
-52.460481,5.003114,maxheight,4.7,
-73.807962,5.054268,maxheight,4.5,
-73.807560,5.054541,maxheight,4.5,
-52.669212,5.155960,maxheight,4,
-73.603865,5.205041,maxheight,4.5,Vía Bogotá - Tunja
-73.595874,5.214136,maxheight,4.5,Vía Bogotá - Tunja
-73.594286,5.215407,maxheight,4.5,
-73.594324,5.215572,maxheight,4.5,
-73.593372,5.219120,maxheight,4.5,Vía Bogotá - Tunja
-73.591111,5.224471,maxheight,4.5,
-73.591443,5.224647,maxheight,4.5,
-73.592465,5.227040,maxheight,4.5,Vía Bogotá - Tunja
-72.407422,5.326534,maxheight,5,
-72.407949,5.326602,maxheight,5,
-72.407349,5.327064,maxheight,5,
-72.407877,5.327132,maxheight,5,
-72.407538,5.327402,maxheight,5,
-73.363228,5.507449,maxheight,5.5,
-73.366061,5.518610,maxheight,4.5,
-73.366056,5.518802,maxheight,4.5,
-73.362158,5.524332,maxheight,4.5,
-73.362214,5.524442,maxheight,4.5,
-73.355553,5.534767,maxheight,4.5,
-73.355520,5.535254,maxheight,4.5,
-73.365955,5.536689,maxweight,3,Calle 22
-73.356348,5.540694,maxheight,4.5,
-73.356447,5.540840,maxheight,4.5,
-73.358219,5.543568,maxheight,4.9,Avenida Maldonado
-73.358354,5.543722,maxheight,4.9,Avenida Maldonado
-73.345846,5.566276,maxheight,4.5,
-73.345777,5.566609,maxheight,4.5,
-73.324404,5.591795,maxheight,4.5,Avenida Circunvalar de Tunja - Este
-73.324024,5.601860,maxheight,4.5,Avenida Circunvalar de Tunja - Este
-73.482364,5.668021,maxwidth,1,Broche
-72.995123,5.672769,maxweight,1,
-72.997920,5.678215,maxweight,1,
-73.437577,5.754308,maxheight,4,Avenida Central
-73.113376,5.781089,maxheight,4.5,Troncal Central del Norte
-73.083154,5.786924,maxheight,4.5,Troncal Central del Norte
-55.184050,5.800929,maxweight,120,Saronbrug
-73.035031,5.805374,maxheight,4.5,Carrera 42
-73.035013,5.805481,maxheight,4.5,Carrera 42
-73.032251,5.805998,maxheight,4.5,Carrera 42
-55.167825,5.817398,maxweight,8,Limesgracht
-55.181695,5.843433,maxweight,8,Munderweg
-57.154720,5.845020,maxheight,2.5,
-57.154699,5.845075,maxheight,2.5,
-73.965827,5.862350,maxheight,3,Calle 9
-73.966387,5.863134,maxheight,3,Carrera 7
-57.140275,5.880776,maxheight,4,
-73.061544,5.905001,maxwidth,1,Cercado De Alambre De Púas
-73.063406,5.906753,maxwidth,1,
-73.614182,5.926094,maxweight,20,Transversal del Carare
-58.303165,5.995614,maxweight,30,Wismar/MacKenzie Bridge
-58.303877,5.995761,maxweight,30,Wismar/MacKenzie Bridge
-58.304279,5.995844,maxweight,30,Wismar/MacKenzie Bridge
